# Blender 4.5.14 LTS
# www.blender.org
mtllib dadoAzul.mtl
o MP_DiceBlock_GEO
v -0.074684 0.012029 0.070699
v -0.070082 0.010123 0.070699
v -0.070082 0.012029 0.075302
v -0.070082 0.016632 0.077208
v -0.074684 0.016632 0.075302
v -0.076591 0.016632 0.070699
v -0.074684 0.156779 0.075302
v -0.070082 0.156779 0.077208
v -0.070082 0.161382 0.075302
v -0.070082 0.163288 0.070699
v -0.074684 0.161382 0.070699
v -0.076591 0.156779 0.070699
v -0.074684 0.161382 -0.069448
v -0.070082 0.163288 -0.069448
v -0.070082 0.161382 -0.074050
v -0.070082 0.156779 -0.075957
v -0.074684 0.156779 -0.074050
v -0.076591 0.156779 -0.069448
v -0.074684 0.016632 -0.074050
v -0.070082 0.016632 -0.075957
v -0.070082 0.012029 -0.074050
v -0.070082 0.010123 -0.069448
v -0.074684 0.012029 -0.069448
v -0.076591 0.016632 -0.069448
v 0.074668 0.012029 0.070699
v 0.076574 0.016632 0.070699
v 0.074668 0.016632 0.075302
v 0.070065 0.016632 0.077208
v 0.070065 0.012029 0.075302
v 0.070065 0.010123 0.070699
v 0.074668 0.156779 0.075302
v 0.076574 0.156779 0.070699
v 0.074668 0.161382 0.070699
v 0.070065 0.163288 0.070699
v 0.070065 0.161382 0.075302
v 0.070065 0.156779 0.077208
v 0.074668 0.161382 -0.069448
v 0.076574 0.156779 -0.069448
v 0.074668 0.156779 -0.074050
v 0.070065 0.156779 -0.075957
v 0.070065 0.161382 -0.074050
v 0.070065 0.163288 -0.069448
v 0.074668 0.016632 -0.074050
v 0.076574 0.016632 -0.069448
v 0.074668 0.012029 -0.069448
v 0.070065 0.010123 -0.069448
v 0.070065 0.012029 -0.074050
v 0.070065 0.016632 -0.075957
v -0.073839 0.012875 0.074456
v -0.073839 0.160536 0.074456
v -0.073839 0.160536 -0.073205
v -0.073839 0.012875 -0.073205
v 0.073822 0.012875 0.074456
v 0.073822 0.160536 0.074456
v 0.073822 0.160536 -0.073205
v 0.073822 0.012875 -0.073205
v -0.070082 0.029385 0.077208
v 0.070065 0.029385 0.077208
v 0.074668 0.029385 0.075302
v 0.076574 0.029385 0.070699
v 0.076574 0.029385 -0.069448
v 0.074668 0.029385 -0.074050
v 0.070065 0.029385 -0.075957
v -0.070082 0.029385 -0.075957
v -0.074684 0.029385 -0.074050
v -0.076591 0.029385 -0.069448
v -0.076591 0.029385 0.070699
v -0.074684 0.029385 0.075302
v 0.057312 0.016632 0.077208
v 0.057312 0.029385 0.077208
v 0.057312 0.156779 0.077208
v 0.057312 0.161382 0.075302
v 0.057312 0.163288 0.070699
v 0.057312 0.163288 -0.069448
v 0.057312 0.161382 -0.074050
v 0.057312 0.156779 -0.075957
v 0.057312 0.029385 -0.075957
v 0.057312 0.016632 -0.075957
v 0.057312 0.012029 -0.074051
v 0.057312 0.010123 -0.069448
v 0.057312 0.010123 0.070699
v 0.057312 0.012029 0.075302
v -0.076591 0.144026 0.070699
v -0.076591 0.144026 -0.069448
v -0.074684 0.144026 -0.074050
v -0.070082 0.144026 -0.075957
v 0.057312 0.144026 -0.075957
v 0.070065 0.144026 -0.075957
v 0.074668 0.144026 -0.074050
v 0.076574 0.144026 -0.069448
v 0.076574 0.144026 0.070699
v 0.074668 0.144026 0.075302
v 0.070065 0.144026 0.077208
v 0.057312 0.144026 0.077208
v -0.070082 0.144026 0.077208
v -0.074684 0.144026 0.075302
v -0.057329 0.010123 0.070699
v -0.057329 0.010123 -0.069448
v -0.057329 0.012029 -0.074050
v -0.057329 0.016632 -0.075957
v -0.057329 0.029385 -0.075957
v -0.057329 0.144026 -0.075957
v -0.057329 0.156779 -0.075957
v -0.057329 0.161382 -0.074050
v -0.057329 0.163288 -0.069448
v -0.057329 0.163288 0.070699
v -0.057329 0.161382 0.075302
v -0.057329 0.156779 0.077208
v -0.057329 0.144026 0.077208
v -0.057329 0.029385 0.077208
v -0.057329 0.016632 0.077208
v -0.057329 0.012029 0.075302
v -0.076591 0.016632 0.057946
v -0.076591 0.029385 0.057946
v -0.076591 0.144026 0.057946
v -0.076591 0.156779 0.057946
v -0.074684 0.161382 0.057946
v -0.070082 0.163288 0.057946
v -0.057329 0.163288 0.057946
v 0.057312 0.163288 0.057946
v 0.070065 0.163288 0.057946
v 0.074668 0.161382 0.057946
v 0.076574 0.156779 0.057946
v 0.076574 0.144026 0.057946
v 0.076574 0.029385 0.057946
v 0.076574 0.016632 0.057946
v 0.074668 0.012029 0.057946
v 0.070065 0.010123 0.057946
v 0.057312 0.010123 0.057946
v -0.057329 0.010123 0.057946
v -0.070082 0.010123 0.057946
v -0.074684 0.012029 0.057946
v -0.076591 0.156779 -0.056695
v -0.076591 0.144026 -0.056695
v -0.076591 0.029385 -0.056695
v -0.076591 0.016632 -0.056695
v -0.074684 0.012029 -0.056695
v -0.070082 0.010123 -0.056695
v -0.057329 0.010123 -0.056695
v 0.057312 0.010123 -0.056695
v 0.070065 0.010123 -0.056695
v 0.074668 0.012029 -0.056695
v 0.076574 0.016632 -0.056695
v 0.076574 0.029385 -0.056695
v 0.076574 0.144026 -0.056695
v 0.076574 0.156779 -0.056695
v 0.074668 0.161382 -0.056695
v 0.070065 0.163288 -0.056695
v 0.057312 0.163288 -0.056695
v -0.057329 0.163288 -0.056695
v -0.070082 0.163288 -0.056695
v -0.074684 0.161382 -0.056695
v -0.076591 0.016632 0.044776
v -0.076591 0.016632 0.045609
v -0.076591 0.156779 0.045609
v -0.076591 0.156779 0.044776
v -0.074684 0.161382 0.044776
v -0.074684 0.161382 0.045609
v -0.070082 0.163288 0.044776
v -0.070082 0.163288 0.045609
v 0.070065 0.163288 0.045609
v 0.070065 0.163288 0.044776
v 0.074668 0.161382 0.045609
v 0.074668 0.161382 0.044776
v 0.076574 0.156779 0.044776
v 0.076574 0.156779 0.045609
v 0.076574 0.016632 0.045609
v 0.076574 0.016632 0.044776
v 0.074668 0.012029 0.045609
v 0.074668 0.012029 0.044776
v 0.070065 0.010123 0.044776
v 0.070065 0.010123 0.045609
v -0.070082 0.010123 0.045609
v -0.070082 0.010123 0.044776
v -0.074684 0.012029 0.045609
v -0.074684 0.012029 0.044776
v -0.076591 0.016632 0.015898
v -0.076591 0.016632 0.015065
v -0.076591 0.156779 0.015898
v -0.076591 0.156779 0.015065
v -0.074684 0.161382 0.015065
v -0.074684 0.161382 0.015898
v -0.070082 0.163288 0.015065
v -0.070082 0.163288 0.015898
v 0.070065 0.163288 0.015898
v 0.070065 0.163288 0.015065
v 0.074668 0.161382 0.015898
v 0.074668 0.161382 0.015065
v 0.076574 0.156779 0.015065
v 0.076574 0.156779 0.015898
v 0.076574 0.016632 0.015898
v 0.076574 0.016632 0.015065
v 0.074668 0.012029 0.015898
v 0.074668 0.012029 0.015065
v 0.070065 0.010123 0.015065
v 0.070065 0.010123 0.015898
v -0.070082 0.010123 0.015898
v -0.070082 0.010123 0.015065
v -0.074684 0.012029 0.015898
v -0.074684 0.012029 0.015065
v -0.076591 0.016632 -0.013813
v -0.076591 0.016632 -0.014647
v -0.076591 0.156779 -0.013813
v -0.076591 0.156779 -0.014647
v -0.074684 0.161382 -0.014647
v -0.074684 0.161382 -0.013813
v -0.070082 0.163288 -0.014647
v -0.070082 0.163288 -0.013813
v 0.070065 0.163288 -0.013813
v 0.070065 0.163288 -0.014647
v 0.074668 0.161382 -0.013813
v 0.074668 0.161382 -0.014647
v 0.076574 0.156779 -0.014647
v 0.076574 0.156779 -0.013813
v 0.076574 0.016632 -0.013813
v 0.076574 0.016632 -0.014647
v 0.074668 0.012029 -0.013813
v 0.074668 0.012029 -0.014647
v 0.070065 0.010123 -0.014647
v 0.070065 0.010123 -0.013813
v -0.070082 0.010123 -0.013813
v -0.070082 0.010123 -0.014647
v -0.074684 0.012029 -0.013813
v -0.074684 0.012029 -0.014647
v -0.076591 0.016632 -0.043525
v -0.076591 0.016632 -0.044358
v -0.076591 0.156779 -0.043525
v -0.076591 0.156779 -0.044358
v -0.074684 0.161382 -0.044358
v -0.074684 0.161382 -0.043525
v -0.070082 0.163288 -0.044358
v -0.070082 0.163288 -0.043525
v 0.070065 0.163288 -0.043525
v 0.070065 0.163288 -0.044358
v 0.074668 0.161382 -0.043525
v 0.074668 0.161382 -0.044358
v 0.076574 0.156779 -0.044358
v 0.076574 0.156779 -0.043525
v 0.076574 0.016632 -0.043525
v 0.076574 0.016632 -0.044358
v 0.074668 0.012029 -0.043525
v 0.074668 0.012029 -0.044358
v 0.070065 0.010123 -0.044358
v 0.070065 0.010123 -0.043525
v -0.070082 0.010123 -0.043525
v -0.070082 0.010123 -0.044358
v -0.074684 0.012029 -0.043525
v -0.074684 0.012029 -0.044358
v -0.044159 0.010123 0.070699
v -0.044992 0.010123 0.070699
v -0.044992 0.010123 -0.069448
v -0.044159 0.010123 -0.069448
v -0.044159 0.012029 -0.074050
v -0.044992 0.012029 -0.074050
v -0.044159 0.016632 -0.075957
v -0.044992 0.016632 -0.075957
v -0.044992 0.156779 -0.075957
v -0.044159 0.156779 -0.075957
v -0.044159 0.161382 -0.074050
v -0.044992 0.161382 -0.074050
v -0.044159 0.163288 -0.069448
v -0.044992 0.163288 -0.069448
v -0.044992 0.163288 0.070699
v -0.044159 0.163288 0.070699
v -0.044159 0.161382 0.075302
v -0.044992 0.161382 0.075302
v -0.044159 0.156779 0.077208
v -0.044992 0.156779 0.077208
v -0.044992 0.016632 0.077208
v -0.044159 0.016632 0.077208
v -0.044159 0.012029 0.075302
v -0.044992 0.012029 0.075302
v -0.015280 0.010123 0.070699
v -0.014447 0.010123 0.070699
v -0.015280 0.010123 -0.069448
v -0.014447 0.010123 -0.069448
v -0.014447 0.012029 -0.074050
v -0.015280 0.012029 -0.074050
v -0.014447 0.016632 -0.075957
v -0.015280 0.016632 -0.075957
v -0.015280 0.156779 -0.075957
v -0.014447 0.156779 -0.075957
v -0.014447 0.161382 -0.074050
v -0.015280 0.161382 -0.074050
v -0.014447 0.163288 -0.069448
v -0.015280 0.163288 -0.069448
v -0.015280 0.163288 0.070699
v -0.014447 0.163288 0.070699
v -0.014447 0.161382 0.075302
v -0.015280 0.161382 0.075302
v -0.014447 0.156779 0.077208
v -0.015280 0.156779 0.077208
v -0.015280 0.016632 0.077208
v -0.014447 0.016632 0.077208
v -0.014447 0.012029 0.075302
v -0.015280 0.012029 0.075302
v 0.014431 0.010123 0.070699
v 0.015264 0.010123 0.070699
v 0.014431 0.010123 -0.069448
v 0.015264 0.010123 -0.069448
v 0.015264 0.012029 -0.074050
v 0.014431 0.012029 -0.074050
v 0.015264 0.016632 -0.075957
v 0.014431 0.016632 -0.075957
v 0.014431 0.156779 -0.075957
v 0.015264 0.156779 -0.075957
v 0.015264 0.161382 -0.074050
v 0.014431 0.161382 -0.074050
v 0.015264 0.163288 -0.069448
v 0.014431 0.163288 -0.069448
v 0.014431 0.163288 0.070699
v 0.015264 0.163288 0.070699
v 0.015264 0.161382 0.075302
v 0.014431 0.161382 0.075302
v 0.015264 0.156779 0.077208
v 0.014431 0.156779 0.077208
v 0.014431 0.016632 0.077208
v 0.015264 0.016632 0.077208
v 0.015264 0.012029 0.075302
v 0.014431 0.012029 0.075302
v 0.044142 0.010123 0.070699
v 0.044975 0.010123 0.070699
v 0.044142 0.010123 -0.069448
v 0.044975 0.010123 -0.069448
v 0.044975 0.012029 -0.074050
v 0.044142 0.012029 -0.074050
v 0.044975 0.016632 -0.075957
v 0.044142 0.016632 -0.075957
v 0.044142 0.156779 -0.075957
v 0.044975 0.156779 -0.075957
v 0.044975 0.161382 -0.074050
v 0.044142 0.161382 -0.074050
v 0.044975 0.163288 -0.069448
v 0.044142 0.163288 -0.069448
v 0.044142 0.163288 0.070699
v 0.044975 0.163288 0.070699
v 0.044975 0.161382 0.075302
v 0.044142 0.161382 0.075302
v 0.044975 0.156779 0.077208
v 0.044142 0.156779 0.077208
v 0.044142 0.016632 0.077208
v 0.044975 0.016632 0.077208
v 0.044975 0.012029 0.075302
v 0.044142 0.012029 0.075302
v 0.074668 0.042555 -0.074050
v 0.074668 0.041722 -0.074050
v 0.070065 0.042555 -0.075957
v 0.070065 0.041722 -0.075957
v -0.070082 0.041722 -0.075957
v -0.070082 0.042555 -0.075957
v -0.074684 0.041722 -0.074050
v -0.074684 0.042555 -0.074050
v -0.076591 0.042555 -0.069448
v -0.076591 0.041722 -0.069448
v -0.076591 0.041722 0.070699
v -0.076591 0.042555 0.070699
v -0.074684 0.042555 0.075302
v -0.074684 0.041722 0.075302
v -0.070082 0.042555 0.077208
v -0.070082 0.041722 0.077208
v 0.070065 0.041722 0.077208
v 0.070065 0.042555 0.077208
v 0.074668 0.041722 0.075302
v 0.074668 0.042555 0.075302
v 0.076574 0.042555 0.070699
v 0.076574 0.041722 0.070699
v 0.074668 0.071433 -0.074051
v 0.074668 0.072266 -0.074051
v 0.070065 0.072266 -0.075957
v 0.070065 0.071433 -0.075957
v -0.070082 0.071433 -0.075957
v -0.070082 0.072266 -0.075957
v -0.074684 0.071433 -0.074050
v -0.074684 0.072266 -0.074050
v -0.076591 0.072266 -0.069448
v -0.076591 0.071433 -0.069448
v -0.076591 0.071433 0.070699
v -0.076591 0.072266 0.070699
v -0.074684 0.072266 0.075302
v -0.074684 0.071433 0.075302
v -0.070082 0.072266 0.077208
v -0.070082 0.071433 0.077208
v 0.070065 0.071433 0.077208
v 0.070065 0.072266 0.077208
v 0.074668 0.071433 0.075302
v 0.074668 0.072266 0.075302
v 0.076574 0.072266 0.070699
v 0.076574 0.071433 0.070699
v 0.074668 0.101145 -0.074050
v 0.074668 0.101978 -0.074050
v 0.070065 0.101978 -0.075957
v 0.070065 0.101145 -0.075957
v -0.070082 0.101145 -0.075957
v -0.070082 0.101978 -0.075957
v -0.074684 0.101145 -0.074050
v -0.074684 0.101978 -0.074050
v -0.076591 0.101978 -0.069448
v -0.076591 0.101145 -0.069448
v -0.076591 0.101145 0.070699
v -0.076591 0.101978 0.070699
v -0.074684 0.101978 0.075302
v -0.074684 0.101145 0.075302
v -0.070082 0.101978 0.077208
v -0.070082 0.101145 0.077208
v 0.070065 0.101145 0.077208
v 0.070065 0.101978 0.077208
v 0.074668 0.101145 0.075302
v 0.074668 0.101978 0.075302
v 0.076574 0.101978 0.070699
v 0.076574 0.101145 0.070699
v 0.074668 0.130856 -0.074050
v 0.074668 0.131689 -0.074050
v 0.070065 0.131689 -0.075957
v 0.070065 0.130856 -0.075957
v -0.070082 0.130856 -0.075957
v -0.070082 0.131689 -0.075957
v -0.074684 0.130856 -0.074050
v -0.074684 0.131689 -0.074050
v -0.076591 0.131689 -0.069448
v -0.076591 0.130856 -0.069448
v -0.076591 0.130856 0.070699
v -0.076591 0.131689 0.070699
v -0.074684 0.131689 0.075302
v -0.074684 0.130856 0.075302
v -0.070082 0.131689 0.077208
v -0.070082 0.130856 0.077208
v 0.070065 0.130856 0.077208
v 0.070065 0.131689 0.077208
v 0.074668 0.130856 0.075302
v 0.074668 0.131689 0.075302
v 0.076574 0.131689 0.070699
v 0.076574 0.130856 0.070699
v 0.076574 0.130856 -0.069448
v 0.076574 0.131689 -0.069448
v 0.076574 0.101145 -0.069448
v 0.076574 0.101978 -0.069448
v 0.076574 0.071433 -0.069448
v 0.076574 0.072266 -0.069448
v 0.076574 0.041722 -0.069448
v 0.076574 0.042555 -0.069448
v 0.067869 0.130856 -0.056695
v 0.067869 0.131689 -0.056376
v 0.067869 0.143707 -0.044358
v 0.067869 0.144026 -0.043525
v 0.067869 0.144026 -0.014647
v 0.067869 0.144026 -0.013813
v 0.067869 0.144026 0.015065
v 0.067869 0.144026 0.015898
v 0.067869 0.144026 0.044776
v 0.067869 0.143707 0.045609
v 0.067869 0.131689 0.057627
v 0.067869 0.130856 0.057946
v 0.067869 0.101978 0.057946
v 0.067869 0.101145 0.057946
v 0.067869 0.072266 0.057946
v 0.067869 0.071433 0.057946
v 0.067869 0.042555 0.057946
v 0.067869 0.041722 0.057627
v 0.067869 0.029704 0.045609
v 0.067869 0.029385 0.044776
v 0.067869 0.029385 0.015898
v 0.067869 0.029385 0.015065
v 0.067869 0.029385 -0.013813
v 0.067869 0.029385 -0.014647
v 0.067869 0.029385 -0.043525
v 0.067869 0.029704 -0.044358
v 0.067869 0.041722 -0.056376
v 0.067869 0.042555 -0.056695
v 0.067869 0.071433 -0.056695
v 0.067869 0.072266 -0.056695
v 0.067869 0.101145 -0.056695
v 0.067869 0.101978 -0.056695
v 0.044142 0.018829 -0.056695
v 0.044975 0.018829 -0.056376
v 0.056993 0.018829 -0.044358
v 0.057312 0.018829 -0.043525
v 0.057312 0.018829 -0.014647
v 0.057312 0.018829 -0.013813
v 0.057312 0.018829 0.015065
v 0.057312 0.018829 0.015898
v 0.057312 0.018829 0.044776
v 0.056993 0.018829 0.045609
v 0.044975 0.018829 0.057627
v 0.044142 0.018829 0.057946
v 0.015264 0.018829 0.057946
v 0.014431 0.018829 0.057946
v -0.014447 0.018829 0.057946
v -0.015280 0.018829 0.057946
v -0.044159 0.018829 0.057946
v -0.044992 0.018829 0.057627
v -0.057010 0.018829 0.045609
v -0.057329 0.018829 0.044776
v -0.057329 0.018829 0.015898
v -0.057329 0.018829 0.015065
v -0.057329 0.018829 -0.013813
v -0.057329 0.018829 -0.014647
v -0.057329 0.018829 -0.043525
v -0.057010 0.018829 -0.044358
v -0.044992 0.018829 -0.056376
v -0.044159 0.018829 -0.056695
v -0.015280 0.018829 -0.056695
v -0.014447 0.018829 -0.056695
v 0.014431 0.018829 -0.056695
v 0.015264 0.018829 -0.056695
v 0.057312 0.130856 0.068503
v 0.056993 0.131689 0.068503
v 0.044975 0.143707 0.068503
v 0.044142 0.144026 0.068503
v 0.015264 0.144026 0.068503
v 0.014431 0.144026 0.068503
v -0.014447 0.144026 0.068503
v -0.015280 0.144026 0.068503
v -0.044159 0.144026 0.068503
v -0.044992 0.143707 0.068503
v -0.057010 0.131689 0.068503
v -0.057329 0.130856 0.068503
v -0.057329 0.101978 0.068503
v -0.057329 0.101145 0.068503
v -0.057329 0.072266 0.068503
v -0.057329 0.071433 0.068503
v -0.057329 0.042555 0.068503
v -0.057010 0.041722 0.068503
v -0.044992 0.029704 0.068503
v -0.044159 0.029385 0.068503
v -0.015280 0.029385 0.068503
v -0.014447 0.029385 0.068503
v 0.014431 0.029385 0.068503
v 0.015264 0.029385 0.068503
v 0.044142 0.029385 0.068503
v 0.044975 0.029704 0.068503
v 0.056993 0.041722 0.068503
v 0.057312 0.042555 0.068503
v 0.057312 0.071433 0.068503
v 0.057312 0.072266 0.068503
v 0.057312 0.101145 0.068503
v 0.057312 0.101978 0.068503
v -0.067885 0.130856 0.057946
v -0.067885 0.131689 0.057627
v -0.067885 0.143707 0.045609
v -0.067885 0.144026 0.044776
v -0.067885 0.144026 0.015898
v -0.067885 0.144026 0.015065
v -0.067885 0.144026 -0.013813
v -0.067885 0.144026 -0.014647
v -0.067885 0.144026 -0.043525
v -0.067885 0.143707 -0.044358
v -0.067885 0.131689 -0.056376
v -0.067885 0.130856 -0.056695
v -0.067885 0.101978 -0.056695
v -0.067885 0.101145 -0.056695
v -0.067885 0.072266 -0.056695
v -0.067885 0.071433 -0.056695
v -0.067885 0.042555 -0.056695
v -0.067885 0.041722 -0.056376
v -0.067885 0.029704 -0.044358
v -0.067885 0.029385 -0.043525
v -0.067885 0.029385 -0.014647
v -0.067885 0.029385 -0.013813
v -0.067885 0.029385 0.015065
v -0.067885 0.029385 0.015898
v -0.067885 0.029385 0.044776
v -0.067885 0.029704 0.045609
v -0.067885 0.041722 0.057627
v -0.067885 0.042555 0.057946
v -0.067885 0.071433 0.057946
v -0.067885 0.072266 0.057946
v -0.067885 0.101145 0.057946
v -0.067885 0.101978 0.057946
v 0.044142 0.154583 0.057946
v 0.044975 0.154583 0.057627
v 0.056993 0.154583 0.045609
v 0.057312 0.154583 0.044776
v 0.057312 0.154583 0.015898
v 0.057312 0.154583 0.015065
v 0.057312 0.154583 -0.013813
v 0.057312 0.154583 -0.014647
v 0.057312 0.154583 -0.043525
v 0.056993 0.154583 -0.044358
v 0.044975 0.154583 -0.056376
v 0.044142 0.154583 -0.056695
v 0.015264 0.154583 -0.056695
v 0.014431 0.154583 -0.056695
v -0.014447 0.154583 -0.056695
v -0.015280 0.154583 -0.056695
v -0.044159 0.154583 -0.056695
v -0.044992 0.154583 -0.056376
v -0.057010 0.154583 -0.044358
v -0.057329 0.154583 -0.043525
v -0.057329 0.154583 -0.014647
v -0.057329 0.154583 -0.013813
v -0.057329 0.154583 0.015065
v -0.057329 0.154583 0.015898
v -0.057329 0.154582 0.044776
v -0.057010 0.154582 0.045609
v -0.044992 0.154582 0.057627
v -0.044159 0.154582 0.057946
v -0.015280 0.154583 0.057946
v -0.014447 0.154583 0.057946
v 0.014431 0.154583 0.057946
v 0.015264 0.154583 0.057946
v -0.057329 0.130856 -0.067251
v -0.057010 0.131689 -0.067251
v -0.044992 0.143707 -0.067251
v -0.044159 0.144026 -0.067251
v -0.015280 0.144026 -0.067251
v -0.014447 0.144026 -0.067251
v 0.014431 0.144026 -0.067251
v 0.015264 0.144026 -0.067251
v 0.044142 0.144026 -0.067251
v 0.044975 0.143707 -0.067251
v 0.056993 0.131689 -0.067251
v 0.057312 0.130856 -0.067251
v 0.057312 0.101978 -0.067251
v 0.057312 0.101145 -0.067251
v 0.057312 0.072266 -0.067251
v 0.057312 0.071433 -0.067251
v 0.057312 0.042555 -0.067251
v 0.056993 0.041722 -0.067251
v 0.044975 0.029704 -0.067251
v 0.044142 0.029385 -0.067251
v 0.015264 0.029385 -0.067251
v 0.014431 0.029385 -0.067251
v -0.014447 0.029385 -0.067251
v -0.015280 0.029385 -0.067251
v -0.044159 0.029385 -0.067251
v -0.044992 0.029704 -0.067251
v -0.057010 0.041722 -0.067251
v -0.057329 0.042555 -0.067251
v -0.057329 0.071433 -0.067251
v -0.057329 0.072266 -0.067251
v -0.057329 0.101145 -0.067251
v -0.057329 0.101978 -0.067251
v -0.075728 0.016804 0.044776
v -0.075728 0.016804 0.045609
v -0.074098 0.012616 0.044776
v -0.074098 0.012616 0.045609
v -0.067876 0.028845 0.045609
v -0.067876 0.028526 0.044776
v -0.069910 0.010986 0.045609
v -0.069910 0.010986 0.044776
v -0.058187 0.018838 0.044776
v -0.057869 0.018838 0.045609
v -0.075728 0.156607 0.045609
v -0.075728 0.156607 0.044776
v -0.074098 0.160795 0.045609
v -0.074098 0.160795 0.044776
v -0.069910 0.162425 0.045609
v -0.069910 0.162425 0.044776
v -0.057869 0.154573 0.045609
v -0.058187 0.154573 0.044776
v -0.067876 0.144885 0.044776
v -0.067876 0.144566 0.045609
v 0.069894 0.162425 0.045609
v 0.069894 0.162425 0.044776
v 0.074082 0.160795 0.045609
v 0.074082 0.160795 0.044776
v 0.075711 0.156607 0.045609
v 0.075711 0.156607 0.044776
v 0.067860 0.144566 0.045609
v 0.067860 0.144885 0.044776
v 0.058171 0.154573 0.044776
v 0.057852 0.154573 0.045609
v 0.075711 0.016804 0.045609
v 0.075711 0.016804 0.044776
v 0.074082 0.012616 0.045609
v 0.074082 0.012616 0.044776
v 0.069894 0.010986 0.045609
v 0.069894 0.010986 0.044776
v 0.057852 0.018838 0.045609
v 0.058171 0.018838 0.044776
v 0.067860 0.028526 0.044776
v 0.067860 0.028845 0.045609
v -0.075728 0.016804 0.015898
v -0.075728 0.016804 0.015065
v -0.074098 0.012616 0.015065
v -0.074098 0.012616 0.015898
v -0.067885 0.028488 0.015898
v -0.067885 0.028488 0.015065
v -0.069910 0.010986 0.015898
v -0.069910 0.010986 0.015065
v -0.058226 0.018829 0.015065
v -0.058226 0.018829 0.015898
v -0.075728 0.156607 0.015898
v -0.075728 0.156607 0.015065
v -0.074098 0.160795 0.015898
v -0.074098 0.160795 0.015065
v -0.069910 0.162425 0.015898
v -0.069910 0.162425 0.015065
v -0.058226 0.154583 0.015898
v -0.058226 0.154583 0.015065
v -0.067885 0.144923 0.015065
v -0.067885 0.144923 0.015898
v 0.069894 0.162425 0.015898
v 0.069894 0.162425 0.015065
v 0.074082 0.160795 0.015898
v 0.074082 0.160795 0.015065
v 0.075711 0.156607 0.015898
v 0.075711 0.156607 0.015065
v 0.067869 0.144923 0.015898
v 0.067869 0.144923 0.015065
v 0.058209 0.154583 0.015065
v 0.058209 0.154583 0.015898
v 0.075711 0.016804 0.015898
v 0.075711 0.016804 0.015065
v 0.074082 0.012616 0.015898
v 0.074082 0.012616 0.015065
v 0.069894 0.010986 0.015898
v 0.069894 0.010986 0.015065
v 0.058209 0.018829 0.015898
v 0.058209 0.018829 0.015065
v 0.067869 0.028488 0.015065
v 0.067869 0.028488 0.015898
v -0.075728 0.016804 -0.013813
v -0.075728 0.016804 -0.014647
v -0.074098 0.012616 -0.014647
v -0.074098 0.012616 -0.013813
v -0.067885 0.028488 -0.013813
v -0.067885 0.028488 -0.014647
v -0.069910 0.010986 -0.013813
v -0.069910 0.010986 -0.014647
v -0.058226 0.018829 -0.014647
v -0.058226 0.018829 -0.013813
v -0.075728 0.156607 -0.013813
v -0.075728 0.156607 -0.014647
v -0.074098 0.160795 -0.013813
v -0.074098 0.160795 -0.014647
v -0.069910 0.162425 -0.013813
v -0.069910 0.162425 -0.014647
v -0.058226 0.154583 -0.013813
v -0.058226 0.154583 -0.014647
v -0.067885 0.144923 -0.014647
v -0.067885 0.144923 -0.013813
v 0.069894 0.162425 -0.013813
v 0.069894 0.162425 -0.014647
v 0.074081 0.160795 -0.013813
v 0.074081 0.160795 -0.014647
v 0.075711 0.156607 -0.013813
v 0.075711 0.156607 -0.014647
v 0.067869 0.144923 -0.013813
v 0.067869 0.144923 -0.014647
v 0.058209 0.154583 -0.014647
v 0.058209 0.154583 -0.013813
v 0.075711 0.016804 -0.013813
v 0.075711 0.016804 -0.014647
v 0.074082 0.012616 -0.013813
v 0.074082 0.012616 -0.014647
v 0.069894 0.010986 -0.013813
v 0.069894 0.010986 -0.014647
v 0.058209 0.018829 -0.013813
v 0.058209 0.018829 -0.014647
v 0.067869 0.028488 -0.014647
v 0.067869 0.028488 -0.013813
v -0.075728 0.016804 -0.043525
v -0.075728 0.016804 -0.044358
v -0.074098 0.012616 -0.044358
v -0.074098 0.012616 -0.043525
v -0.067876 0.028526 -0.043525
v -0.067876 0.028845 -0.044358
v -0.069910 0.010986 -0.043525
v -0.069910 0.010986 -0.044358
v -0.057869 0.018838 -0.044358
v -0.058187 0.018838 -0.043525
v -0.075728 0.156607 -0.043525
v -0.075728 0.156607 -0.044358
v -0.074098 0.160795 -0.043525
v -0.074098 0.160795 -0.044358
v -0.069910 0.162425 -0.043525
v -0.069910 0.162425 -0.044358
v -0.058187 0.154573 -0.043525
v -0.057869 0.154573 -0.044358
v -0.067876 0.144566 -0.044358
v -0.067876 0.144885 -0.043525
v 0.069894 0.162425 -0.043525
v 0.069894 0.162425 -0.044358
v 0.074082 0.160795 -0.043525
v 0.074082 0.160795 -0.044358
v 0.075711 0.156607 -0.043525
v 0.075711 0.156607 -0.044358
v 0.067860 0.144885 -0.043525
v 0.067860 0.144566 -0.044358
v 0.057852 0.154573 -0.044358
v 0.058171 0.154573 -0.043525
v 0.075711 0.016804 -0.043525
v 0.075711 0.016804 -0.044358
v 0.074082 0.012616 -0.043525
v 0.074082 0.012616 -0.044358
v 0.069894 0.010986 -0.043525
v 0.069894 0.010986 -0.044358
v 0.058171 0.018838 -0.043525
v 0.057852 0.018838 -0.044358
v 0.067860 0.028845 -0.044358
v 0.067860 0.028526 -0.043525
v -0.044159 0.010986 0.070528
v -0.044992 0.010986 0.070528
v -0.044159 0.012616 0.074715
v -0.044992 0.012616 0.074715
v -0.044992 0.018838 0.058486
v -0.044159 0.018838 0.058805
v -0.044992 0.016804 0.076345
v -0.044159 0.016804 0.076345
v -0.044159 0.028526 0.068494
v -0.044992 0.028845 0.068494
v -0.044992 0.010986 -0.069276
v -0.044159 0.010986 -0.069276
v -0.044992 0.012616 -0.073464
v -0.044159 0.012616 -0.073464
v -0.044992 0.016804 -0.075094
v -0.044159 0.016804 -0.075094
v -0.044992 0.028845 -0.067242
v -0.044159 0.028526 -0.067242
v -0.044159 0.018838 -0.057553
v -0.044992 0.018838 -0.057235
v -0.044992 0.156607 -0.075094
v -0.044159 0.156607 -0.075094
v -0.044992 0.160795 -0.073464
v -0.044159 0.160795 -0.073464
v -0.044992 0.162425 -0.069276
v -0.044159 0.162425 -0.069276
v -0.044992 0.154573 -0.057235
v -0.044159 0.154573 -0.057553
v -0.044159 0.144885 -0.067242
v -0.044992 0.144566 -0.067242
v -0.044992 0.162425 0.070528
v -0.044159 0.162425 0.070528
v -0.044992 0.160795 0.074715
v -0.044159 0.160795 0.074715
v -0.044992 0.156607 0.076345
v -0.044159 0.156607 0.076345
v -0.044992 0.144566 0.068494
v -0.044159 0.144885 0.068494
v -0.044159 0.154573 0.058805
v -0.044992 0.154573 0.058486
v -0.015280 0.010986 0.070528
v -0.014447 0.010986 0.070528
v -0.014447 0.012616 0.074715
v -0.015280 0.012616 0.074715
v -0.015280 0.018829 0.058843
v -0.014447 0.018829 0.058843
v -0.015280 0.016804 0.076345
v -0.014447 0.016804 0.076345
v -0.014447 0.028488 0.068503
v -0.015280 0.028488 0.068503
v -0.015280 0.010986 -0.069276
v -0.014447 0.010986 -0.069276
v -0.015280 0.012616 -0.073464
v -0.014447 0.012616 -0.073464
v -0.015280 0.016804 -0.075094
v -0.014447 0.016804 -0.075094
v -0.015280 0.028488 -0.067251
v -0.014447 0.028488 -0.067251
v -0.014447 0.018829 -0.057592
v -0.015280 0.018829 -0.057592
v -0.015280 0.156607 -0.075094
v -0.014447 0.156607 -0.075094
v -0.015280 0.160795 -0.073464
v -0.014447 0.160795 -0.073464
v -0.015280 0.162425 -0.069276
v -0.014447 0.162425 -0.069276
v -0.015280 0.154583 -0.057592
v -0.014447 0.154583 -0.057592
v -0.014447 0.144923 -0.067251
v -0.015280 0.144923 -0.067251
v -0.015280 0.162425 0.070528
v -0.014447 0.162425 0.070528
v -0.015280 0.160795 0.074715
v -0.014447 0.160795 0.074715
v -0.015280 0.156607 0.076345
v -0.014447 0.156607 0.076345
v -0.015280 0.144923 0.068503
v -0.014447 0.144923 0.068503
v -0.014447 0.154583 0.058843
v -0.015280 0.154583 0.058843
v 0.014431 0.010986 0.070528
v 0.015264 0.010986 0.070528
v 0.015264 0.012616 0.074715
v 0.014431 0.012616 0.074715
v 0.014431 0.018829 0.058843
v 0.015264 0.018829 0.058843
v 0.014431 0.016804 0.076345
v 0.015264 0.016804 0.076345
v 0.015264 0.028488 0.068503
v 0.014431 0.028488 0.068503
v 0.014431 0.010986 -0.069276
v 0.015264 0.010986 -0.069276
v 0.014431 0.012616 -0.073464
v 0.015264 0.012616 -0.073464
v 0.014431 0.016804 -0.075094
v 0.015264 0.016804 -0.075094
v 0.014431 0.028488 -0.067251
v 0.015264 0.028488 -0.067251
v 0.015264 0.018829 -0.057592
v 0.014431 0.018829 -0.057592
v 0.014431 0.156607 -0.075094
v 0.015264 0.156607 -0.075094
v 0.014431 0.160795 -0.073464
v 0.015264 0.160795 -0.073464
v 0.014431 0.162425 -0.069276
v 0.015264 0.162425 -0.069276
v 0.014431 0.154583 -0.057592
v 0.015264 0.154583 -0.057592
v 0.015264 0.144923 -0.067251
v 0.014431 0.144923 -0.067251
v 0.014431 0.162425 0.070528
v 0.015264 0.162425 0.070528
v 0.014431 0.160795 0.074715
v 0.015264 0.160795 0.074715
v 0.014431 0.156607 0.076345
v 0.015264 0.156607 0.076345
v 0.014431 0.144923 0.068503
v 0.015264 0.144923 0.068503
v 0.015264 0.154583 0.058843
v 0.014431 0.154583 0.058843
v 0.044142 0.010986 0.070528
v 0.044975 0.010986 0.070528
v 0.044975 0.012616 0.074715
v 0.044142 0.012616 0.074715
v 0.044142 0.018838 0.058805
v 0.044975 0.018838 0.058486
v 0.044142 0.016804 0.076345
v 0.044975 0.016804 0.076345
v 0.044975 0.028845 0.068494
v 0.044142 0.028526 0.068494
v 0.044142 0.010986 -0.069276
v 0.044975 0.010986 -0.069276
v 0.044142 0.012616 -0.073464
v 0.044975 0.012616 -0.073464
v 0.044142 0.016804 -0.075094
v 0.044975 0.016804 -0.075094
v 0.044142 0.028526 -0.067242
v 0.044975 0.028845 -0.067242
v 0.044975 0.018838 -0.057235
v 0.044142 0.018838 -0.057553
v 0.044142 0.156607 -0.075094
v 0.044975 0.156607 -0.075094
v 0.044142 0.160795 -0.073464
v 0.044975 0.160795 -0.073464
v 0.044142 0.162425 -0.069276
v 0.044975 0.162425 -0.069276
v 0.044142 0.154573 -0.057553
v 0.044975 0.154573 -0.057235
v 0.044975 0.144566 -0.067242
v 0.044142 0.144885 -0.067242
v 0.044142 0.162425 0.070528
v 0.044975 0.162425 0.070528
v 0.044142 0.160795 0.074715
v 0.044975 0.160795 0.074715
v 0.044142 0.156607 0.076345
v 0.044975 0.156607 0.076345
v 0.044142 0.144885 0.068494
v 0.044975 0.144566 0.068494
v 0.044975 0.154573 0.058486
v 0.044142 0.154573 0.058805
v 0.074082 0.042555 -0.073464
v 0.074082 0.041722 -0.073464
v 0.069894 0.041722 -0.075094
v 0.069894 0.042555 -0.075094
v 0.075711 0.042555 -0.069276
v 0.075711 0.041722 -0.069276
v 0.057852 0.041722 -0.067242
v 0.058171 0.042555 -0.067242
v 0.067860 0.042555 -0.057553
v 0.067860 0.041722 -0.057235
v -0.069910 0.041722 -0.075094
v -0.069910 0.042555 -0.075094
v -0.074098 0.041722 -0.073464
v -0.074098 0.042555 -0.073464
v -0.075728 0.041722 -0.069276
v -0.075728 0.042555 -0.069276
v -0.067876 0.041722 -0.057235
v -0.067876 0.042555 -0.057553
v -0.058187 0.042555 -0.067242
v -0.057869 0.041722 -0.067242
v -0.075728 0.041722 0.070528
v -0.075728 0.042555 0.070528
v -0.074098 0.041722 0.074715
v -0.074098 0.042555 0.074715
v -0.069910 0.041722 0.076345
v -0.069910 0.042555 0.076345
v -0.057869 0.041722 0.068494
v -0.058187 0.042555 0.068494
v -0.067876 0.042555 0.058805
v -0.067876 0.041722 0.058486
v 0.069894 0.041722 0.076345
v 0.069894 0.042555 0.076345
v 0.074082 0.041722 0.074715
v 0.074082 0.042555 0.074715
v 0.075711 0.041722 0.070528
v 0.075711 0.042555 0.070528
v 0.067860 0.041722 0.058486
v 0.067860 0.042555 0.058805
v 0.058171 0.042555 0.068494
v 0.057852 0.041722 0.068494
v 0.074082 0.071433 -0.073464
v 0.074082 0.072266 -0.073464
v 0.075711 0.072266 -0.069276
v 0.075711 0.071433 -0.069276
v 0.069894 0.071433 -0.075094
v 0.069894 0.072266 -0.075094
v 0.058209 0.071433 -0.067251
v 0.058209 0.072266 -0.067251
v 0.067869 0.072266 -0.057592
v 0.067869 0.071433 -0.057592
v -0.069910 0.071433 -0.075094
v -0.069910 0.072266 -0.075094
v -0.074098 0.071433 -0.073464
v -0.074098 0.072266 -0.073464
v -0.075728 0.071433 -0.069276
v -0.075728 0.072266 -0.069276
v -0.067885 0.071433 -0.057592
v -0.067885 0.072266 -0.057592
v -0.058226 0.072266 -0.067251
v -0.058226 0.071433 -0.067251
v -0.075728 0.071433 0.070528
v -0.075728 0.072266 0.070528
v -0.074098 0.071433 0.074715
v -0.074098 0.072266 0.074715
v -0.069910 0.071433 0.076345
v -0.069910 0.072266 0.076345
v -0.058226 0.071433 0.068503
v -0.058226 0.072266 0.068503
v -0.067885 0.072266 0.058843
v -0.067885 0.071433 0.058843
v 0.069894 0.071433 0.076345
v 0.069894 0.072266 0.076345
v 0.074082 0.071433 0.074715
v 0.074082 0.072266 0.074715
v 0.075711 0.071433 0.070528
v 0.075711 0.072266 0.070528
v 0.067869 0.071433 0.058843
v 0.067869 0.072266 0.058843
v 0.058209 0.072266 0.068503
v 0.058209 0.071433 0.068503
v 0.074082 0.101145 -0.073464
v 0.074082 0.101978 -0.073464
v 0.075711 0.101978 -0.069276
v 0.075711 0.101145 -0.069276
v 0.069894 0.101145 -0.075094
v 0.069894 0.101978 -0.075094
v 0.058209 0.101145 -0.067251
v 0.058209 0.101978 -0.067251
v 0.067869 0.101978 -0.057592
v 0.067869 0.101145 -0.057592
v -0.069910 0.101145 -0.075094
v -0.069910 0.101978 -0.075094
v -0.074098 0.101145 -0.073464
v -0.074098 0.101978 -0.073464
v -0.075728 0.101145 -0.069276
v -0.075728 0.101978 -0.069276
v -0.067885 0.101145 -0.057592
v -0.067885 0.101978 -0.057592
v -0.058226 0.101978 -0.067251
v -0.058226 0.101145 -0.067251
v -0.075728 0.101145 0.070528
v -0.075728 0.101978 0.070528
v -0.074098 0.101145 0.074715
v -0.074098 0.101978 0.074715
v -0.069910 0.101145 0.076345
v -0.069910 0.101978 0.076345
v -0.058226 0.101145 0.068503
v -0.058226 0.101978 0.068503
v -0.067885 0.101978 0.058843
v -0.067885 0.101145 0.058843
v 0.069894 0.101145 0.076345
v 0.069894 0.101978 0.076345
v 0.074082 0.101145 0.074715
v 0.074082 0.101978 0.074715
v 0.075711 0.101145 0.070528
v 0.075711 0.101978 0.070528
v 0.067869 0.101145 0.058843
v 0.067869 0.101978 0.058843
v 0.058209 0.101978 0.068503
v 0.058209 0.101145 0.068503
v 0.074081 0.130856 -0.073464
v 0.074081 0.131689 -0.073464
v 0.075711 0.131689 -0.069276
v 0.075711 0.130856 -0.069276
v 0.069894 0.130856 -0.075094
v 0.069894 0.131689 -0.075094
v 0.058171 0.130856 -0.067242
v 0.057852 0.131689 -0.067242
v 0.067860 0.131689 -0.057235
v 0.067860 0.130856 -0.057553
v -0.069910 0.130856 -0.075094
v -0.069910 0.131689 -0.075094
v -0.074098 0.130856 -0.073464
v -0.074098 0.131689 -0.073464
v -0.075728 0.130856 -0.069276
v -0.075728 0.131689 -0.069276
v -0.067876 0.130856 -0.057553
v -0.067876 0.131689 -0.057235
v -0.057869 0.131689 -0.067242
v -0.058187 0.130856 -0.067242
v -0.075728 0.130856 0.070528
v -0.075728 0.131689 0.070528
v -0.074098 0.130856 0.074715
v -0.074098 0.131689 0.074715
v -0.069910 0.130856 0.076345
v -0.069910 0.131689 0.076345
v -0.058187 0.130856 0.068494
v -0.057869 0.131689 0.068494
v -0.067876 0.131689 0.058486
v -0.067876 0.130856 0.058805
v 0.069894 0.130856 0.076345
v 0.069894 0.131689 0.076345
v 0.074081 0.130856 0.074715
v 0.074081 0.131689 0.074715
v 0.075711 0.130856 0.070528
v 0.075711 0.131689 0.070528
v 0.067860 0.130856 0.058805
v 0.067860 0.131689 0.058486
v 0.057852 0.131689 0.068494
v 0.058171 0.130856 0.068494
v -0.044159 0.028438 0.077208
v -0.044159 0.029108 0.076931
v -0.044159 0.029385 0.076261
v -0.015280 0.029385 0.076261
v -0.015280 0.029108 0.076931
v -0.015280 0.028438 0.077208
v -0.014447 0.028438 0.077208
v -0.014447 0.029108 0.076931
v -0.014447 0.029385 0.076261
v 0.014431 0.029385 0.076261
v 0.014431 0.029108 0.076931
v 0.014431 0.028438 0.077208
v 0.015264 0.028438 0.077208
v 0.015264 0.029108 0.076931
v 0.015264 0.029385 0.076261
v 0.044142 0.029385 0.076261
v 0.044142 0.029108 0.076931
v 0.044142 0.028438 0.077208
v 0.076574 0.028438 0.044776
v 0.076297 0.029108 0.044776
v 0.075627 0.029385 0.044776
v 0.075627 0.029385 0.015898
v 0.076297 0.029108 0.015898
v 0.076574 0.028438 0.015898
v 0.076574 0.028438 0.015065
v 0.076297 0.029108 0.015065
v 0.075627 0.029385 0.015065
v 0.075627 0.029385 -0.013813
v 0.076297 0.029108 -0.013813
v 0.076574 0.028438 -0.013813
v 0.076574 0.028438 -0.014647
v 0.076297 0.029108 -0.014647
v 0.075627 0.029385 -0.014647
v 0.075627 0.029385 -0.043525
v 0.076297 0.029108 -0.043525
v 0.076574 0.028438 -0.043525
v 0.015264 0.029385 -0.075010
v 0.015264 0.029108 -0.075679
v 0.015264 0.028438 -0.075957
v 0.044142 0.028438 -0.075957
v 0.044142 0.029108 -0.075679
v 0.044142 0.029385 -0.075009
v -0.014447 0.029385 -0.075010
v -0.014447 0.029108 -0.075679
v -0.014447 0.028438 -0.075957
v 0.014431 0.028438 -0.075957
v 0.014431 0.029108 -0.075679
v 0.014431 0.029385 -0.075010
v -0.044159 0.029385 -0.075009
v -0.044159 0.029108 -0.075679
v -0.044159 0.028438 -0.075957
v -0.015280 0.028438 -0.075957
v -0.015280 0.029108 -0.075679
v -0.015280 0.029385 -0.075010
v -0.075644 0.029385 -0.014647
v -0.076313 0.029108 -0.014647
v -0.076591 0.028438 -0.014647
v -0.076591 0.028438 -0.043525
v -0.076313 0.029108 -0.043525
v -0.075643 0.029385 -0.043525
v -0.075644 0.029385 0.015065
v -0.076313 0.029108 0.015065
v -0.076591 0.028438 0.015065
v -0.076591 0.028438 -0.013813
v -0.076313 0.029108 -0.013813
v -0.075644 0.029385 -0.013813
v -0.075643 0.029385 0.044776
v -0.076313 0.029108 0.044776
v -0.076591 0.028438 0.044776
v -0.076591 0.028438 0.015898
v -0.076313 0.029108 0.015898
v -0.075644 0.029385 0.015898
v 0.058260 0.042555 0.077208
v 0.057589 0.042555 0.076931
v 0.057312 0.042555 0.076261
v 0.057312 0.071433 0.076261
v 0.057589 0.071433 0.076931
v 0.058259 0.071433 0.077208
v 0.058259 0.072266 0.077208
v 0.057589 0.072266 0.076931
v 0.057312 0.072266 0.076261
v 0.057312 0.101145 0.076261
v 0.057589 0.101145 0.076931
v 0.058259 0.101145 0.077208
v 0.058259 0.101978 0.077208
v 0.057589 0.101978 0.076931
v 0.057312 0.101978 0.076261
v 0.057312 0.130856 0.076261
v 0.057589 0.130856 0.076931
v 0.058260 0.130856 0.077208
v 0.058260 0.163288 0.044776
v 0.057589 0.163010 0.044776
v 0.057312 0.162340 0.044776
v 0.057312 0.162341 0.015898
v 0.057589 0.163011 0.015898
v 0.058259 0.163288 0.015898
v 0.058259 0.163288 0.015065
v 0.057589 0.163011 0.015065
v 0.057312 0.162341 0.015065
v 0.057312 0.162341 -0.013813
v 0.057589 0.163011 -0.013813
v 0.058259 0.163288 -0.013813
v 0.058259 0.163288 -0.014647
v 0.057589 0.163011 -0.014647
v 0.057312 0.162341 -0.014647
v 0.057312 0.162340 -0.043525
v 0.057589 0.163010 -0.043525
v 0.058260 0.163288 -0.043525
v 0.057312 0.101978 -0.075010
v 0.057589 0.101978 -0.075679
v 0.058259 0.101978 -0.075957
v 0.058260 0.130856 -0.075957
v 0.057589 0.130856 -0.075679
v 0.057312 0.130856 -0.075009
v 0.057312 0.072266 -0.075010
v 0.057589 0.072266 -0.075679
v 0.058259 0.072266 -0.075957
v 0.058259 0.101145 -0.075957
v 0.057589 0.101145 -0.075679
v 0.057312 0.101145 -0.075010
v 0.057312 0.042555 -0.075009
v 0.057589 0.042555 -0.075679
v 0.058260 0.042555 -0.075957
v 0.058259 0.071433 -0.075957
v 0.057589 0.071433 -0.075679
v 0.057312 0.071433 -0.075010
v 0.057312 0.011070 -0.014647
v 0.057589 0.010400 -0.014647
v 0.058259 0.010123 -0.014647
v 0.058260 0.010123 -0.043525
v 0.057589 0.010401 -0.043525
v 0.057312 0.011071 -0.043525
v 0.057312 0.011070 0.015065
v 0.057589 0.010400 0.015065
v 0.058259 0.010123 0.015065
v 0.058259 0.010123 -0.013813
v 0.057589 0.010400 -0.013813
v 0.057312 0.011070 -0.013813
v 0.057312 0.011071 0.044776
v 0.057589 0.010401 0.044776
v 0.058260 0.010123 0.044776
v 0.058259 0.010123 0.015898
v 0.057589 0.010400 0.015898
v 0.057312 0.011070 0.015898
v -0.076591 0.144973 0.044776
v -0.076313 0.144303 0.044776
v -0.075643 0.144026 0.044776
v -0.075644 0.144026 0.015898
v -0.076313 0.144303 0.015898
v -0.076591 0.144973 0.015898
v -0.076591 0.144973 0.015065
v -0.076313 0.144303 0.015065
v -0.075644 0.144026 0.015065
v -0.075644 0.144026 -0.013813
v -0.076313 0.144303 -0.013813
v -0.076591 0.144973 -0.013813
v -0.076591 0.144973 -0.014647
v -0.076313 0.144303 -0.014647
v -0.075644 0.144026 -0.014647
v -0.075643 0.144026 -0.043525
v -0.076313 0.144303 -0.043525
v -0.076591 0.144973 -0.043525
v -0.044159 0.144973 -0.075957
v -0.044159 0.144303 -0.075679
v -0.044159 0.144026 -0.075009
v -0.015280 0.144026 -0.075010
v -0.015280 0.144303 -0.075679
v -0.015280 0.144973 -0.075957
v -0.014447 0.144973 -0.075957
v -0.014447 0.144303 -0.075679
v -0.014447 0.144026 -0.075010
v 0.014431 0.144026 -0.075010
v 0.014431 0.144303 -0.075679
v 0.014431 0.144973 -0.075957
v 0.015264 0.144973 -0.075957
v 0.015264 0.144303 -0.075679
v 0.015264 0.144026 -0.075010
v 0.044142 0.144026 -0.075009
v 0.044142 0.144303 -0.075679
v 0.044142 0.144973 -0.075957
v 0.075627 0.144026 -0.014647
v 0.076297 0.144303 -0.014647
v 0.076574 0.144973 -0.014647
v 0.076574 0.144973 -0.043525
v 0.076297 0.144303 -0.043525
v 0.075627 0.144026 -0.043525
v 0.075627 0.144026 0.015065
v 0.076297 0.144303 0.015065
v 0.076574 0.144973 0.015065
v 0.076574 0.144973 -0.013813
v 0.076297 0.144303 -0.013813
v 0.075627 0.144026 -0.013813
v 0.075627 0.144026 0.044776
v 0.076297 0.144303 0.044776
v 0.076574 0.144973 0.044776
v 0.076574 0.144973 0.015898
v 0.076297 0.144303 0.015898
v 0.075627 0.144026 0.015898
v 0.015264 0.144026 0.076261
v 0.015264 0.144303 0.076931
v 0.015264 0.144973 0.077208
v 0.044142 0.144973 0.077208
v 0.044142 0.144303 0.076931
v 0.044142 0.144026 0.076261
v -0.014447 0.144026 0.076261
v -0.014447 0.144303 0.076931
v -0.014447 0.144973 0.077208
v 0.014431 0.144973 0.077208
v 0.014431 0.144303 0.076931
v 0.014431 0.144026 0.076261
v -0.044159 0.144026 0.076261
v -0.044159 0.144303 0.076931
v -0.044159 0.144973 0.077208
v -0.015280 0.144973 0.077208
v -0.015280 0.144303 0.076931
v -0.015280 0.144026 0.076261
v -0.058276 0.010123 0.044776
v -0.057606 0.010401 0.044776
v -0.057329 0.011071 0.044776
v -0.057329 0.011070 0.015898
v -0.057606 0.010400 0.015898
v -0.058276 0.010123 0.015898
v -0.058276 0.010123 0.015065
v -0.057606 0.010400 0.015065
v -0.057329 0.011070 0.015065
v -0.057329 0.011070 -0.013813
v -0.057606 0.010400 -0.013813
v -0.058276 0.010123 -0.013813
v -0.058276 0.010123 -0.014647
v -0.057606 0.010400 -0.014647
v -0.057329 0.011070 -0.014647
v -0.057329 0.011071 -0.043525
v -0.057606 0.010401 -0.043525
v -0.058276 0.010123 -0.043525
v -0.058276 0.042555 -0.075957
v -0.057606 0.042555 -0.075679
v -0.057329 0.042555 -0.075009
v -0.057329 0.071433 -0.075010
v -0.057606 0.071433 -0.075679
v -0.058276 0.071433 -0.075957
v -0.058276 0.072266 -0.075957
v -0.057606 0.072266 -0.075679
v -0.057329 0.072266 -0.075010
v -0.057329 0.101145 -0.075010
v -0.057606 0.101145 -0.075679
v -0.058276 0.101145 -0.075957
v -0.058276 0.101978 -0.075957
v -0.057606 0.101978 -0.075679
v -0.057329 0.101978 -0.075010
v -0.057329 0.130856 -0.075009
v -0.057606 0.130856 -0.075679
v -0.058276 0.130856 -0.075957
v -0.057329 0.162341 -0.014647
v -0.057606 0.163011 -0.014647
v -0.058276 0.163288 -0.014647
v -0.058276 0.163288 -0.043525
v -0.057606 0.163010 -0.043525
v -0.057329 0.162340 -0.043525
v -0.057329 0.162341 0.015065
v -0.057606 0.163011 0.015065
v -0.058276 0.163288 0.015065
v -0.058276 0.163288 -0.013813
v -0.057606 0.163011 -0.013813
v -0.057329 0.162341 -0.013813
v -0.057329 0.162340 0.044776
v -0.057606 0.163010 0.044776
v -0.058276 0.163288 0.044776
v -0.058276 0.163288 0.015898
v -0.057606 0.163011 0.015898
v -0.057329 0.162341 0.015898
v -0.057329 0.101978 0.076261
v -0.057606 0.101978 0.076931
v -0.058276 0.101978 0.077208
v -0.058276 0.130856 0.077208
v -0.057606 0.130856 0.076931
v -0.057329 0.130856 0.076261
v -0.057329 0.072266 0.076261
v -0.057606 0.072266 0.076931
v -0.058276 0.072266 0.077208
v -0.058276 0.101145 0.077208
v -0.057606 0.101145 0.076931
v -0.057329 0.101145 0.076261
v -0.057329 0.042555 0.076261
v -0.057606 0.042555 0.076931
v -0.058276 0.042555 0.077208
v -0.058276 0.071433 0.077208
v -0.057606 0.071433 0.076931
v -0.057329 0.071433 0.076261
v -0.076591 0.042555 0.058893
v -0.076313 0.042555 0.058223
v -0.075643 0.042555 0.057946
v -0.075644 0.071433 0.057946
v -0.076313 0.071433 0.058223
v -0.076591 0.071433 0.058893
v -0.076591 0.072266 0.058893
v -0.076313 0.072266 0.058223
v -0.075644 0.072266 0.057946
v -0.075644 0.101145 0.057946
v -0.076313 0.101145 0.058223
v -0.076591 0.101145 0.058893
v -0.076591 0.101978 0.058893
v -0.076313 0.101978 0.058223
v -0.075644 0.101978 0.057946
v -0.075643 0.130856 0.057946
v -0.076313 0.130856 0.058223
v -0.076591 0.130856 0.058893
v -0.044159 0.163288 0.058893
v -0.044159 0.163010 0.058223
v -0.044159 0.162340 0.057946
v -0.015280 0.162341 0.057946
v -0.015280 0.163011 0.058223
v -0.015280 0.163288 0.058893
v -0.014447 0.163288 0.058893
v -0.014447 0.163011 0.058223
v -0.014447 0.162341 0.057946
v 0.014431 0.162341 0.057946
v 0.014431 0.163011 0.058223
v 0.014431 0.163288 0.058893
v 0.015264 0.163288 0.058893
v 0.015264 0.163011 0.058223
v 0.015264 0.162341 0.057946
v 0.044142 0.162340 0.057946
v 0.044142 0.163010 0.058223
v 0.044142 0.163288 0.058893
v 0.075627 0.101978 0.057946
v 0.076297 0.101978 0.058223
v 0.076574 0.101978 0.058893
v 0.076574 0.130856 0.058893
v 0.076297 0.130856 0.058223
v 0.075627 0.130856 0.057946
v 0.075627 0.072266 0.057946
v 0.076297 0.072266 0.058223
v 0.076574 0.072266 0.058893
v 0.076574 0.101145 0.058893
v 0.076297 0.101145 0.058223
v 0.075627 0.101145 0.057946
v 0.075627 0.042555 0.057946
v 0.076297 0.042555 0.058223
v 0.076574 0.042555 0.058893
v 0.076574 0.071433 0.058893
v 0.076297 0.071433 0.058223
v 0.075627 0.071433 0.057946
v 0.015264 0.011070 0.057946
v 0.015264 0.010400 0.058223
v 0.015264 0.010123 0.058893
v 0.044142 0.010123 0.058893
v 0.044142 0.010401 0.058223
v 0.044142 0.011071 0.057946
v -0.014447 0.011070 0.057946
v -0.014447 0.010400 0.058223
v -0.014447 0.010123 0.058893
v 0.014431 0.010123 0.058893
v 0.014431 0.010400 0.058223
v 0.014431 0.011070 0.057946
v -0.044159 0.011071 0.057946
v -0.044159 0.010401 0.058223
v -0.044159 0.010123 0.058893
v -0.015280 0.010123 0.058893
v -0.015280 0.010400 0.058223
v -0.015280 0.011070 0.057946
v -0.075644 0.101978 -0.056695
v -0.076313 0.101978 -0.056972
v -0.076591 0.101978 -0.057642
v -0.076591 0.130856 -0.057642
v -0.076313 0.130856 -0.056972
v -0.075643 0.130856 -0.056695
v -0.075644 0.072266 -0.056695
v -0.076313 0.072266 -0.056972
v -0.076591 0.072266 -0.057642
v -0.076591 0.101145 -0.057642
v -0.076313 0.101145 -0.056972
v -0.075644 0.101145 -0.056695
v -0.075643 0.042555 -0.056695
v -0.076313 0.042555 -0.056972
v -0.076591 0.042555 -0.057642
v -0.076591 0.071433 -0.057642
v -0.076313 0.071433 -0.056972
v -0.075644 0.071433 -0.056695
v -0.044159 0.010123 -0.057642
v -0.044159 0.010401 -0.056972
v -0.044159 0.011071 -0.056695
v -0.015280 0.011070 -0.056695
v -0.015280 0.010400 -0.056972
v -0.015280 0.010123 -0.057642
v -0.014447 0.010123 -0.057642
v -0.014447 0.010400 -0.056972
v -0.014447 0.011070 -0.056695
v 0.014431 0.011070 -0.056695
v 0.014431 0.010400 -0.056972
v 0.014431 0.010123 -0.057642
v 0.015264 0.010123 -0.057642
v 0.015264 0.010400 -0.056972
v 0.015264 0.011070 -0.056695
v 0.044142 0.011071 -0.056695
v 0.044142 0.010401 -0.056972
v 0.044142 0.010123 -0.057642
v 0.076574 0.042555 -0.057642
v 0.076297 0.042555 -0.056972
v 0.075627 0.042555 -0.056695
v 0.075627 0.071433 -0.056695
v 0.076297 0.071433 -0.056972
v 0.076574 0.071433 -0.057642
v 0.076574 0.072266 -0.057642
v 0.076297 0.072266 -0.056972
v 0.075627 0.072266 -0.056695
v 0.075627 0.101144 -0.056695
v 0.076297 0.101144 -0.056972
v 0.076574 0.101144 -0.057642
v 0.076574 0.101978 -0.057642
v 0.076297 0.101978 -0.056972
v 0.075627 0.101978 -0.056695
v 0.075627 0.130856 -0.056695
v 0.076297 0.130856 -0.056972
v 0.076574 0.130856 -0.057642
v 0.015264 0.162341 -0.056695
v 0.015264 0.163011 -0.056972
v 0.015264 0.163288 -0.057642
v 0.044142 0.163288 -0.057642
v 0.044142 0.163010 -0.056972
v 0.044142 0.162340 -0.056695
v -0.014447 0.162341 -0.056695
v -0.014447 0.163011 -0.056972
v -0.014447 0.163288 -0.057642
v 0.014431 0.163288 -0.057642
v 0.014431 0.163011 -0.056972
v 0.014431 0.162341 -0.056695
v -0.044159 0.162340 -0.056695
v -0.044159 0.163010 -0.056972
v -0.044159 0.163288 -0.057642
v -0.015280 0.163288 -0.057642
v -0.015280 0.163011 -0.056972
v -0.015280 0.162341 -0.056695
v -0.075652 0.029566 -0.044358
v -0.076317 0.029356 -0.044358
v -0.076591 0.028870 -0.044358
v -0.076591 0.041722 -0.057210
v -0.076317 0.041722 -0.056724
v -0.075652 0.041722 -0.056514
v -0.076591 0.028870 0.045609
v -0.076317 0.029356 0.045609
v -0.075652 0.029566 0.045609
v -0.075652 0.041722 0.057765
v -0.076317 0.041722 0.057975
v -0.076591 0.041722 0.058461
v -0.075652 0.131689 -0.056514
v -0.076317 0.131689 -0.056724
v -0.076591 0.131689 -0.057210
v -0.076591 0.144541 -0.044358
v -0.076317 0.144055 -0.044358
v -0.075652 0.143845 -0.044358
v -0.075652 0.143845 0.045609
v -0.076317 0.144055 0.045609
v -0.076591 0.144541 0.045609
v -0.076591 0.131689 0.058461
v -0.076317 0.131689 0.057975
v -0.075652 0.131689 0.057765
v -0.044992 0.010123 0.058461
v -0.044992 0.010397 0.057975
v -0.044992 0.011062 0.057765
v -0.057148 0.011062 0.045609
v -0.057358 0.010397 0.045609
v -0.057844 0.010123 0.045609
v -0.057844 0.010123 -0.044358
v -0.057358 0.010397 -0.044358
v -0.057148 0.011062 -0.044358
v -0.044992 0.011062 -0.056514
v -0.044992 0.010397 -0.056724
v -0.044992 0.010123 -0.057210
v -0.057148 0.162349 -0.044358
v -0.057358 0.163014 -0.044358
v -0.057844 0.163288 -0.044358
v -0.044992 0.163288 -0.057210
v -0.044992 0.163014 -0.056724
v -0.044992 0.162349 -0.056514
v -0.057844 0.163288 0.045609
v -0.057358 0.163014 0.045609
v -0.057148 0.162349 0.045609
v -0.044992 0.162349 0.057765
v -0.044992 0.163014 0.057975
v -0.044992 0.163288 0.058461
v 0.057827 0.010123 0.045609
v 0.057341 0.010397 0.045609
v 0.057131 0.011062 0.045609
v 0.044975 0.011062 0.057765
v 0.044975 0.010397 0.057975
v 0.044975 0.010123 0.058461
v 0.057131 0.011062 -0.044358
v 0.057341 0.010397 -0.044358
v 0.057827 0.010123 -0.044358
v 0.044975 0.010123 -0.057210
v 0.044975 0.010397 -0.056724
v 0.044975 0.011062 -0.056514
v 0.044975 0.162349 -0.056514
v 0.044975 0.163014 -0.056724
v 0.044975 0.163288 -0.057210
v 0.057827 0.163288 -0.044358
v 0.057341 0.163014 -0.044358
v 0.057131 0.162349 -0.044358
v 0.057131 0.162349 0.045609
v 0.057341 0.163014 0.045609
v 0.057827 0.163288 0.045609
v 0.044975 0.163288 0.058461
v 0.044975 0.163014 0.057975
v 0.044975 0.162349 0.057765
v 0.044975 0.029566 -0.075018
v 0.044975 0.029356 -0.075683
v 0.044975 0.028870 -0.075957
v 0.057827 0.041722 -0.075957
v 0.057341 0.041722 -0.075683
v 0.057131 0.041722 -0.075018
v -0.044992 0.028870 -0.075957
v -0.044992 0.029356 -0.075683
v -0.044992 0.029566 -0.075018
v -0.057148 0.041722 -0.075018
v -0.057358 0.041722 -0.075683
v -0.057844 0.041722 -0.075957
v -0.057844 0.041722 0.077208
v -0.057358 0.041722 0.076934
v -0.057148 0.041722 0.076269
v -0.044992 0.029566 0.076269
v -0.044992 0.029356 0.076934
v -0.044992 0.028870 0.077208
v 0.044975 0.028870 0.077208
v 0.044975 0.029356 0.076934
v 0.044975 0.029566 0.076269
v 0.057131 0.041722 0.076269
v 0.057341 0.041722 0.076934
v 0.057827 0.041722 0.077208
v 0.076574 0.041722 0.058461
v 0.076300 0.041722 0.057975
v 0.075635 0.041722 0.057765
v 0.075635 0.029566 0.045609
v 0.076300 0.029356 0.045609
v 0.076574 0.028870 0.045609
v 0.076574 0.028870 -0.044358
v 0.076300 0.029356 -0.044358
v 0.075635 0.029566 -0.044358
v 0.075635 0.041722 -0.056514
v 0.076300 0.041722 -0.056724
v 0.076574 0.041722 -0.057210
v 0.057131 0.131689 -0.075018
v 0.057341 0.131689 -0.075683
v 0.057827 0.131689 -0.075957
v 0.044975 0.144541 -0.075957
v 0.044975 0.144055 -0.075683
v 0.044975 0.143845 -0.075018
v -0.044992 0.143845 -0.075018
v -0.044992 0.144055 -0.075683
v -0.044992 0.144541 -0.075957
v -0.057844 0.131689 -0.075957
v -0.057358 0.131689 -0.075683
v -0.057148 0.131689 -0.075018
v -0.044992 0.144541 0.077208
v -0.044992 0.144055 0.076934
v -0.044992 0.143845 0.076269
v -0.057148 0.131689 0.076269
v -0.057358 0.131689 0.076934
v -0.057844 0.131689 0.077208
v 0.044975 0.143845 0.076269
v 0.044975 0.144055 0.076934
v 0.044975 0.144541 0.077208
v 0.057827 0.131689 0.077208
v 0.057341 0.131689 0.076934
v 0.057131 0.131689 0.076269
v 0.076574 0.144541 0.045609
v 0.076300 0.144055 0.045609
v 0.075635 0.143845 0.045609
v 0.075635 0.131689 0.057765
v 0.076300 0.131689 0.057975
v 0.076574 0.131689 0.058461
v 0.075635 0.143845 -0.044358
v 0.076300 0.144055 -0.044358
v 0.076574 0.144541 -0.044358
v 0.076574 0.131689 -0.057210
v 0.076300 0.131689 -0.056724
v 0.075635 0.131689 -0.056514
v -0.076104 0.028124 0.045609
v -0.075838 0.028814 0.045609
v -0.075163 0.029088 0.045609
v -0.076104 0.027949 0.044776
v -0.075834 0.028640 0.044776
v -0.075153 0.028905 0.044776
v -0.058765 0.010610 0.044776
v -0.058074 0.010880 0.044776
v -0.057809 0.011561 0.044776
v -0.058590 0.010609 0.045609
v -0.057899 0.010876 0.045609
v -0.057626 0.011551 0.045609
v -0.076104 0.145462 0.044776
v -0.075834 0.144771 0.044776
v -0.075153 0.144506 0.044776
v -0.076104 0.145287 0.045609
v -0.075838 0.144597 0.045609
v -0.075163 0.144323 0.045609
v -0.058590 0.162802 0.045609
v -0.057899 0.162535 0.045609
v -0.057626 0.161860 0.045609
v -0.058765 0.162801 0.044776
v -0.058074 0.162531 0.044776
v -0.057809 0.161850 0.044776
v 0.058748 0.162801 0.044776
v 0.058057 0.162531 0.044776
v 0.057793 0.161850 0.044776
v 0.058573 0.162802 0.045609
v 0.057883 0.162535 0.045609
v 0.057610 0.161860 0.045609
v 0.076088 0.145287 0.045609
v 0.075821 0.144597 0.045609
v 0.075146 0.144323 0.045609
v 0.076087 0.145462 0.044776
v 0.075817 0.144771 0.044776
v 0.075136 0.144506 0.044776
v 0.076087 0.027949 0.044776
v 0.075817 0.028640 0.044776
v 0.075136 0.028905 0.044776
v 0.076088 0.028124 0.045609
v 0.075821 0.028815 0.045609
v 0.075146 0.029088 0.045609
v 0.058573 0.010609 0.045609
v 0.057883 0.010876 0.045609
v 0.057610 0.011551 0.045609
v 0.058748 0.010610 0.044776
v 0.058057 0.010880 0.044776
v 0.057793 0.011561 0.044776
v -0.076108 0.027945 0.015898
v -0.075836 0.028625 0.015898
v -0.075151 0.028883 0.015898
v -0.076108 0.027945 0.015065
v -0.075836 0.028625 0.015065
v -0.075151 0.028883 0.015065
v -0.058769 0.010606 0.015065
v -0.058089 0.010878 0.015065
v -0.057831 0.011562 0.015065
v -0.058769 0.010606 0.015898
v -0.058089 0.010878 0.015898
v -0.057831 0.011562 0.015898
v -0.076108 0.145466 0.015065
v -0.075836 0.144786 0.015065
v -0.075151 0.144528 0.015065
v -0.076108 0.145466 0.015898
v -0.075836 0.144786 0.015898
v -0.075151 0.144528 0.015898
v -0.058769 0.162805 0.015898
v -0.058089 0.162534 0.015898
v -0.057831 0.161849 0.015898
v -0.058769 0.162805 0.015065
v -0.058089 0.162533 0.015065
v -0.057831 0.161849 0.015065
v 0.058752 0.162805 0.015065
v 0.058073 0.162534 0.015065
v 0.057814 0.161849 0.015065
v 0.058752 0.162805 0.015898
v 0.058073 0.162533 0.015898
v 0.057814 0.161849 0.015898
v 0.076092 0.145466 0.015898
v 0.075820 0.144786 0.015898
v 0.075135 0.144528 0.015898
v 0.076092 0.145466 0.015065
v 0.075820 0.144786 0.015065
v 0.075135 0.144528 0.015065
v 0.076092 0.027945 0.015065
v 0.075820 0.028625 0.015065
v 0.075135 0.028883 0.015065
v 0.076092 0.027945 0.015898
v 0.075820 0.028625 0.015898
v 0.075135 0.028883 0.015898
v 0.058752 0.010606 0.015898
v 0.058073 0.010878 0.015898
v 0.057814 0.011562 0.015898
v 0.058752 0.010606 0.015065
v 0.058073 0.010878 0.015065
v 0.057814 0.011562 0.015065
v -0.076108 0.027945 -0.013813
v -0.075836 0.028625 -0.013813
v -0.075151 0.028883 -0.013813
v -0.076108 0.027945 -0.014647
v -0.075836 0.028625 -0.014647
v -0.075151 0.028883 -0.014647
v -0.058769 0.010606 -0.014647
v -0.058089 0.010878 -0.014647
v -0.057831 0.011562 -0.014647
v -0.058769 0.010606 -0.013813
v -0.058089 0.010878 -0.013813
v -0.057831 0.011562 -0.013813
v -0.076108 0.145466 -0.014647
v -0.075836 0.144786 -0.014647
v -0.075151 0.144528 -0.014647
v -0.076108 0.145466 -0.013813
v -0.075836 0.144786 -0.013813
v -0.075151 0.144528 -0.013813
v -0.058769 0.162805 -0.013813
v -0.058089 0.162534 -0.013813
v -0.057831 0.161849 -0.013813
v -0.058769 0.162805 -0.014647
v -0.058089 0.162533 -0.014647
v -0.057831 0.161849 -0.014647
v 0.058752 0.162805 -0.014647
v 0.058073 0.162534 -0.014647
v 0.057814 0.161849 -0.014647
v 0.058752 0.162805 -0.013813
v 0.058073 0.162533 -0.013813
v 0.057814 0.161849 -0.013813
v 0.076092 0.145466 -0.013813
v 0.075820 0.144786 -0.013813
v 0.075135 0.144528 -0.013813
v 0.076092 0.145466 -0.014647
v 0.075820 0.144786 -0.014647
v 0.075135 0.144528 -0.014647
v 0.076092 0.027945 -0.014647
v 0.075820 0.028625 -0.014647
v 0.075135 0.028883 -0.014647
v 0.076092 0.027945 -0.013813
v 0.075820 0.028625 -0.013813
v 0.075135 0.028883 -0.013813
v 0.058752 0.010606 -0.013813
v 0.058073 0.010878 -0.013813
v 0.057814 0.011562 -0.013813
v 0.058752 0.010606 -0.014647
v 0.058073 0.010878 -0.014647
v 0.057814 0.011562 -0.014647
v -0.076104 0.027949 -0.043525
v -0.075834 0.028640 -0.043525
v -0.075153 0.028905 -0.043525
v -0.076104 0.028124 -0.044358
v -0.075838 0.028814 -0.044358
v -0.075163 0.029088 -0.044358
v -0.058590 0.010609 -0.044358
v -0.057899 0.010876 -0.044358
v -0.057626 0.011551 -0.044358
v -0.058765 0.010610 -0.043525
v -0.058074 0.010880 -0.043525
v -0.057809 0.011561 -0.043525
v -0.076104 0.145287 -0.044358
v -0.075838 0.144597 -0.044358
v -0.075163 0.144323 -0.044358
v -0.076104 0.145462 -0.043525
v -0.075834 0.144771 -0.043525
v -0.075153 0.144506 -0.043525
v -0.058765 0.162801 -0.043525
v -0.058074 0.162531 -0.043525
v -0.057809 0.161850 -0.043525
v -0.058590 0.162802 -0.044358
v -0.057899 0.162535 -0.044358
v -0.057626 0.161860 -0.044358
v 0.058573 0.162802 -0.044358
v 0.057883 0.162535 -0.044358
v 0.057610 0.161860 -0.044358
v 0.058748 0.162801 -0.043525
v 0.058057 0.162531 -0.043525
v 0.057792 0.161850 -0.043525
v 0.076087 0.145462 -0.043525
v 0.075817 0.144771 -0.043525
v 0.075136 0.144506 -0.043525
v 0.076088 0.145287 -0.044358
v 0.075821 0.144597 -0.044358
v 0.075146 0.144323 -0.044358
v 0.076088 0.028124 -0.044358
v 0.075821 0.028814 -0.044358
v 0.075146 0.029088 -0.044358
v 0.076087 0.027949 -0.043525
v 0.075817 0.028640 -0.043525
v 0.075136 0.028905 -0.043525
v 0.058748 0.010610 -0.043525
v 0.058057 0.010880 -0.043525
v 0.057793 0.011561 -0.043525
v 0.058573 0.010609 -0.044358
v 0.057883 0.010876 -0.044358
v 0.057610 0.011551 -0.044358
v -0.044992 0.010609 0.059207
v -0.044992 0.010876 0.058517
v -0.044992 0.011551 0.058244
v -0.044159 0.010610 0.059382
v -0.044159 0.010880 0.058691
v -0.044159 0.011561 0.058426
v -0.044159 0.027949 0.076721
v -0.044159 0.028640 0.076451
v -0.044159 0.028905 0.075770
v -0.044992 0.028124 0.076722
v -0.044992 0.028814 0.076455
v -0.044992 0.029088 0.075780
v -0.044159 0.010610 -0.058131
v -0.044159 0.010880 -0.057440
v -0.044159 0.011561 -0.057175
v -0.044992 0.010609 -0.057956
v -0.044992 0.010876 -0.057265
v -0.044992 0.011551 -0.056992
v -0.044992 0.028124 -0.075470
v -0.044992 0.028814 -0.075204
v -0.044992 0.029088 -0.074529
v -0.044159 0.027949 -0.075470
v -0.044159 0.028640 -0.075200
v -0.044159 0.028905 -0.074519
v -0.044159 0.145462 -0.075470
v -0.044159 0.144771 -0.075200
v -0.044159 0.144506 -0.074519
v -0.044992 0.145287 -0.075470
v -0.044992 0.144597 -0.075204
v -0.044992 0.144323 -0.074529
v -0.044992 0.162802 -0.057956
v -0.044992 0.162535 -0.057265
v -0.044992 0.161860 -0.056992
v -0.044159 0.162801 -0.058131
v -0.044159 0.162531 -0.057440
v -0.044159 0.161850 -0.057175
v -0.044159 0.162801 0.059382
v -0.044159 0.162531 0.058691
v -0.044159 0.161850 0.058426
v -0.044992 0.162802 0.059207
v -0.044992 0.162535 0.058517
v -0.044992 0.161860 0.058244
v -0.044992 0.145287 0.076722
v -0.044992 0.144597 0.076455
v -0.044992 0.144323 0.075780
v -0.044159 0.145462 0.076721
v -0.044159 0.144771 0.076451
v -0.044159 0.144506 0.075770
v -0.015280 0.010606 0.059386
v -0.015280 0.010878 0.058707
v -0.015280 0.011562 0.058448
v -0.014447 0.010606 0.059386
v -0.014447 0.010878 0.058707
v -0.014447 0.011562 0.058448
v -0.014447 0.027945 0.076726
v -0.014447 0.028625 0.076454
v -0.014447 0.028883 0.075769
v -0.015280 0.027945 0.076726
v -0.015280 0.028625 0.076454
v -0.015280 0.028883 0.075769
v -0.014447 0.010606 -0.058135
v -0.014447 0.010878 -0.057455
v -0.014447 0.011562 -0.057197
v -0.015280 0.010606 -0.058135
v -0.015280 0.010878 -0.057455
v -0.015280 0.011562 -0.057197
v -0.015280 0.027945 -0.075474
v -0.015280 0.028625 -0.075202
v -0.015280 0.028883 -0.074518
v -0.014447 0.027945 -0.075474
v -0.014447 0.028625 -0.075202
v -0.014447 0.028883 -0.074517
v -0.014447 0.145466 -0.075474
v -0.014447 0.144786 -0.075202
v -0.014447 0.144528 -0.074518
v -0.015280 0.145466 -0.075474
v -0.015280 0.144786 -0.075202
v -0.015280 0.144528 -0.074517
v -0.015280 0.162805 -0.058135
v -0.015280 0.162534 -0.057455
v -0.015280 0.161849 -0.057197
v -0.014447 0.162805 -0.058135
v -0.014447 0.162534 -0.057455
v -0.014447 0.161849 -0.057197
v -0.014447 0.162805 0.059386
v -0.014447 0.162534 0.058707
v -0.014447 0.161849 0.058448
v -0.015280 0.162805 0.059386
v -0.015280 0.162533 0.058707
v -0.015280 0.161849 0.058448
v -0.015280 0.145466 0.076726
v -0.015280 0.144786 0.076454
v -0.015280 0.144528 0.075769
v -0.014447 0.145466 0.076726
v -0.014447 0.144786 0.076454
v -0.014447 0.144528 0.075769
v 0.014431 0.010606 0.059386
v 0.014431 0.010878 0.058707
v 0.014431 0.011562 0.058448
v 0.015264 0.010606 0.059386
v 0.015264 0.010878 0.058707
v 0.015264 0.011562 0.058448
v 0.015264 0.027945 0.076726
v 0.015264 0.028625 0.076454
v 0.015264 0.028883 0.075769
v 0.014431 0.027945 0.076726
v 0.014431 0.028625 0.076454
v 0.014431 0.028883 0.075769
v 0.015264 0.010606 -0.058135
v 0.015264 0.010878 -0.057455
v 0.015264 0.011562 -0.057197
v 0.014431 0.010606 -0.058135
v 0.014431 0.010878 -0.057455
v 0.014431 0.011562 -0.057197
v 0.014431 0.027945 -0.075474
v 0.014431 0.028625 -0.075202
v 0.014431 0.028883 -0.074518
v 0.015264 0.027945 -0.075474
v 0.015264 0.028625 -0.075202
v 0.015264 0.028883 -0.074517
v 0.015264 0.145466 -0.075474
v 0.015264 0.144786 -0.075202
v 0.015264 0.144528 -0.074518
v 0.014431 0.145466 -0.075474
v 0.014431 0.144786 -0.075202
v 0.014431 0.144528 -0.074517
v 0.014431 0.162805 -0.058135
v 0.014431 0.162534 -0.057455
v 0.014431 0.161849 -0.057197
v 0.015264 0.162805 -0.058135
v 0.015264 0.162533 -0.057455
v 0.015264 0.161849 -0.057197
v 0.015264 0.162805 0.059386
v 0.015264 0.162534 0.058707
v 0.015264 0.161849 0.058448
v 0.014431 0.162805 0.059386
v 0.014431 0.162533 0.058707
v 0.014431 0.161849 0.058448
v 0.014431 0.145466 0.076726
v 0.014431 0.144786 0.076454
v 0.014431 0.144528 0.075769
v 0.015264 0.145466 0.076726
v 0.015264 0.144786 0.076454
v 0.015264 0.144528 0.075769
v 0.044142 0.010610 0.059382
v 0.044142 0.010880 0.058691
v 0.044142 0.011561 0.058426
v 0.044975 0.010609 0.059207
v 0.044975 0.010876 0.058517
v 0.044975 0.011551 0.058244
v 0.044975 0.028124 0.076722
v 0.044975 0.028814 0.076455
v 0.044975 0.029088 0.075780
v 0.044142 0.027949 0.076721
v 0.044142 0.028640 0.076451
v 0.044142 0.028905 0.075770
v 0.044975 0.010609 -0.057956
v 0.044975 0.010876 -0.057265
v 0.044975 0.011551 -0.056992
v 0.044142 0.010610 -0.058131
v 0.044142 0.010880 -0.057440
v 0.044142 0.011561 -0.057175
v 0.044142 0.027949 -0.075470
v 0.044142 0.028640 -0.075200
v 0.044142 0.028905 -0.074519
v 0.044975 0.028124 -0.075470
v 0.044975 0.028814 -0.075204
v 0.044975 0.029088 -0.074529
v 0.044975 0.145287 -0.075470
v 0.044975 0.144597 -0.075204
v 0.044975 0.144323 -0.074529
v 0.044142 0.145462 -0.075470
v 0.044142 0.144771 -0.075200
v 0.044142 0.144506 -0.074519
v 0.044142 0.162801 -0.058131
v 0.044142 0.162531 -0.057440
v 0.044142 0.161850 -0.057175
v 0.044975 0.162802 -0.057956
v 0.044975 0.162535 -0.057265
v 0.044975 0.161860 -0.056992
v 0.044975 0.162802 0.059207
v 0.044975 0.162535 0.058517
v 0.044975 0.161860 0.058244
v 0.044142 0.162801 0.059382
v 0.044142 0.162531 0.058691
v 0.044142 0.161850 0.058426
v 0.044142 0.145462 0.076721
v 0.044142 0.144771 0.076451
v 0.044142 0.144506 0.075770
v 0.044975 0.145287 0.076722
v 0.044975 0.144597 0.076455
v 0.044975 0.144323 0.075780
v 0.058573 0.041722 -0.075470
v 0.057883 0.041722 -0.075204
v 0.057610 0.041722 -0.074529
v 0.058748 0.042555 -0.075470
v 0.058057 0.042555 -0.075200
v 0.057792 0.042555 -0.074519
v 0.076087 0.042555 -0.058131
v 0.075817 0.042555 -0.057440
v 0.075136 0.042555 -0.057175
v 0.076088 0.041722 -0.057956
v 0.075821 0.041722 -0.057265
v 0.075146 0.041722 -0.056992
v -0.058765 0.042555 -0.075470
v -0.058074 0.042555 -0.075200
v -0.057809 0.042555 -0.074519
v -0.058590 0.041722 -0.075470
v -0.057899 0.041722 -0.075204
v -0.057626 0.041722 -0.074529
v -0.076104 0.041722 -0.057956
v -0.075838 0.041722 -0.057265
v -0.075163 0.041722 -0.056992
v -0.076104 0.042555 -0.058131
v -0.075834 0.042555 -0.057440
v -0.075153 0.042555 -0.057175
v -0.076104 0.042555 0.059382
v -0.075834 0.042555 0.058691
v -0.075153 0.042555 0.058426
v -0.076104 0.041722 0.059207
v -0.075838 0.041722 0.058517
v -0.075163 0.041722 0.058244
v -0.058590 0.041722 0.076722
v -0.057899 0.041722 0.076455
v -0.057626 0.041722 0.075780
v -0.058765 0.042555 0.076721
v -0.058074 0.042555 0.076451
v -0.057809 0.042555 0.075770
v 0.058748 0.042555 0.076721
v 0.058057 0.042555 0.076451
v 0.057792 0.042555 0.075770
v 0.058573 0.041722 0.076722
v 0.057883 0.041722 0.076455
v 0.057610 0.041722 0.075780
v 0.076088 0.041722 0.059207
v 0.075821 0.041722 0.058517
v 0.075146 0.041722 0.058244
v 0.076087 0.042555 0.059382
v 0.075817 0.042555 0.058691
v 0.075136 0.042555 0.058426
v 0.058752 0.071433 -0.075474
v 0.058073 0.071433 -0.075202
v 0.057814 0.071433 -0.074518
v 0.058752 0.072266 -0.075474
v 0.058073 0.072266 -0.075202
v 0.057814 0.072266 -0.074517
v 0.076092 0.072266 -0.058135
v 0.075820 0.072266 -0.057455
v 0.075135 0.072266 -0.057197
v 0.076092 0.071433 -0.058135
v 0.075820 0.071433 -0.057455
v 0.075135 0.071433 -0.057197
v -0.058769 0.072266 -0.075474
v -0.058089 0.072266 -0.075202
v -0.057831 0.072266 -0.074518
v -0.058769 0.071433 -0.075474
v -0.058089 0.071433 -0.075202
v -0.057831 0.071433 -0.074517
v -0.076108 0.071433 -0.058135
v -0.075836 0.071433 -0.057455
v -0.075151 0.071433 -0.057197
v -0.076108 0.072266 -0.058135
v -0.075836 0.072266 -0.057455
v -0.075151 0.072266 -0.057197
v -0.076108 0.072266 0.059386
v -0.075836 0.072266 0.058707
v -0.075151 0.072266 0.058448
v -0.076108 0.071433 0.059386
v -0.075836 0.071433 0.058707
v -0.075151 0.071433 0.058448
v -0.058769 0.071433 0.076726
v -0.058089 0.071433 0.076454
v -0.057831 0.071433 0.075769
v -0.058769 0.072266 0.076726
v -0.058089 0.072266 0.076454
v -0.057831 0.072266 0.075769
v 0.058752 0.072266 0.076726
v 0.058073 0.072266 0.076454
v 0.057814 0.072266 0.075769
v 0.058752 0.071433 0.076726
v 0.058073 0.071433 0.076454
v 0.057814 0.071433 0.075769
v 0.076092 0.071433 0.059386
v 0.075820 0.071433 0.058707
v 0.075135 0.071433 0.058448
v 0.076092 0.072266 0.059386
v 0.075820 0.072266 0.058707
v 0.075135 0.072266 0.058448
v 0.058752 0.101145 -0.075474
v 0.058073 0.101145 -0.075202
v 0.057814 0.101145 -0.074518
v 0.058752 0.101978 -0.075474
v 0.058073 0.101978 -0.075202
v 0.057814 0.101978 -0.074517
v 0.076092 0.101978 -0.058135
v 0.075820 0.101978 -0.057455
v 0.075135 0.101978 -0.057197
v 0.076092 0.101144 -0.058135
v 0.075820 0.101144 -0.057455
v 0.075135 0.101144 -0.057197
v -0.058769 0.101978 -0.075474
v -0.058089 0.101978 -0.075202
v -0.057831 0.101978 -0.074518
v -0.058769 0.101145 -0.075474
v -0.058089 0.101145 -0.075202
v -0.057831 0.101145 -0.074517
v -0.076108 0.101145 -0.058135
v -0.075836 0.101145 -0.057455
v -0.075151 0.101145 -0.057197
v -0.076108 0.101978 -0.058135
v -0.075836 0.101978 -0.057455
v -0.075151 0.101978 -0.057197
v -0.076108 0.101978 0.059386
v -0.075836 0.101978 0.058707
v -0.075151 0.101978 0.058448
v -0.076108 0.101145 0.059386
v -0.075836 0.101145 0.058707
v -0.075151 0.101145 0.058448
v -0.058769 0.101145 0.076726
v -0.058089 0.101145 0.076454
v -0.057831 0.101145 0.075769
v -0.058769 0.101978 0.076726
v -0.058089 0.101978 0.076454
v -0.057831 0.101978 0.075769
v 0.058752 0.101978 0.076726
v 0.058073 0.101978 0.076454
v 0.057814 0.101978 0.075769
v 0.058752 0.101145 0.076726
v 0.058073 0.101145 0.076454
v 0.057814 0.101145 0.075769
v 0.076092 0.101145 0.059386
v 0.075820 0.101145 0.058707
v 0.075135 0.101145 0.058448
v 0.076092 0.101978 0.059386
v 0.075820 0.101978 0.058707
v 0.075135 0.101978 0.058448
v 0.058748 0.130856 -0.075470
v 0.058057 0.130856 -0.075200
v 0.057792 0.130856 -0.074519
v 0.058573 0.131689 -0.075470
v 0.057883 0.131689 -0.075204
v 0.057610 0.131689 -0.074529
v 0.076088 0.131689 -0.057956
v 0.075821 0.131689 -0.057265
v 0.075146 0.131689 -0.056992
v 0.076087 0.130856 -0.058131
v 0.075817 0.130856 -0.057440
v 0.075136 0.130856 -0.057175
v -0.058590 0.131689 -0.075470
v -0.057899 0.131689 -0.075204
v -0.057626 0.131689 -0.074529
v -0.058765 0.130856 -0.075470
v -0.058074 0.130856 -0.075200
v -0.057809 0.130856 -0.074519
v -0.076104 0.130856 -0.058131
v -0.075834 0.130856 -0.057440
v -0.075153 0.130856 -0.057175
v -0.076104 0.131689 -0.057956
v -0.075838 0.131689 -0.057265
v -0.075163 0.131689 -0.056992
v -0.076104 0.131689 0.059207
v -0.075838 0.131689 0.058517
v -0.075163 0.131689 0.058244
v -0.076104 0.130856 0.059382
v -0.075834 0.130856 0.058691
v -0.075153 0.130856 0.058426
v -0.058765 0.130856 0.076721
v -0.058074 0.130856 0.076451
v -0.057809 0.130856 0.075770
v -0.058590 0.131689 0.076722
v -0.057899 0.131689 0.076455
v -0.057626 0.131689 0.075780
v 0.058573 0.131689 0.076722
v 0.057883 0.131689 0.076455
v 0.057610 0.131689 0.075780
v 0.058748 0.130856 0.076721
v 0.058057 0.130856 0.076451
v 0.057793 0.130856 0.075770
v 0.076087 0.130856 0.059382
v 0.075817 0.130856 0.058691
v 0.075136 0.130856 0.058426
v 0.076088 0.131689 0.059207
v 0.075821 0.131689 0.058517
v 0.075146 0.131689 0.058244
v -0.000008 0.144026 0.068503
v -0.000008 0.144026 0.076261
v -0.000008 0.144303 0.076931
v -0.000008 0.144973 0.077208
v -0.000008 0.156779 0.077208
v -0.000008 0.161382 0.075302
v -0.000008 0.163288 0.070699
v -0.000008 0.163288 0.058893
v -0.000008 0.163011 0.058223
v -0.000008 0.162341 0.057946
v -0.000008 0.154583 0.057946
v -0.057329 0.086706 0.068503
v -0.057329 0.086706 0.076261
v -0.057606 0.086706 0.076931
v -0.058276 0.086706 0.077208
v -0.070082 0.086706 0.077208
v -0.074684 0.086706 0.075302
v -0.076591 0.086706 0.070699
v -0.076591 0.086706 0.058893
v -0.076313 0.086706 0.058223
v -0.075644 0.086706 0.057946
v -0.067885 0.086706 0.057946
v -0.067885 0.144026 0.000626
v -0.075644 0.144026 0.000626
v -0.076313 0.144303 0.000626
v -0.076591 0.144973 0.000626
v -0.076591 0.156779 0.000626
v -0.074684 0.161382 0.000626
v -0.070082 0.163288 0.000626
v -0.058276 0.163288 0.000626
v -0.057606 0.163011 0.000626
v -0.057329 0.162341 0.000626
v -0.057329 0.154583 0.000626
v 0.027135 0.173298 -0.041575
v 0.039025 0.173297 -0.018578
v 0.022164 0.173298 -0.005249
v 0.042893 0.173296 0.025238
v 0.015123 0.173298 0.043617
v -0.041989 0.173295 -0.042535
v -0.025499 0.173298 0.029756
v -0.006852 0.173298 0.043496
v -0.031046 0.173298 -0.005959
v -0.033633 0.173298 -0.004383
v -0.033633 0.170084 -0.004383
v -0.031046 0.170084 -0.005959
v 0.022164 0.170084 -0.005249
v 0.039025 0.170084 -0.018578
v -0.006852 0.170084 0.043496
v 0.015123 0.170084 0.043617
v 0.027135 0.170084 -0.041575
v 0.042893 0.170084 0.025238
v -0.041989 0.170084 -0.042535
v -0.025499 0.170084 0.029756
v -0.014431 0.130243 -0.086021
v -0.031977 0.114890 -0.086021
v 0.023797 0.080620 -0.086021
v -0.013597 0.046914 -0.086021
v 0.007757 0.043729 -0.086021
v 0.033996 0.049122 -0.086021
v -0.031977 0.086815 -0.086021
v 0.030383 0.114651 -0.086021
v 0.014792 0.130243 -0.086021
v 0.030631 0.092313 -0.086021
v -0.028901 0.064404 -0.086021
v -0.014431 0.130243 -0.082805
v 0.014792 0.130243 -0.082805
v -0.028901 0.064404 -0.082805
v -0.031977 0.086815 -0.082805
v -0.031977 0.114890 -0.082805
v 0.030631 0.092313 -0.082805
v 0.023797 0.080620 -0.082805
v 0.030383 0.114651 -0.082805
v 0.007757 0.043729 -0.082805
v -0.013597 0.046914 -0.082805
v 0.033996 0.049122 -0.082805
v 0.086649 0.104186 -0.042603
v 0.086649 0.072253 -0.039613
v 0.086649 0.068007 -0.001728
v 0.086649 0.119216 0.002802
v 0.086649 0.067368 0.001653
v 0.086649 0.051322 -0.018398
v 0.086649 0.051888 0.025377
v 0.086649 0.118904 0.015065
v 0.083415 0.067368 0.001653
v 0.083415 0.068007 -0.001728
v 0.086649 0.076457 0.043839
v 0.086649 0.113380 0.007095
v 0.083415 0.113380 0.007095
v 0.083415 0.119216 0.002802
v 0.086649 0.104513 0.039849
v 0.083415 0.051322 -0.018398
v 0.086649 0.119964 -0.025367
v 0.083415 0.118904 0.015065
v 0.083415 0.072253 -0.039613
v 0.083415 0.104186 -0.042603
v 0.083415 0.051888 0.025377
v 0.083415 0.119964 -0.025367
v 0.083415 0.104513 0.039849
v 0.083415 0.076457 0.043839
v -0.012511 -0.000000 -0.042081
v -0.038499 0.000001 -0.029944
v -0.028066 -0.000000 -0.010237
v -0.036846 0.000001 0.041251
v -0.035575 -0.000000 0.004267
v 0.036633 0.000000 0.005968
v 0.034560 0.000000 0.043373
v 0.027906 -0.000000 0.010712
v -0.028066 0.003224 -0.010237
v -0.038499 0.003224 -0.029944
v -0.035575 0.003224 0.004267
v 0.026396 -0.000000 -0.038134
v 0.036633 0.003224 0.005968
v 0.027906 0.003224 0.010712
v 0.036508 0.000000 -0.021820
v -0.012511 0.003224 -0.042081
v 0.026396 0.003224 -0.038134
v 0.034560 0.003224 0.043373
v -0.036846 0.003224 0.041251
v 0.036508 0.003224 -0.021820
v -0.042302 0.044077 0.087273
v -0.039057 0.079283 0.087276
v -0.044740 0.109222 0.087272
v 0.018656 0.078714 0.087277
v -0.010280 0.130103 0.087277
v -0.023557 0.080395 0.087277
v -0.016452 0.084885 0.087277
v -0.016452 0.084885 0.084052
v -0.023557 0.080395 0.084052
v -0.016452 0.078048 0.087277
v -0.016452 0.078048 0.084052
v 0.042723 0.044077 0.087272
v 0.024253 0.128229 0.087277
v -0.039057 0.079283 0.084052
v 0.037274 0.081097 0.087276
v -0.042302 0.044077 0.084052
v 0.037274 0.081097 0.084052
v 0.018656 0.078714 0.084052
v -0.044740 0.109222 0.084052
v 0.024253 0.128229 0.084052
v -0.010280 0.130103 0.084052
v 0.042723 0.044077 0.084052
v -0.086651 0.096512 -0.043252
v -0.086649 0.126778 -0.022007
v -0.086651 0.096917 -0.022007
v -0.086651 0.104311 0.043975
v -0.086649 0.127354 0.004780
v -0.086649 0.046762 0.009722
v -0.086651 0.067308 0.041455
v -0.086651 0.059518 -0.021520
v -0.086651 0.063031 0.010443
v -0.086651 0.056925 -0.039093
v -0.083416 0.059518 -0.021520
v -0.086649 0.046762 -0.020706
v -0.083416 0.046762 -0.020706
v -0.083416 0.127354 0.004780
v -0.083416 0.126778 -0.022007
v -0.083416 0.096917 -0.022007
v -0.083416 0.046762 0.009722
v -0.083416 0.063031 0.010443
v -0.083416 0.096512 -0.043252
v -0.083416 0.056925 -0.039093
v -0.083416 0.104311 0.043975
v -0.083416 0.067308 0.041455
v -0.041814 0.037079 0.087277
v -0.084987 0.138671 0.041832
v -0.084987 0.138373 0.043333
v -0.071962 0.144139 0.044036
v -0.084987 0.127854 0.052650
v -0.071962 0.130057 0.058117
v -0.084981 0.129361 0.052350
v -0.084987 0.137522 0.044606
v -0.071962 0.142946 0.046914
v -0.084976 0.130637 0.051498
v -0.071962 0.132936 0.056925
v 0.084987 0.034627 -0.040488
v 0.086231 0.035736 -0.040421
v 0.084987 0.034627 0.041832
v 0.086235 0.045973 -0.050272
v 0.084987 0.045919 -0.051394
v 0.086232 0.128091 -0.050283
v 0.086649 0.037080 -0.041074
v 0.086233 0.035743 0.041771
v -0.071962 0.143829 0.045593
v -0.071962 0.131615 0.057807
v 0.086649 0.045286 -0.048944
v 0.086649 0.128750 -0.048942
v 0.057489 0.014687 0.044036
v 0.057180 0.014687 0.045593
v 0.051723 0.001662 0.043333
v 0.052022 0.001662 0.041832
v 0.044966 0.014687 0.057807
v 0.043408 0.014687 0.058117
v 0.041204 0.001662 0.052650
v 0.042706 0.001662 0.052351
v 0.057180 0.131615 -0.071334
v 0.057489 0.130057 -0.071334
v 0.052022 0.127854 -0.084359
v 0.051723 0.129355 -0.084359
v 0.043408 0.144139 -0.071334
v 0.044966 0.143829 -0.071334
v 0.042706 0.138373 -0.084359
v 0.041204 0.138671 -0.084359
v 0.056297 0.014687 0.046914
v 0.050873 0.001662 0.044606
v 0.046286 0.014687 0.056925
v 0.043978 0.001662 0.051501
v 0.056297 0.132936 -0.071334
v 0.050873 0.130628 -0.084359
v 0.046286 0.142946 -0.071334
v 0.043978 0.137522 -0.084359
v 0.070190 0.029316 0.044327
v 0.069367 0.030537 0.045151
v 0.070191 0.029311 -0.043056
v 0.069367 0.131514 -0.055484
v 0.070191 0.130699 -0.056709
v 0.069367 0.042656 -0.055486
v 0.071961 0.130405 -0.056862
v 0.070189 0.043497 -0.056700
v 0.071962 0.029160 0.044036
v 0.071961 0.029160 -0.042760
v -0.070545 0.131633 0.057852
v 0.057224 0.016104 0.045612
v 0.044984 0.016104 0.057852
v 0.057224 0.131634 -0.069917
v -0.070545 0.143874 0.045612
v 0.044984 0.143874 -0.069917
v -0.070190 0.130348 0.057961
v 0.057333 0.016459 0.044327
v 0.043699 0.016459 0.057961
v 0.057333 0.130348 -0.069563
v -0.070190 0.143982 0.044327
v 0.043699 0.143982 -0.069563
v -0.070190 0.132619 0.057020
v -0.069367 0.131173 0.056740
v 0.056112 0.017282 0.045151
v 0.044524 0.017282 0.056740
v 0.056112 0.131173 -0.068739
v 0.044524 0.142762 -0.068739
v -0.069367 0.142762 0.045151
v 0.041814 0.037079 0.087277
v -0.041204 0.034627 0.085615
v -0.043408 0.029160 0.072589
v 0.043408 0.029160 0.072589
v 0.041204 0.034627 0.085615
v -0.052022 0.171636 -0.040577
v -0.057489 0.158611 -0.042780
v -0.057489 0.158611 0.044036
v -0.052022 0.171636 0.041832
v -0.052022 0.127854 0.085615
v -0.057489 0.130057 0.072589
v -0.057489 0.043241 0.072589
v -0.052022 0.045445 0.085615
v 0.041204 0.171636 -0.051394
v 0.043408 0.158611 -0.056862
v -0.043408 0.158611 -0.056862
v -0.041204 0.171636 -0.051394
v 0.056392 0.016459 0.046598
v 0.045970 0.016459 0.057020
v 0.056392 0.132619 -0.069563
v 0.045970 0.143042 -0.069563
v -0.070190 0.143042 0.046598
v 0.071962 0.043783 -0.056862
v 0.084987 0.128156 -0.051394
v -0.041144 0.035743 0.086861
v 0.041144 0.035743 0.086861
v -0.050906 0.172882 -0.040516
v -0.050906 0.172882 0.041771
v -0.050906 0.127793 0.086861
v -0.050906 0.045505 0.086861
v 0.041144 0.172882 -0.050279
v -0.041144 0.172882 -0.050279
v 0.086649 0.037079 0.042442
v -0.049570 0.173298 -0.041186
v -0.049570 0.173298 0.042442
v -0.049570 0.128463 0.087277
v -0.049570 0.044835 0.087277
v 0.041814 0.173298 -0.048942
v -0.041814 0.173298 -0.048942
v 0.086649 0.128463 0.050198
v 0.086649 0.136220 -0.041260
v 0.043699 0.029316 0.070818
v 0.044524 0.030537 0.069995
v 0.044984 0.029425 0.071173
v -0.057333 0.156840 0.044327
v -0.056112 0.156016 0.045151
v -0.057224 0.157194 0.045612
v 0.070545 0.029425 0.045612
v -0.057333 0.130348 0.070818
v -0.057224 0.131634 0.071173
v -0.056112 0.131173 0.069995
v 0.043699 0.156840 -0.056705
v 0.044984 0.157194 -0.056597
v 0.044524 0.156016 -0.055485
v 0.070546 0.131983 -0.056595
v 0.045970 0.030257 0.070818
v -0.056392 0.156840 0.046598
v 0.070190 0.030257 0.046598
v -0.056392 0.132619 0.070818
v 0.045970 0.156840 -0.055765
v 0.044966 0.029470 0.072589
v -0.057180 0.158611 0.045593
v 0.071962 0.029470 0.045593
v -0.057180 0.131615 0.072589
v 0.044966 0.158611 -0.056552
v 0.070191 0.132959 -0.055754
v 0.071961 0.131962 -0.056546
v 0.046286 0.030352 0.072589
v -0.056297 0.158611 0.046914
v 0.071962 0.030352 0.046914
v -0.056297 0.132936 0.072589
v 0.046286 0.158611 -0.055669
v 0.071961 0.133274 -0.055649
v 0.084981 0.129663 -0.051089
v 0.070190 0.143052 -0.045363
v 0.084976 0.130931 -0.050223
v 0.069367 0.142762 -0.043916
v 0.071962 0.142966 -0.045681
v 0.042706 0.034926 0.085615
v 0.042384 0.035703 0.086658
v -0.051723 0.171636 0.043333
v -0.050946 0.172679 0.043011
v 0.084987 0.034926 0.043333
v 0.086030 0.035703 0.043012
v -0.051723 0.129355 0.085615
v -0.050946 0.129033 0.086658
v 0.042706 0.171636 -0.051096
v 0.042384 0.172679 -0.050318
v 0.086025 0.129336 -0.050317
v 0.043978 0.035776 0.085615
v -0.050873 0.171636 0.044606
v 0.084987 0.035776 0.044606
v -0.050873 0.130628 0.085615
v 0.043978 0.171636 -0.050245
v 0.043233 0.036608 0.086861
v -0.050041 0.172882 0.043860
v 0.086233 0.036608 0.043860
v -0.050041 0.129882 0.086861
v 0.043233 0.172882 -0.049414
v 0.086227 0.130177 -0.049402
v 0.070545 0.143876 -0.044368
v 0.056392 0.040679 0.070818
v 0.056112 0.042126 0.069995
v 0.057224 0.041665 0.071173
v 0.070190 0.040679 0.057020
v 0.070545 0.041665 0.057852
v 0.069367 0.042126 0.056740
v -0.045970 0.156840 0.057020
v -0.044524 0.156016 0.056740
v -0.044984 0.157194 0.057852
v 0.056392 0.156840 -0.045342
v 0.057224 0.157194 -0.044357
v 0.056112 0.156016 -0.043896
v -0.045970 0.143042 0.070818
v -0.044984 0.143874 0.071173
v -0.044524 0.142762 0.069995
v 0.056297 0.040363 0.072589
v 0.071962 0.040363 0.056925
v -0.046286 0.158611 0.056925
v 0.056297 0.158611 -0.045659
v -0.046286 0.142946 0.072589
v 0.070190 0.143979 -0.043081
v 0.057333 0.042950 0.070818
v 0.070190 0.042950 0.057961
v -0.043699 0.156840 0.057961
v 0.057333 0.156840 -0.043071
v -0.043699 0.143982 0.070818
v 0.071962 0.143834 -0.044352
v 0.057180 0.041683 0.072589
v 0.071962 0.041683 0.057807
v -0.044966 0.158611 0.057807
v 0.057180 0.158611 -0.044338
v -0.044966 0.143829 0.072589
v 0.084987 0.137542 -0.043417
v 0.086235 0.136699 -0.042677
v 0.071962 0.144139 -0.042794
v 0.057489 0.043241 0.072589
v 0.071962 0.043241 0.058117
v -0.043408 0.158611 0.058117
v 0.057489 0.158611 -0.042780
v -0.043408 0.144139 0.072589
v 0.084987 0.138378 -0.042136
v 0.049570 0.044835 0.087277
v 0.086649 0.136219 0.042442
v 0.084987 0.138671 -0.040635
v 0.086032 0.137596 -0.041818
v 0.050041 0.043417 0.086861
v 0.050873 0.042671 0.085615
v 0.050946 0.044265 0.086658
v 0.086233 0.043417 0.050669
v 0.086030 0.044265 0.051574
v 0.084987 0.042671 0.051501
v -0.043233 0.172882 0.050669
v -0.043978 0.171636 0.051501
v -0.042384 0.172679 0.051574
v 0.050041 0.172882 -0.042605
v 0.050946 0.172679 -0.041756
v 0.050873 0.171636 -0.043351
v -0.043233 0.136690 0.086861
v -0.042384 0.137595 0.086658
v -0.043978 0.137522 0.085615
v 0.051723 0.043944 0.085615
v 0.084987 0.043944 0.052351
v -0.042706 0.171636 0.052351
v 0.051723 0.171636 -0.042078
v -0.042706 0.138373 0.085615
v 0.086649 0.044835 0.050198
v -0.041814 0.173298 0.050198
v 0.049570 0.173298 -0.041186
v -0.041814 0.136219 0.087277
v 0.052022 0.045445 0.085615
v 0.084987 0.045445 0.052650
v -0.041204 0.171636 0.052650
v 0.052022 0.171636 -0.040577
v -0.041204 0.138671 0.085615
v 0.086235 0.137551 -0.040579
v 0.050906 0.045505 0.086861
v 0.086233 0.045505 0.051534
v -0.041144 0.172882 0.051534
v 0.050906 0.172882 -0.040516
v -0.041144 0.137556 0.086861
v 0.070190 0.143982 0.044327
v 0.071962 0.144139 0.044036
v 0.086233 0.137556 0.041771
v 0.049570 0.128463 0.087277
v 0.069367 0.142762 0.045151
v 0.084987 0.138671 0.041832
v 0.041814 0.136219 0.087277
v 0.056392 0.156840 0.046598
v 0.044524 0.156016 0.056740
v 0.056112 0.156016 0.045151
v 0.045970 0.143042 0.070818
v 0.056112 0.131173 0.069995
v 0.044524 0.142762 0.069995
v 0.057333 0.130348 0.070818
v 0.057225 0.131633 0.071173
v 0.043699 0.156840 0.057961
v 0.044984 0.157194 0.057852
v 0.070545 0.143874 0.045612
v 0.070190 0.130348 0.057961
v 0.070545 0.131634 0.057852
v 0.069367 0.131173 0.056740
v 0.057333 0.156840 0.044327
v 0.057224 0.157194 0.045612
v 0.043699 0.143982 0.070818
v 0.044984 0.143874 0.071173
v 0.045970 0.156840 0.057020
v 0.056393 0.132619 0.070818
v 0.070190 0.143042 0.046598
v 0.070190 0.132619 0.057020
v 0.057489 0.130057 0.072589
v 0.043408 0.158611 0.058117
v 0.071962 0.130057 0.058117
v 0.057489 0.158611 0.044036
v 0.043408 0.144139 0.072589
v 0.056297 0.158611 0.046914
v 0.046286 0.142946 0.072589
v 0.057180 0.131615 0.072589
v 0.044966 0.158611 0.057807
v 0.071962 0.143829 0.045593
v 0.071962 0.131615 0.057807
v 0.057180 0.158611 0.045593
v 0.044966 0.143829 0.072589
v 0.056297 0.132936 0.072589
v 0.046286 0.158611 0.056925
v 0.071962 0.142946 0.046914
v 0.071962 0.132936 0.056925
v 0.051723 0.129361 0.085609
v 0.042712 0.171630 0.052350
v 0.051723 0.171637 0.043333
v 0.042705 0.138373 0.085615
v 0.052022 0.127854 0.085615
v 0.041204 0.171636 0.052650
v 0.052022 0.171636 0.041832
v 0.041204 0.138671 0.085615
v 0.043988 0.171625 0.051498
v 0.050870 0.130637 0.085604
v 0.050873 0.171636 0.044606
v 0.043978 0.137522 0.085615
v 0.041814 0.173298 0.050198
v 0.043239 0.172878 0.050667
v 0.049570 0.173298 0.042442
v 0.050039 0.129888 0.086857
v 0.050906 0.172882 0.041771
v 0.050946 0.172679 0.043011
v 0.086030 0.137595 0.043011
v 0.086233 0.127793 0.051534
v 0.086030 0.129033 0.051574
v 0.041144 0.137556 0.086861
v 0.042383 0.137595 0.086658
v 0.041144 0.172882 0.051534
v 0.042389 0.172676 0.051573
v 0.050906 0.127793 0.086861
v 0.050945 0.129038 0.086655
v 0.084987 0.127854 0.052650
v 0.050041 0.172882 0.043860
v 0.086233 0.136690 0.043860
v 0.086233 0.129882 0.050669
v 0.043233 0.136690 0.086861
v 0.084987 0.138373 0.043333
v 0.084987 0.129355 0.052351
v 0.084987 0.137522 0.044606
v 0.084987 0.130628 0.051501
v -0.056112 0.156016 -0.043896
v -0.044524 0.156016 -0.055485
v 0.069367 0.030538 -0.043865
v -0.043699 0.156840 -0.056705
v -0.057333 0.156840 -0.043071
v -0.057333 0.042950 0.070818
v -0.043699 0.029316 0.070818
v -0.056112 0.042126 0.069995
v -0.044524 0.030537 0.069995
v -0.086233 0.136690 0.043860
v -0.086027 0.129038 0.051573
v 0.042384 0.000619 0.051574
v 0.050946 0.129033 -0.085402
v 0.042384 0.137595 -0.085402
v 0.050946 0.000619 0.043012
v -0.086030 0.137595 0.043011
v -0.086229 0.129888 0.050667
v 0.043233 0.000416 0.050669
v 0.043233 0.136690 -0.085605
v 0.050041 0.129882 -0.085605
v 0.050041 0.000416 0.043860
v -0.086233 0.127793 0.051534
v 0.050906 0.127793 -0.085605
v 0.041144 0.137556 -0.085605
v 0.041144 0.000416 0.051534
v 0.050906 0.000416 0.041771
v -0.086233 0.137556 0.041771
v -0.086649 0.128463 0.050198
v 0.041814 0.136219 -0.086021
v 0.041814 0.000000 0.050198
v 0.049570 0.128463 -0.086021
v 0.049570 -0.000000 0.042442
v -0.086649 0.136219 0.042442
v -0.044524 0.142762 -0.068739
v 0.056112 0.017282 -0.043896
v 0.086235 0.043871 -0.049427
v 0.086033 0.044733 -0.050319
v 0.086027 0.035704 -0.041661
v -0.042384 0.172679 -0.050319
v -0.050946 0.172679 -0.041756
v -0.042384 0.035703 0.086658
v -0.050946 0.044265 0.086658
v 0.086231 0.036621 -0.042496
v -0.043233 0.172882 -0.049414
v -0.050041 0.172882 -0.042605
v -0.043233 0.036608 0.086861
v -0.050041 0.043417 0.086861
v 0.084987 0.043133 -0.050274
v 0.084987 0.044417 -0.051104
v 0.084987 0.035805 -0.043250
v -0.043978 0.171636 -0.050245
v -0.050873 0.171636 -0.043351
v -0.050873 0.042671 0.085615
v -0.043978 0.035776 0.085615
v 0.084987 0.034934 -0.041989
v -0.042706 0.171636 -0.051096
v -0.051723 0.171636 -0.042078
v -0.051723 0.043944 0.085615
v -0.042706 0.034926 0.085615
v -0.041814 0.136219 -0.086021
v 0.049570 -0.000000 -0.041186
v 0.056112 0.042126 -0.068739
v -0.044524 0.017282 0.056740
v 0.071962 0.042225 -0.056560
v 0.070544 0.042209 -0.056600
v 0.071961 0.029478 -0.044317
v 0.070546 0.029428 -0.044339
v -0.044966 0.158611 -0.056552
v -0.044984 0.157194 -0.056597
v -0.057180 0.158611 -0.044338
v -0.057224 0.157194 -0.044357
v -0.044966 0.029470 0.072589
v -0.044984 0.029425 0.071173
v -0.057180 0.041683 0.072589
v -0.057224 0.041665 0.071173
v 0.071962 0.040891 -0.055700
v 0.071961 0.030382 -0.045625
v 0.070189 0.041210 -0.055781
v -0.046286 0.158611 -0.055669
v -0.056297 0.158611 -0.045659
v -0.046286 0.030352 0.072589
v -0.056297 0.040363 0.072589
v 0.070191 0.030273 -0.045311
v -0.045970 0.156840 -0.055765
v -0.056392 0.156840 -0.045342
v -0.045970 0.030257 0.070818
v -0.056392 0.040679 0.070818
v -0.069367 0.142762 -0.043896
v -0.070190 0.143982 -0.043071
v -0.043699 0.143982 -0.069563
v -0.070190 0.042950 0.057961
v -0.069367 0.042126 0.056740
v 0.057333 0.042950 -0.069563
v -0.043699 0.016459 0.057961
v 0.057333 0.016459 -0.043071
v -0.043408 0.144139 -0.071334
v -0.071962 0.144139 -0.042780
v -0.071962 0.043241 0.058117
v -0.043408 0.014687 0.058117
v 0.057489 0.043241 -0.071334
v 0.057489 0.014687 -0.042780
v -0.086649 0.044835 0.050198
v -0.086649 0.136219 -0.041186
v 0.049570 0.044835 -0.086021
v -0.041814 -0.000000 0.050198
v -0.084987 0.138671 -0.040577
v -0.041204 0.138671 -0.084359
v -0.084987 0.045445 0.052650
v -0.041204 0.001662 0.052650
v 0.052022 0.001662 -0.040577
v 0.052022 0.045445 -0.084359
v -0.070545 0.143874 -0.044357
v -0.070545 0.041665 0.057852
v -0.044984 0.143874 -0.069917
v 0.057224 0.016104 -0.044357
v -0.044984 0.016104 0.057852
v 0.057224 0.041665 -0.069918
v -0.070190 0.143042 -0.045342
v -0.070190 0.040679 0.057020
v -0.045970 0.143042 -0.069563
v 0.056392 0.016459 -0.045342
v -0.045970 0.016459 0.057020
v 0.056392 0.040679 -0.069563
v -0.071962 0.143829 -0.044338
v -0.044966 0.143829 -0.071334
v -0.071962 0.041683 0.057807
v 0.057180 0.014687 -0.044338
v -0.044966 0.014687 0.057807
v 0.057180 0.041683 -0.071334
v -0.071962 0.142946 -0.045659
v -0.046286 0.142946 -0.071334
v -0.071962 0.040363 0.056925
v 0.056297 0.014687 -0.045659
v -0.046286 0.014687 0.056925
v 0.056297 0.040363 -0.071334
v -0.042705 0.138373 -0.084360
v 0.051723 0.001662 -0.042077
v -0.056112 0.131173 -0.068739
v 0.044524 0.017282 -0.055485
v -0.056393 0.132619 -0.069563
v 0.045970 0.016459 -0.055765
v -0.086233 0.137556 -0.040516
v -0.041144 0.137556 -0.085605
v -0.086233 0.045505 0.051534
v -0.041144 0.000416 0.051534
v 0.050906 0.000416 -0.040516
v 0.050906 0.045505 -0.085605
v -0.043978 0.137522 -0.084359
v 0.050873 0.001662 -0.043351
v -0.056112 0.017282 0.045151
v 0.044524 0.030537 -0.068739
v -0.056297 0.132936 -0.071334
v 0.046286 0.014687 -0.055669
v -0.042383 0.137595 -0.085402
v 0.050946 0.000619 -0.041756
v -0.084987 0.138373 -0.042078
v -0.086030 0.137595 -0.041756
v -0.084987 0.043944 0.052351
v -0.086030 0.044265 0.051574
v -0.042706 0.001662 0.052351
v -0.042384 0.000619 0.051574
v 0.051723 0.043944 -0.084359
v 0.050946 0.044265 -0.085402
v -0.084987 0.137522 -0.043351
v -0.084987 0.042671 0.051501
v -0.043978 0.001662 0.051501
v 0.050873 0.042671 -0.084359
v -0.043233 0.136690 -0.085605
v 0.050041 0.000416 -0.042605
v -0.086233 0.136690 -0.042605
v -0.086233 0.043417 0.050669
v -0.043233 0.000416 0.050669
v 0.050041 0.043417 -0.085605
v -0.086649 0.037079 0.042442
v -0.070190 0.132619 -0.055765
v -0.069367 0.131173 -0.055485
v -0.070545 0.131634 -0.056597
v -0.070190 0.030257 0.046598
v -0.070545 0.029425 0.045612
v -0.069367 0.030537 0.045151
v -0.056392 0.016459 0.046598
v -0.057224 0.016104 0.045612
v 0.045970 0.030257 -0.069563
v 0.044984 0.029425 -0.069918
v -0.057225 0.131633 -0.069917
v 0.044984 0.016104 -0.056597
v -0.071962 0.132936 -0.055669
v -0.071962 0.030352 0.046914
v -0.056297 0.014687 0.046914
v 0.046286 0.030352 -0.071334
v -0.070190 0.130348 -0.056705
v -0.070190 0.029316 0.044327
v -0.057333 0.016459 0.044327
v 0.043699 0.029316 -0.069563
v -0.057333 0.130348 -0.069563
v 0.043699 0.016459 -0.056705
v -0.071962 0.131615 -0.056552
v -0.071962 0.029470 0.045593
v 0.044966 0.029470 -0.071334
v -0.057180 0.014687 0.045593
v -0.057180 0.131615 -0.071334
v 0.044966 0.014687 -0.056552
v -0.050870 0.130637 -0.084348
v 0.043988 0.001673 -0.050242
v -0.050039 0.129888 -0.085601
v 0.043239 0.000420 -0.049411
v 0.041814 0.037079 -0.086021
v -0.049570 0.000000 0.042442
v -0.071962 0.130057 -0.056862
v -0.071962 0.029160 0.044036
v 0.043408 0.029160 -0.071334
v -0.057489 0.014687 0.044036
v -0.057489 0.130057 -0.071334
v 0.043408 0.014687 -0.056862
v -0.051723 0.129361 -0.084353
v 0.042712 0.001668 -0.051095
v -0.086649 0.128463 -0.048942
v -0.049570 0.128463 -0.086021
v 0.041814 0.000000 -0.048942
v -0.052022 0.127854 -0.084359
v 0.041204 0.001662 -0.051394
v 0.042389 0.000622 -0.050318
v -0.050945 0.129038 -0.085399
v -0.086233 0.129882 -0.049414
v -0.084987 0.130628 -0.050245
v -0.086030 0.129033 -0.050318
v -0.086233 0.036608 0.043860
v -0.086030 0.035703 0.043012
v -0.084987 0.035776 0.044606
v -0.050041 0.000416 0.043860
v -0.050873 0.001662 0.044606
v -0.050946 0.000619 0.043012
v 0.043233 0.036608 -0.085605
v 0.043978 0.035776 -0.084359
v 0.042384 0.035703 -0.085402
v -0.084987 0.129355 -0.051096
v -0.051723 0.001662 0.043333
v -0.084987 0.034926 0.043333
v 0.042706 0.034926 -0.084359
v -0.084987 0.127854 -0.051394
v -0.052022 0.001662 0.041832
v -0.084987 0.034627 0.041832
v 0.041204 0.034627 -0.084359
v 0.041144 0.000416 -0.050279
v -0.050906 0.127793 -0.085605
v -0.086233 0.127793 -0.050279
v -0.086233 0.035743 0.041771
v -0.050906 0.000416 0.041771
v 0.041144 0.035743 -0.085605
v -0.044524 0.030537 -0.068739
v -0.056112 0.017282 -0.043896
v -0.041814 0.037079 -0.086021
v -0.086649 0.037079 -0.041186
v -0.049570 -0.000000 -0.041186
v -0.086649 0.044835 -0.048942
v -0.056112 0.042126 -0.068739
v -0.044524 0.017282 -0.055485
v -0.049570 0.044835 -0.086021
v -0.041814 -0.000000 -0.048942
v -0.043699 0.029316 -0.069563
v -0.044984 0.029425 -0.069917
v -0.057333 0.042950 -0.069563
v -0.057224 0.041665 -0.069917
v -0.070190 0.042950 -0.056705
v -0.069367 0.042126 -0.055485
v -0.070545 0.041665 -0.056597
v -0.070190 0.029316 -0.043071
v -0.070545 0.029425 -0.044357
v -0.069367 0.030537 -0.043896
v -0.043699 0.016459 -0.056705
v -0.044984 0.016104 -0.056597
v -0.057333 0.016459 -0.043071
v -0.057224 0.016104 -0.044357
v -0.045970 0.030257 -0.069563
v -0.056392 0.040679 -0.069563
v -0.070190 0.040679 -0.055765
v -0.070190 0.030257 -0.045342
v -0.045970 0.016459 -0.055765
v -0.056392 0.016459 -0.045342
v -0.043408 0.029160 -0.071334
v -0.057489 0.043241 -0.071334
v -0.071962 0.043241 -0.056862
v -0.043408 0.014687 -0.056862
v -0.071962 0.029160 -0.042780
v -0.057489 0.014687 -0.042780
v -0.044966 0.029470 -0.071334
v -0.057180 0.041683 -0.071334
v -0.071962 0.041683 -0.056552
v -0.071962 0.029470 -0.044338
v -0.044966 0.014687 -0.056552
v -0.057180 0.014687 -0.044338
v -0.046286 0.030352 -0.071334
v -0.056297 0.040363 -0.071334
v -0.071962 0.040363 -0.055669
v -0.071962 0.030352 -0.045659
v -0.046286 0.014687 -0.055669
v -0.056297 0.014687 -0.045659
v -0.041144 0.035743 -0.085605
v -0.042384 0.035703 -0.085402
v -0.050906 0.045505 -0.085605
v -0.050946 0.044265 -0.085402
v -0.086233 0.045505 -0.050279
v -0.086030 0.044265 -0.050319
v -0.086233 0.035743 -0.040516
v -0.086030 0.035703 -0.041756
v -0.041144 0.000416 -0.050279
v -0.042384 0.000619 -0.050319
v -0.050906 0.000416 -0.040516
v -0.050946 0.000619 -0.041756
v -0.052022 0.045445 -0.084359
v -0.041204 0.034627 -0.084359
v -0.084987 0.045445 -0.051394
v -0.084987 0.034627 -0.040577
v -0.041204 0.001662 -0.051394
v -0.052022 0.001662 -0.040577
v -0.050041 0.043417 -0.085605
v -0.043233 0.036608 -0.085605
v -0.086233 0.043417 -0.049414
v -0.086233 0.036608 -0.042605
v -0.043233 0.000416 -0.049414
v -0.050041 0.000416 -0.042605
v -0.051723 0.043944 -0.084359
v -0.042706 0.034926 -0.084359
v -0.084987 0.043944 -0.051096
v -0.084987 0.034926 -0.042078
v -0.042706 0.001662 -0.051096
v -0.051723 0.001662 -0.042078
v -0.050873 0.042671 -0.084359
v -0.084987 0.042671 -0.050245
v -0.043978 0.035776 -0.084359
v -0.084987 0.035776 -0.043351
v -0.043978 0.001662 -0.050245
v -0.050873 0.001662 -0.043351
v -0.010514 0.053771 -0.079557
v -0.010053 0.053400 -0.079557
v -0.009492 0.053212 -0.079557
v -0.009886 0.053705 -0.083119
v -0.009325 0.053517 -0.083119
v -0.009460 0.053291 -0.082579
v -0.009506 0.053214 -0.081997
v -0.010056 0.053401 -0.081990
v -0.010514 0.053771 -0.081983
v -0.010472 0.053848 -0.082577
v -0.010348 0.054075 -0.083119
v 0.007557 0.051039 -0.083101
v 0.008138 0.051107 -0.083102
v 0.008152 0.050870 -0.082579
v 0.008161 0.050789 -0.081997
v 0.007569 0.050720 -0.082005
v 0.006982 0.050754 -0.082012
v 0.006980 0.050836 -0.082580
v 0.006973 0.051075 -0.083102
v 0.006982 0.050754 -0.079557
v 0.007566 0.050719 -0.079557
v 0.008147 0.050786 -0.079557
v -0.022491 0.067966 -0.079557
v -0.022327 0.067400 -0.079557
v -0.022008 0.066906 -0.079557
v -0.022021 0.067539 -0.083111
v -0.021702 0.067045 -0.083111
v -0.021930 0.066942 -0.082578
v -0.022009 0.066907 -0.081997
v -0.022327 0.067401 -0.081997
v -0.022491 0.067966 -0.081996
v -0.022413 0.068001 -0.082579
v -0.022185 0.068105 -0.083111
v -0.025142 0.087866 -0.079557
v -0.025122 0.087283 -0.079557
v -0.025063 0.086703 -0.079557
v -0.024810 0.087305 -0.083097
v -0.024750 0.086724 -0.083097
v -0.024981 0.086696 -0.082576
v -0.025059 0.086681 -0.081997
v -0.025121 0.087275 -0.082012
v -0.025142 0.087866 -0.082020
v -0.025062 0.087871 -0.082581
v -0.024829 0.087887 -0.083097
v -0.024660 0.112210 -0.079557
v -0.025016 0.111732 -0.079557
v -0.025142 0.111149 -0.079557
v -0.024683 0.111581 -0.083130
v -0.024809 0.110998 -0.083129
v -0.025060 0.111133 -0.082573
v -0.025142 0.111182 -0.081997
v -0.025016 0.111741 -0.081981
v -0.024660 0.112210 -0.081964
v -0.024575 0.112172 -0.082575
v -0.024328 0.112059 -0.083129
v -0.011241 0.123408 -0.079557
v -0.011823 0.123302 -0.079557
v -0.012332 0.122998 -0.079557
v -0.011701 0.122975 -0.083119
v -0.012209 0.122671 -0.083120
v -0.012291 0.122923 -0.082579
v -0.012320 0.123008 -0.081997
v -0.011820 0.123305 -0.081990
v -0.011241 0.123408 -0.081982
v -0.011209 0.123324 -0.082577
v -0.011118 0.123081 -0.083120
v 0.012407 0.122962 -0.079557
v 0.011913 0.123292 -0.079557
v 0.011330 0.123408 -0.079557
v 0.011776 0.122962 -0.083124
v 0.011194 0.123078 -0.083124
v 0.011312 0.123325 -0.082576
v 0.011354 0.123408 -0.081997
v 0.011919 0.123292 -0.081985
v 0.012407 0.122962 -0.081973
v 0.012372 0.122878 -0.082576
v 0.012270 0.122632 -0.083124
v 0.023587 0.111160 -0.079557
v 0.023466 0.111741 -0.079557
v 0.023135 0.112234 -0.079557
v 0.023138 0.111604 -0.083123
v 0.022807 0.112096 -0.083123
v 0.023063 0.112188 -0.082577
v 0.023151 0.112218 -0.081997
v 0.023470 0.111737 -0.081986
v 0.023587 0.111160 -0.081975
v 0.023503 0.111125 -0.082576
v 0.023259 0.111022 -0.083123
v 0.023457 0.093698 -0.079557
v 0.023692 0.094237 -0.079557
v 0.023768 0.094821 -0.079557
v 0.023370 0.094326 -0.083110
v 0.023446 0.094910 -0.083110
v 0.023686 0.094843 -0.082579
v 0.023768 0.094821 -0.081997
v 0.023692 0.094237 -0.081998
v 0.023457 0.093698 -0.081998
v 0.023375 0.093721 -0.082579
v 0.023135 0.093787 -0.083110
v 0.014814 0.080721 -0.079557
v 0.015392 0.080885 -0.079557
v 0.015823 0.081304 -0.079557
v 0.015198 0.081220 -0.083142
v 0.015630 0.081639 -0.083141
v 0.015753 0.081353 -0.082586
v 0.015794 0.081256 -0.081997
v 0.015384 0.080872 -0.081970
v 0.014814 0.080721 -0.081942
v 0.014764 0.080807 -0.082572
v 0.014620 0.081057 -0.083141
v -0.005279 0.079281 -0.079557
v -0.005110 0.079899 -0.079557
v -0.004535 0.080179 -0.079557
v -0.005492 0.080214 -0.083128
v -0.004904 0.080501 -0.083128
v -0.004636 0.080267 -0.082599
v -0.004545 0.080179 -0.082004
v -0.005114 0.079904 -0.082009
v -0.005282 0.079301 -0.082011
v -0.005386 0.079370 -0.082606
v -0.005664 0.079583 -0.083128
v -0.004049 0.074300 -0.079557
v -0.004439 0.074746 -0.079557
v -0.004639 0.075304 -0.079557
v -0.004742 0.074568 -0.083121
v -0.004943 0.075125 -0.083121
v -0.004716 0.075245 -0.082584
v -0.004636 0.075285 -0.081997
v -0.004438 0.074741 -0.081987
v -0.004049 0.074300 -0.081979
v -0.004126 0.074254 -0.082576
v -0.004352 0.074121 -0.083121
v 0.003409 0.069159 -0.079557
v 0.002810 0.069098 -0.079557
v 0.002258 0.069339 -0.079557
v 0.002749 0.068713 -0.083137
v 0.002205 0.068950 -0.083137
v 0.002249 0.069237 -0.082582
v 0.002261 0.069336 -0.082001
v 0.002808 0.069097 -0.082004
v 0.003401 0.069156 -0.082005
v 0.003384 0.069058 -0.082587
v 0.003340 0.068773 -0.083137
v 0.018762 0.073982 -0.079557
v 0.018346 0.074460 -0.079557
v 0.017713 0.074490 -0.079557
v 0.018133 0.074021 -0.083128
v 0.017487 0.074051 -0.083128
v 0.017657 0.074381 -0.082571
v 0.017722 0.074493 -0.082004
v 0.018347 0.074466 -0.082008
v 0.018756 0.074000 -0.082011
v 0.018706 0.073877 -0.082596
v 0.018559 0.073533 -0.083128
v 0.024286 0.054104 -0.079557
v 0.024805 0.054476 -0.079557
v 0.024873 0.055111 -0.079557
v 0.024365 0.054733 -0.083130
v 0.024435 0.055383 -0.083130
v 0.024765 0.055177 -0.082569
v 0.024876 0.055100 -0.082005
v 0.024812 0.054475 -0.082009
v 0.024308 0.054108 -0.082013
v 0.024183 0.054170 -0.082599
v 0.023833 0.054351 -0.083130
v 0.004717 0.099967 -0.079557
v 0.004640 0.099347 -0.079557
v 0.004168 0.098939 -0.079557
v 0.005028 0.099140 -0.083124
v 0.004549 0.098726 -0.083124
v 0.004269 0.098881 -0.082595
v 0.004173 0.098941 -0.082002
v 0.004643 0.099345 -0.082006
v 0.004719 0.099956 -0.082006
v 0.004822 0.099911 -0.082595
v 0.005106 0.099769 -0.083124
v 0.000038 0.097227 -0.083125
v -0.000538 0.097376 -0.083125
v -0.000508 0.097633 -0.082588
v -0.000495 0.097723 -0.081997
v 0.000063 0.097581 -0.081983
v 0.000645 0.097670 -0.081971
v 0.000640 0.097579 -0.082576
v 0.000625 0.097312 -0.083125
v 0.000645 0.097670 -0.079557
v 0.000057 0.097584 -0.079557
v -0.000519 0.097734 -0.079557
v 0.002613 0.105422 -0.079557
v 0.003196 0.105222 -0.079557
v 0.003532 0.104705 -0.079557
v 0.003451 0.105548 -0.083122
v 0.003790 0.105026 -0.083122
v 0.003600 0.104789 -0.082589
v 0.003531 0.104709 -0.082001
v 0.003198 0.105223 -0.082002
v 0.002622 0.105422 -0.082004
v 0.002681 0.105509 -0.082591
v 0.002862 0.105751 -0.083122
v -0.004350 0.104613 -0.079557
v -0.004094 0.105187 -0.079557
v -0.003512 0.105422 -0.079557
v -0.004409 0.105513 -0.083124
v -0.003818 0.105753 -0.083125
v -0.003592 0.105512 -0.082598
v -0.003519 0.105422 -0.082002
v -0.004096 0.105191 -0.082005
v -0.004349 0.104626 -0.082008
v -0.004436 0.104702 -0.082597
v -0.004669 0.104929 -0.083125
v -0.003893 0.099385 -0.079557
v -0.004341 0.099796 -0.079557
v -0.004493 0.100384 -0.079557
v -0.004696 0.099583 -0.083148
v -0.004845 0.100159 -0.083147
v -0.004582 0.100319 -0.082585
v -0.004493 0.100378 -0.082003
v -0.004344 0.099796 -0.082006
v -0.003904 0.099391 -0.082008
v -0.003996 0.099338 -0.082590
v -0.004257 0.099181 -0.083147
v -0.008424 0.055385 -0.085886
v -0.008511 0.054896 -0.085460
v -0.009087 0.055094 -0.085484
v -0.009574 0.055491 -0.085507
v -0.009225 0.055830 -0.085905
v -0.008659 0.055950 -0.086021
v 0.007949 0.053173 -0.085906
v 0.008101 0.052622 -0.085456
v 0.007511 0.052554 -0.085454
v 0.006923 0.052588 -0.085452
v 0.007046 0.053147 -0.085904
v 0.007489 0.053527 -0.086021
v -0.019887 0.068025 -0.085894
v -0.020287 0.067686 -0.085456
v -0.020611 0.068185 -0.085454
v -0.020776 0.068755 -0.085453
v -0.020257 0.068835 -0.085893
v -0.019730 0.068584 -0.086021
v -0.022655 0.086996 -0.085916
v -0.023254 0.086822 -0.085456
v -0.023316 0.087413 -0.085453
v -0.023337 0.087998 -0.085451
v -0.022719 0.087906 -0.085915
v -0.022326 0.087474 -0.086021
v -0.022857 0.110243 -0.085879
v -0.023332 0.110283 -0.085460
v -0.023200 0.110881 -0.085478
v -0.022827 0.111378 -0.085496
v -0.022482 0.111059 -0.085894
v -0.022311 0.110504 -0.086021
v -0.011381 0.120768 -0.085885
v -0.011693 0.121151 -0.085460
v -0.011169 0.121460 -0.085483
v -0.010549 0.121568 -0.085506
v -0.010522 0.121084 -0.085904
v -0.010799 0.120577 -0.086021
v 0.010501 0.121114 -0.085882
v 0.010530 0.121598 -0.085460
v 0.011128 0.121476 -0.085481
v 0.011646 0.121125 -0.085501
v 0.011337 0.120762 -0.085899
v 0.010788 0.120577 -0.086021
v 0.020934 0.111187 -0.085883
v 0.021296 0.111512 -0.085460
v 0.021634 0.111004 -0.085481
v 0.021758 0.110390 -0.085502
v 0.021281 0.110348 -0.085900
v 0.020761 0.110603 -0.086021
v 0.021426 0.095326 -0.085895
v 0.021954 0.095327 -0.085456
v 0.021878 0.094738 -0.085454
v 0.021641 0.094194 -0.085453
v 0.021189 0.094467 -0.085894
v 0.020947 0.094998 -0.086021
v 0.014454 0.083408 -0.085874
v 0.014810 0.083112 -0.085460
v 0.014370 0.082685 -0.085472
v 0.013777 0.082519 -0.085484
v 0.013692 0.082971 -0.085884
v 0.013867 0.083527 -0.086021
v -0.006673 0.082373 -0.085873
v -0.006661 0.081933 -0.085464
v -0.007234 0.081658 -0.085467
v -0.007403 0.081053 -0.085469
v -0.007835 0.080983 -0.085874
v -0.006756 0.074301 -0.085872
v -0.006323 0.074372 -0.085460
v -0.006119 0.073749 -0.085484
v -0.005750 0.073299 -0.085504
v -0.006008 0.072970 -0.085884
v 0.001646 0.066959 -0.085872
v 0.001917 0.067304 -0.085460
v 0.002490 0.067043 -0.085470
v 0.003086 0.067092 -0.085481
v 0.003236 0.066690 -0.085877
v 0.016547 0.071671 -0.085857
v 0.016577 0.072132 -0.085464
v 0.017204 0.072103 -0.085466
v 0.017616 0.071630 -0.085468
v 0.017274 0.071320 -0.085859
v 0.016711 0.071080 -0.086021
v 0.021658 0.055844 -0.085856
v 0.021452 0.056429 -0.086021
v 0.022063 0.056539 -0.085856
v 0.022526 0.056472 -0.085465
v 0.022458 0.055843 -0.085465
v 0.021944 0.055474 -0.085465
v 0.008002 0.098315 -0.086021
v 0.008054 0.097708 -0.086021
v 0.007759 0.097222 -0.086021
v 0.007038 0.097541 -0.085937
v 0.006365 0.097806 -0.085460
v 0.006789 0.098204 -0.085441
v 0.006843 0.098832 -0.085424
v 0.007389 0.098577 -0.085816
v -0.000863 0.095399 -0.085872
v -0.000670 0.095793 -0.085460
v -0.000045 0.095612 -0.085482
v 0.000536 0.095680 -0.085500
v 0.000678 0.095285 -0.085883
v 0.005365 0.106637 -0.085872
v 0.004941 0.106534 -0.085460
v 0.004608 0.107030 -0.085453
v 0.004020 0.107224 -0.085445
v 0.004020 0.107669 -0.085868
v -0.005323 0.107671 -0.085872
v -0.005323 0.107233 -0.085460
v -0.005841 0.106989 -0.085437
v -0.006071 0.106394 -0.085414
v -0.006531 0.106409 -0.085860
v -0.006780 0.099298 -0.085872
v -0.006342 0.099283 -0.085460
v -0.006192 0.098685 -0.085465
v -0.005747 0.098272 -0.085468
v -0.005938 0.097881 -0.085874
v 0.032820 0.166834 0.022710
v 0.032951 0.166834 0.023329
v 0.032600 0.166834 0.023855
v 0.032478 0.170404 0.023238
v 0.032120 0.170404 0.023775
v 0.032481 0.169842 0.023837
v 0.032607 0.169281 0.023850
v 0.032956 0.169284 0.023332
v 0.032830 0.169287 0.022725
v 0.032707 0.169846 0.022690
v 0.032344 0.170404 0.022606
v 0.012962 0.170389 0.036362
v 0.012379 0.170389 0.036446
v 0.012452 0.169855 0.036686
v 0.012477 0.169274 0.036768
v 0.013058 0.169273 0.036685
v 0.013591 0.169272 0.036435
v 0.013567 0.169855 0.036353
v 0.013495 0.170389 0.036113
v 0.013591 0.166834 0.036435
v 0.013058 0.166834 0.036685
v 0.012475 0.166834 0.036768
v 0.019338 0.166834 0.004722
v 0.019955 0.166834 0.004591
v 0.020484 0.166834 0.004933
v 0.019869 0.170404 0.005057
v 0.020409 0.170404 0.005406
v 0.020468 0.169844 0.005050
v 0.020480 0.169280 0.004926
v 0.019957 0.169283 0.004586
v 0.019352 0.169286 0.004713
v 0.019320 0.169869 0.004837
v 0.019240 0.170404 0.005191
v 0.007634 0.166834 0.011912
v 0.008210 0.166834 0.012124
v 0.008799 0.166834 0.011952
v 0.008196 0.170399 0.012529
v 0.008791 0.170399 0.012355
v 0.008797 0.169864 0.012058
v 0.008796 0.169277 0.011954
v 0.008211 0.169279 0.012125
v 0.007640 0.169280 0.011917
v 0.007630 0.169866 0.012020
v 0.007614 0.170399 0.012315
v 0.003325 0.166834 0.008073
v 0.003588 0.166834 0.008600
v 0.003992 0.166834 0.009029
v 0.003315 0.170387 0.008793
v 0.003717 0.170388 0.009221
v 0.003921 0.169856 0.009077
v 0.003991 0.169274 0.009028
v 0.003588 0.169273 0.008600
v 0.003325 0.169273 0.008073
v 0.003255 0.169855 0.008123
v 0.003050 0.170388 0.008265
v 0.002022 0.166834 0.001962
v 0.001679 0.166834 0.002467
v 0.001686 0.166834 0.003078
v 0.001266 0.170430 0.002344
v 0.001275 0.170429 0.002939
v 0.001579 0.169863 0.003034
v 0.001684 0.169281 0.003070
v 0.001675 0.169284 0.002468
v 0.002010 0.169287 0.001971
v 0.001904 0.169868 0.001942
v 0.001602 0.170429 0.001851
v 0.030019 0.166834 -0.021116
v 0.030101 0.166834 -0.020502
v 0.029773 0.166834 -0.019977
v 0.029680 0.170400 -0.020593
v 0.029348 0.170400 -0.020060
v 0.029666 0.169850 -0.019997
v 0.029777 0.169278 -0.019980
v 0.030103 0.169280 -0.020500
v 0.030023 0.169282 -0.021107
v 0.029915 0.169851 -0.021138
v 0.029597 0.170400 -0.021215
v 0.022266 0.166834 -0.034807
v 0.022846 0.166834 -0.034638
v 0.023257 0.166834 -0.034194
v 0.022639 0.170418 -0.034303
v 0.023043 0.170418 -0.033867
v 0.023198 0.169869 -0.034116
v 0.023255 0.169279 -0.034199
v 0.022848 0.169281 -0.034639
v 0.022276 0.169283 -0.034807
v 0.022224 0.169866 -0.034720
v 0.022069 0.170418 -0.034470
v -0.033074 0.166834 -0.034656
v -0.032932 0.166834 -0.035289
v -0.032346 0.166834 -0.035566
v -0.032493 0.170411 -0.034937
v -0.031887 0.170411 -0.035224
v -0.032234 0.169881 -0.035477
v -0.032362 0.169285 -0.035566
v -0.032940 0.169290 -0.035299
v -0.033081 0.169295 -0.034687
v -0.032966 0.169883 -0.034579
v -0.032639 0.170411 -0.034283
v -0.026964 0.166834 -0.012404
v -0.027563 0.166834 -0.012571
v -0.027908 0.166834 -0.013088
v -0.027306 0.170400 -0.012926
v -0.027656 0.170401 -0.013450
v -0.027846 0.169849 -0.013179
v -0.027907 0.169279 -0.013082
v -0.027566 0.169281 -0.012569
v -0.026975 0.169283 -0.012403
v -0.026902 0.169851 -0.012491
v -0.026699 0.170401 -0.012757
v -0.008412 0.166834 -0.012803
v -0.008174 0.166834 -0.013501
v -0.008792 0.166834 -0.013905
v -0.006974 0.170438 -0.013916
v -0.007646 0.170438 -0.014353
v -0.008398 0.169942 -0.014049
v -0.008690 0.169301 -0.013913
v -0.008072 0.169315 -0.013548
v -0.008240 0.169327 -0.012916
v -0.007936 0.169973 -0.012973
v -0.007233 0.170438 -0.013157
v -0.025709 0.166834 -0.000616
v -0.025666 0.166834 -0.001225
v -0.025280 0.166834 -0.001699
v -0.025276 0.170430 -0.001071
v -0.024900 0.170430 -0.001533
v -0.025189 0.169872 -0.001651
v -0.025286 0.169281 -0.001695
v -0.025668 0.169284 -0.001228
v -0.025713 0.169287 -0.000631
v -0.025612 0.169871 -0.000593
v -0.025319 0.170430 -0.000477
v -0.018931 0.166834 0.026106
v -0.019338 0.166834 0.025677
v -0.019574 0.166834 0.025135
v -0.019049 0.170395 0.025485
v -0.019284 0.170395 0.024943
v -0.019498 0.169856 0.025096
v -0.019571 0.169274 0.025148
v -0.019338 0.169267 0.025681
v -0.018931 0.169261 0.026106
v -0.018857 0.169854 0.026057
v -0.018641 0.170395 0.025915
v -0.003976 0.166834 0.036677
v -0.004558 0.166834 0.036581
v -0.005082 0.166834 0.036310
v -0.004452 0.170391 0.036259
v -0.004975 0.170391 0.035988
v -0.005049 0.169858 0.036231
v -0.005077 0.169274 0.036314
v -0.004557 0.169271 0.036582
v -0.003976 0.169268 0.036677
v -0.003949 0.169855 0.036595
v -0.003869 0.170391 0.036354
v 0.029705 0.173141 0.023084
v 0.030120 0.172737 0.023325
v 0.030454 0.172709 0.022823
v 0.030327 0.172681 0.022231
v 0.029849 0.173117 0.022319
v 0.029319 0.173298 0.022631
v 0.011924 0.173171 0.034434
v 0.011931 0.172733 0.034957
v 0.012520 0.172731 0.034874
v 0.013058 0.172730 0.034622
v 0.012777 0.173170 0.034180
v 0.012242 0.173298 0.033947
v 0.019008 0.173141 0.007666
v 0.019295 0.173298 0.008185
v 0.019748 0.173141 0.007802
v 0.019985 0.172737 0.007388
v 0.019499 0.172737 0.007075
v 0.018934 0.172737 0.007195
v 0.008962 0.173149 0.014567
v 0.008714 0.172737 0.014205
v 0.008133 0.172733 0.014370
v 0.007557 0.172730 0.014155
v 0.007283 0.173147 0.014500
v 0.002175 0.173148 0.010454
v 0.002446 0.172733 0.010112
v 0.002042 0.172732 0.009680
v 0.001776 0.172730 0.009145
v 0.001360 0.173147 0.009283
v -0.016916 0.173298 0.024074
v -0.000844 0.173149 0.002578
v -0.000428 0.172737 0.002441
v -0.000436 0.172737 0.001831
v -0.000092 0.172736 0.001326
v -0.000364 0.173149 0.000981
v -0.022660 0.173298 -0.000034
v 0.027115 0.173142 -0.020735
v 0.027502 0.172737 -0.020489
v 0.027823 0.172726 -0.021005
v 0.027743 0.172715 -0.021606
v 0.027287 0.173132 -0.021534
v 0.026778 0.173298 -0.021218
v 0.021795 0.173147 -0.032101
v 0.022156 0.172737 -0.032382
v 0.021739 0.172745 -0.032831
v 0.021150 0.172752 -0.033003
v 0.021056 0.173154 -0.032557
v 0.021209 0.173298 -0.031990
v -0.030302 0.173131 -0.032678
v -0.029663 0.173298 -0.032673
v -0.029808 0.173131 -0.033296
v -0.030049 0.172744 -0.033719
v -0.030628 0.172744 -0.033446
v -0.030768 0.172744 -0.032820
v -0.026118 0.173141 -0.015241
v -0.026501 0.172737 -0.014985
v -0.026164 0.172723 -0.014480
v -0.025579 0.172709 -0.014317
v -0.025462 0.173130 -0.014767
v -0.025542 0.173298 -0.015363
v -0.001800 0.173153 -0.016753
v -0.001763 0.172753 -0.016312
v -0.001128 0.172762 -0.015939
v -0.001295 0.172770 -0.015295
v -0.001057 0.173158 -0.014931
v -0.022889 0.173144 -0.000579
v -0.023226 0.172737 -0.000884
v -0.023611 0.172736 -0.000411
v -0.023655 0.172736 0.000199
v -0.023201 0.173143 0.000207
v -0.017500 0.173163 0.023887
v -0.017980 0.172737 0.024015
v -0.017733 0.172761 0.024572
v -0.017296 0.172784 0.025024
v -0.016988 0.173182 0.024647
v -0.004231 0.173167 0.034056
v -0.004533 0.172737 0.034466
v -0.003993 0.172762 0.034740
v -0.003366 0.172789 0.034837
v -0.003351 0.173188 0.034340
v -0.003652 0.173298 0.033847
v 0.080185 0.061438 0.023017
v 0.080185 0.061320 0.023632
v 0.080185 0.061650 0.024163
v 0.083753 0.061767 0.023549
v 0.083753 0.062101 0.024090
v 0.083198 0.061763 0.024146
v 0.082630 0.061644 0.024159
v 0.082633 0.061317 0.023634
v 0.082635 0.061430 0.023029
v 0.083196 0.061546 0.022996
v 0.083753 0.061886 0.022924
v 0.083752 0.078419 0.036207
v 0.083752 0.079012 0.036239
v 0.083204 0.078929 0.036501
v 0.082625 0.078900 0.036588
v 0.082613 0.078324 0.036553
v 0.082601 0.077795 0.036295
v 0.083204 0.077817 0.036206
v 0.083752 0.077884 0.035949
v 0.080185 0.077795 0.036295
v 0.080185 0.078330 0.036552
v 0.080185 0.078923 0.036585
v 0.080185 0.071095 0.009074
v 0.080185 0.070474 0.009029
v 0.080185 0.069978 0.009406
v 0.083752 0.070600 0.009455
v 0.083752 0.070097 0.009837
v 0.083199 0.070006 0.009514
v 0.082630 0.069981 0.009401
v 0.082632 0.070471 0.009027
v 0.082634 0.071084 0.009069
v 0.083201 0.071125 0.009178
v 0.083752 0.071231 0.009500
v 0.080185 0.087188 0.015744
v 0.080185 0.086652 0.016040
v 0.080185 0.086044 0.015967
v 0.083749 0.086728 0.016434
v 0.083749 0.086115 0.016360
v 0.083215 0.086062 0.016069
v 0.082628 0.086047 0.015968
v 0.082629 0.086651 0.016041
v 0.082631 0.087183 0.015749
v 0.083216 0.087208 0.015848
v 0.083749 0.087269 0.016136
v 0.080185 0.088970 0.012546
v 0.080185 0.089306 0.013093
v 0.080185 0.089104 0.013703
v 0.083757 0.089808 0.013036
v 0.083756 0.089602 0.013660
v 0.083228 0.089241 0.013691
v 0.082632 0.089112 0.013695
v 0.082636 0.089314 0.013095
v 0.082640 0.088988 0.012558
v 0.083235 0.089113 0.012529
v 0.083756 0.089464 0.012475
v 0.080185 0.078060 0.004683
v 0.080185 0.078235 0.005255
v 0.080185 0.078645 0.005691
v 0.083763 0.078560 0.005067
v 0.083763 0.078970 0.005503
v 0.083198 0.078701 0.005630
v 0.082625 0.078609 0.005667
v 0.082603 0.078225 0.005249
v 0.082582 0.078060 0.004683
v 0.083201 0.078144 0.004635
v 0.083763 0.078385 0.004495
v 0.080185 0.078213 -0.003692
v 0.080185 0.077725 -0.003317
v 0.080185 0.077567 -0.002723
v 0.083750 0.078072 -0.003086
v 0.083750 0.077912 -0.002485
v 0.083203 0.077653 -0.002662
v 0.082629 0.077566 -0.002727
v 0.082631 0.077723 -0.003318
v 0.082632 0.078205 -0.003690
v 0.083202 0.078299 -0.003635
v 0.083750 0.078566 -0.003465
v 0.080185 0.091832 -0.009067
v 0.080185 0.091668 -0.008475
v 0.080185 0.091179 -0.008102
v 0.083750 0.092006 -0.008246
v 0.083750 0.091513 -0.007869
v 0.083216 0.091266 -0.008041
v 0.082628 0.091183 -0.008104
v 0.082630 0.091669 -0.008473
v 0.082631 0.091833 -0.009060
v 0.083218 0.091922 -0.009006
v 0.083750 0.092173 -0.008844
v 0.080185 0.090881 -0.014088
v 0.080185 0.091396 -0.013755
v 0.080185 0.091616 -0.013184
v 0.083749 0.091709 -0.014009
v 0.083749 0.091931 -0.013432
v 0.083215 0.091698 -0.013248
v 0.082628 0.091616 -0.013187
v 0.082630 0.091398 -0.013756
v 0.082631 0.090888 -0.014087
v 0.083217 0.090964 -0.014156
v 0.083749 0.091190 -0.014346
v 0.080185 0.081914 -0.015888
v 0.080185 0.082442 -0.016177
v 0.080185 0.083044 -0.016173
v 0.083772 0.082346 -0.016557
v 0.083771 0.082948 -0.016552
v 0.083235 0.082984 -0.016286
v 0.082625 0.082986 -0.016188
v 0.082595 0.082426 -0.016181
v 0.082565 0.081914 -0.015888
v 0.083199 0.081890 -0.015985
v 0.083771 0.081818 -0.016267
v 0.080185 0.072058 -0.007729
v 0.080185 0.072639 -0.007490
v 0.080185 0.073224 -0.007719
v 0.083753 0.072643 -0.007954
v 0.083754 0.073239 -0.008187
v 0.083196 0.073229 -0.007835
v 0.082631 0.073218 -0.007713
v 0.082634 0.072640 -0.007485
v 0.082636 0.072069 -0.007719
v 0.083199 0.072060 -0.007841
v 0.083754 0.072052 -0.008197
v 0.080185 0.061597 -0.019081
v 0.080185 0.061361 -0.018496
v 0.080185 0.061609 -0.017915
v 0.083755 0.061838 -0.018500
v 0.083755 0.062091 -0.017908
v 0.083194 0.061728 -0.017911
v 0.082631 0.061603 -0.017921
v 0.082634 0.061355 -0.018494
v 0.082638 0.061586 -0.019069
v 0.083220 0.061714 -0.019079
v 0.083755 0.062079 -0.019097
v 0.080185 0.075987 -0.033098
v 0.080185 0.075417 -0.032941
v 0.080185 0.074934 -0.032599
v 0.083746 0.075565 -0.032628
v 0.083746 0.075083 -0.032285
v 0.083207 0.074980 -0.032527
v 0.082625 0.074944 -0.032608
v 0.082618 0.075419 -0.032944
v 0.082612 0.075987 -0.033098
v 0.083205 0.076025 -0.033018
v 0.083746 0.076136 -0.032785
v 0.080185 0.101879 -0.035001
v 0.080185 0.101384 -0.035339
v 0.080185 0.100791 -0.035421
v 0.083763 0.101249 -0.034988
v 0.083763 0.100656 -0.035070
v 0.083197 0.100786 -0.035338
v 0.082625 0.100835 -0.035425
v 0.082603 0.101396 -0.035340
v 0.082581 0.101879 -0.035001
v 0.083201 0.101844 -0.034911
v 0.083763 0.101743 -0.034651
v 0.080185 0.113042 -0.022160
v 0.080185 0.112944 -0.022746
v 0.080185 0.112634 -0.023252
v 0.083750 0.112612 -0.022622
v 0.083751 0.112302 -0.023128
v 0.083205 0.112561 -0.023209
v 0.082625 0.112649 -0.023236
v 0.082615 0.112948 -0.022741
v 0.082603 0.113042 -0.022160
v 0.083204 0.112957 -0.022128
v 0.083751 0.112709 -0.022036
v 0.080185 0.111950 -0.000338
v 0.080185 0.112339 -0.000791
v 0.080185 0.112490 -0.001370
v 0.083762 0.112008 -0.000965
v 0.083762 0.112158 -0.001544
v 0.083198 0.112408 -0.001386
v 0.082625 0.112489 -0.001328
v 0.082604 0.112339 -0.000780
v 0.082583 0.111950 -0.000338
v 0.083201 0.111865 -0.000382
v 0.083762 0.111618 -0.000511
v 0.080185 0.104441 0.006195
v 0.080185 0.104303 0.005581
v 0.080185 0.104633 0.005045
v 0.083752 0.103855 0.005506
v 0.083753 0.104189 0.004962
v 0.083226 0.104514 0.005021
v 0.082630 0.104627 0.005049
v 0.082634 0.104299 0.005579
v 0.082635 0.104433 0.006184
v 0.083225 0.104318 0.006174
v 0.083753 0.103994 0.006130
v 0.080185 0.110466 0.015985
v 0.080185 0.110612 0.015396
v 0.080185 0.110419 0.014821
v 0.083773 0.110210 0.015413
v 0.083773 0.110021 0.014849
v 0.083221 0.110320 0.014835
v 0.082630 0.110423 0.014826
v 0.082633 0.110615 0.015395
v 0.082636 0.110472 0.015975
v 0.083218 0.110369 0.015977
v 0.083773 0.110067 0.015990
v 0.080185 0.099626 0.033640
v 0.080185 0.100184 0.033426
v 0.080185 0.100593 0.032989
v 0.083761 0.099976 0.033116
v 0.083761 0.100384 0.032680
v 0.083198 0.100529 0.032936
v 0.082625 0.100572 0.033025
v 0.082605 0.100179 0.033435
v 0.082584 0.099626 0.033640
v 0.083202 0.099573 0.033561
v 0.083761 0.099418 0.033331
v 0.086492 0.064290 0.022689
v 0.086649 0.064799 0.022988
v 0.086492 0.064431 0.023449
v 0.086088 0.064027 0.023685
v 0.086087 0.063719 0.023188
v 0.086088 0.063829 0.022612
v 0.086510 0.079421 0.034197
v 0.086088 0.079461 0.034680
v 0.086108 0.078852 0.034643
v 0.086129 0.078290 0.034369
v 0.086527 0.078544 0.033966
v 0.086649 0.079062 0.033705
v 0.086492 0.070964 0.012054
v 0.086088 0.070687 0.011682
v 0.086072 0.071170 0.011315
v 0.086056 0.071775 0.011359
v 0.086479 0.071736 0.011824
v 0.086649 0.071465 0.012363
v 0.086500 0.086291 0.018557
v 0.086088 0.086475 0.018159
v 0.086086 0.087077 0.018229
v 0.086083 0.087613 0.017931
v 0.086498 0.087934 0.018233
v 0.086649 0.098509 0.030940
v 0.086649 0.093551 0.012185
v 0.086649 0.093634 0.013033
v 0.086568 0.092747 0.013175
v 0.086092 0.091900 0.013375
v 0.086091 0.092102 0.012772
v 0.086090 0.091773 0.012231
v 0.086528 0.092552 0.012261
v 0.086633 0.093687 0.012589
v 0.086504 0.080726 0.004339
v 0.086088 0.080424 0.004699
v 0.086104 0.080006 0.004252
v 0.086119 0.079826 0.003659
v 0.086517 0.080282 0.003568
v 0.086649 0.080836 0.003747
v 0.086493 0.080364 -0.002051
v 0.086649 0.080488 -0.001475
v 0.086493 0.079909 -0.001368
v 0.086088 0.079464 -0.001472
v 0.086087 0.079619 -0.002054
v 0.086088 0.080097 -0.002421
v 0.086500 0.093212 -0.006419
v 0.086088 0.093071 -0.006834
v 0.086082 0.093546 -0.007204
v 0.086077 0.093705 -0.007799
v 0.086497 0.094148 -0.007823
v 0.086649 0.109679 -0.002182
v 0.086500 0.093792 -0.014624
v 0.086088 0.093354 -0.014601
v 0.086085 0.093134 -0.015166
v 0.086082 0.092617 -0.015497
v 0.086498 0.092730 -0.015923
v 0.086649 0.110198 -0.021720
v 0.086500 0.082676 -0.018598
v 0.086088 0.082563 -0.018174
v 0.086099 0.081933 -0.018189
v 0.086110 0.081403 -0.017911
v 0.086505 0.081110 -0.018223
v 0.086649 0.076661 -0.030317
v 0.086492 0.073049 -0.010629
v 0.086088 0.073203 -0.010184
v 0.086064 0.072640 -0.009964
v 0.086043 0.072081 -0.010196
v 0.086473 0.072258 -0.010638
v 0.086649 0.072671 -0.011085
v 0.086492 0.064568 -0.018901
v 0.086649 0.065033 -0.018531
v 0.086492 0.064575 -0.018152
v 0.086088 0.064126 -0.017990
v 0.086088 0.063899 -0.018521
v 0.086088 0.064115 -0.019055
v 0.086514 0.076064 -0.030459
v 0.086088 0.075719 -0.030817
v 0.086111 0.076219 -0.031166
v 0.086135 0.076826 -0.031328
v 0.086533 0.076896 -0.030846
v 0.086504 0.100017 -0.033062
v 0.086088 0.100027 -0.033531
v 0.086103 0.100633 -0.033445
v 0.086118 0.101143 -0.033095
v 0.086517 0.100845 -0.032739
v 0.086649 0.100301 -0.032531
v 0.086511 0.110394 -0.022297
v 0.086088 0.110770 -0.022607
v 0.086109 0.111086 -0.022085
v 0.086130 0.111185 -0.021467
v 0.086528 0.110707 -0.021444
v 0.086504 0.110238 -0.002406
v 0.086088 0.110705 -0.002343
v 0.086103 0.110549 -0.001751
v 0.086119 0.110144 -0.001281
v 0.086518 0.109823 -0.001618
v 0.086500 0.101832 0.004314
v 0.086088 0.102091 0.004667
v 0.086064 0.101821 0.005171
v 0.086040 0.101992 0.005786
v 0.086487 0.101613 0.006049
v 0.086497 0.107849 0.015073
v 0.086088 0.108269 0.014897
v 0.086093 0.108463 0.015478
v 0.086097 0.108316 0.016072
v 0.086501 0.107883 0.015932
v 0.086649 0.107461 0.015523
v 0.086505 0.099108 0.031008
v 0.086088 0.099488 0.031286
v 0.086104 0.099068 0.031732
v 0.086120 0.098489 0.031953
v 0.086518 0.098367 0.031503
v -0.034297 0.106553 0.080813
v -0.034435 0.107175 0.080813
v -0.034070 0.107696 0.080813
v -0.033943 0.107077 0.084385
v -0.033569 0.107611 0.084384
v -0.033947 0.107675 0.083825
v -0.034079 0.107691 0.083260
v -0.034442 0.107178 0.083264
v -0.034309 0.106570 0.083268
v -0.034177 0.106534 0.083854
v -0.033801 0.106440 0.084384
v -0.008439 0.122748 0.084368
v -0.007853 0.122804 0.084368
v -0.007916 0.123048 0.083834
v -0.007938 0.123131 0.083253
v -0.008522 0.123075 0.083251
v -0.009065 0.122848 0.083250
v -0.009044 0.122764 0.083834
v -0.008983 0.122521 0.084368
v -0.009065 0.122848 0.080813
v -0.008521 0.123075 0.080813
v -0.007934 0.123131 0.080813
v -0.021149 0.090002 0.080813
v -0.021764 0.089884 0.080813
v -0.022294 0.090218 0.080813
v -0.021679 0.090334 0.084381
v -0.022218 0.090673 0.084381
v -0.022277 0.090332 0.083825
v -0.022290 0.090213 0.083258
v -0.021766 0.089881 0.083261
v -0.021161 0.089994 0.083263
v -0.021129 0.090111 0.083827
v -0.021053 0.090453 0.084381
v -0.009617 0.096082 0.080813
v -0.009962 0.096665 0.080813
v -0.010638 0.096645 0.080813
v -0.009638 0.097253 0.084395
v -0.010344 0.097232 0.084395
v -0.010550 0.096817 0.083877
v -0.010615 0.096659 0.083267
v -0.009954 0.096688 0.083274
v -0.009617 0.096137 0.083280
v -0.009515 0.096270 0.083893
v -0.009278 0.096644 0.084395
v -0.010464 0.070876 0.080813
v -0.009868 0.071094 0.080813
v -0.009617 0.071677 0.080813
v -0.009542 0.070750 0.084382
v -0.009286 0.071344 0.084382
v -0.009528 0.071587 0.083851
v -0.009617 0.071669 0.083259
v -0.009863 0.071092 0.083262
v -0.010447 0.070875 0.083265
v -0.010373 0.070780 0.083857
v -0.010149 0.070527 0.084382
v -0.032930 0.071293 0.080813
v -0.032642 0.071852 0.080813
v -0.032048 0.072055 0.080813
v -0.032338 0.071500 0.084381
v -0.031732 0.071706 0.084382
v -0.031968 0.071969 0.083823
v -0.032055 0.072055 0.083259
v -0.032644 0.071856 0.083261
v -0.032928 0.071308 0.083264
v -0.032853 0.071208 0.083847
v -0.032631 0.070931 0.084382
v -0.033944 0.050911 0.080813
v -0.034526 0.051168 0.080813
v -0.034729 0.051772 0.080813
v -0.034154 0.051507 0.084385
v -0.034362 0.052126 0.084384
v -0.034639 0.051859 0.083825
v -0.034730 0.051762 0.083260
v -0.034533 0.051165 0.083264
v -0.033965 0.050911 0.083268
v -0.033857 0.050997 0.083854
v -0.033558 0.051244 0.084384
v 0.034678 0.051793 0.080813
v 0.034499 0.051178 0.080813
v 0.033917 0.050911 0.080813
v 0.034105 0.051519 0.084386
v 0.033506 0.051245 0.084386
v 0.033817 0.050993 0.083823
v 0.033929 0.050911 0.083261
v 0.034504 0.051171 0.083265
v 0.034682 0.051769 0.083269
v 0.034580 0.051871 0.083856
v 0.034288 0.052151 0.084386
v 0.030679 0.073362 0.080813
v 0.031287 0.073200 0.080813
v 0.031607 0.072658 0.080813
v 0.031003 0.072825 0.084382
v 0.031329 0.072273 0.084382
v 0.031540 0.072561 0.083823
v 0.031606 0.072666 0.083259
v 0.031291 0.073203 0.083262
v 0.030694 0.073364 0.083265
v 0.030611 0.073272 0.083826
v 0.030383 0.072991 0.084382
v 0.010993 0.071767 0.080813
v 0.011209 0.071157 0.080813
v 0.011823 0.070949 0.080813
v 0.010838 0.070780 0.084386
v 0.011469 0.070568 0.084386
v 0.011725 0.070844 0.083859
v 0.011810 0.070948 0.083261
v 0.011204 0.071148 0.083265
v 0.010990 0.071742 0.083269
v 0.010886 0.071659 0.083867
v 0.010616 0.071408 0.084386
v 0.015800 0.121843 0.080813
v 0.016368 0.121560 0.080813
v 0.016552 0.120953 0.080813
v 0.015992 0.121242 0.084384
v 0.016180 0.120621 0.084384
v 0.016460 0.120872 0.083826
v 0.016553 0.120963 0.083260
v 0.016374 0.121563 0.083263
v 0.015819 0.121842 0.083267
v 0.015711 0.121762 0.083852
v 0.015411 0.121531 0.084384
v -0.031209 0.106122 0.087111
v -0.030671 0.106427 0.087277
v -0.031052 0.106914 0.087111
v -0.031441 0.107169 0.086720
v -0.031803 0.106652 0.086720
v -0.031666 0.106035 0.086720
v -0.007488 0.120774 0.087149
v -0.007471 0.121295 0.086712
v -0.008064 0.121239 0.086710
v -0.008612 0.121011 0.086709
v -0.008351 0.120558 0.087148
v -0.007827 0.120301 0.087277
v -0.021565 0.093011 0.087119
v -0.021803 0.092607 0.086715
v -0.021290 0.092285 0.086695
v -0.020696 0.092399 0.086675
v -0.020783 0.092864 0.087102
v -0.021104 0.093380 0.087277
v -0.009040 0.100326 0.087130
v -0.008803 0.099953 0.086725
v -0.008135 0.099986 0.086731
v -0.007794 0.099434 0.086735
v -0.007357 0.099434 0.087133
v 0.013481 0.119119 0.087277
v -0.007364 0.069757 0.087128
v -0.007805 0.069757 0.086719
v -0.008051 0.069176 0.086721
v -0.008637 0.068958 0.086723
v -0.008661 0.068521 0.087129
v -0.002475 0.059698 0.087277
v -0.030871 0.069218 0.087119
v -0.030286 0.069123 0.087277
v -0.030295 0.069715 0.087119
v -0.030466 0.070155 0.086715
v -0.031016 0.069968 0.086715
v -0.031281 0.069451 0.086715
v -0.032304 0.053740 0.087111
v -0.032742 0.053579 0.086720
v -0.032541 0.052982 0.086722
v -0.031966 0.052727 0.086724
v -0.031763 0.053147 0.087113
v -0.031687 0.053758 0.087277
v 0.032133 0.053751 0.087110
v 0.031508 0.053761 0.087277
v 0.031609 0.053145 0.087110
v 0.031825 0.052725 0.086721
v 0.032402 0.052989 0.086721
v 0.032579 0.053599 0.086721
v 0.029669 0.070441 0.087119
v 0.030066 0.070702 0.086715
v 0.029758 0.071221 0.086690
v 0.029173 0.071376 0.086667
v 0.029042 0.070914 0.087099
v 0.029092 0.070305 0.087277
v 0.009807 0.068418 0.087129
v 0.009751 0.068855 0.086721
v 0.009140 0.069055 0.086725
v 0.008924 0.069651 0.086727
v 0.008489 0.069700 0.087130
v 0.014096 0.119109 0.087112
v 0.014535 0.119253 0.086719
v 0.014353 0.119854 0.086721
v 0.013792 0.120134 0.086723
v 0.013575 0.119725 0.087114
v -0.080187 0.120466 0.002383
v -0.080187 0.120397 0.002967
v -0.080187 0.120172 0.003510
v -0.083739 0.120075 0.002883
v -0.083739 0.119849 0.003426
v -0.083208 0.120089 0.003489
v -0.082627 0.120171 0.003511
v -0.082627 0.120397 0.002967
v -0.082628 0.120466 0.002383
v -0.083208 0.120383 0.002362
v -0.083739 0.120143 0.002299
v -0.083773 0.100284 0.036345
v -0.083772 0.099702 0.036468
v -0.083222 0.099839 0.036731
v -0.082632 0.099883 0.036823
v -0.082634 0.100470 0.036700
v -0.082636 0.100902 0.036288
v -0.083219 0.100853 0.036198
v -0.083772 0.100714 0.035934
v -0.080187 0.100908 0.036278
v -0.080187 0.100470 0.036697
v -0.080187 0.099877 0.036822
v -0.080187 0.119273 -0.015172
v -0.080187 0.119856 -0.014935
v -0.080187 0.120106 -0.014357
v -0.083756 0.119527 -0.014599
v -0.083756 0.119782 -0.014011
v -0.083197 0.120027 -0.014270
v -0.082633 0.120106 -0.014365
v -0.082636 0.119860 -0.014937
v -0.082638 0.119289 -0.015172
v -0.083221 0.119194 -0.015088
v -0.083756 0.118933 -0.014841
v -0.080187 0.090195 -0.015989
v -0.080187 0.090444 -0.015411
v -0.080187 0.091027 -0.015172
v -0.083755 0.090124 -0.015084
v -0.083755 0.090717 -0.014842
v -0.083228 0.090945 -0.015082
v -0.082632 0.091020 -0.015172
v -0.082635 0.090443 -0.015406
v -0.082637 0.090196 -0.015975
v -0.083227 0.090108 -0.015899
v -0.083755 0.089871 -0.015672
v -0.080187 0.088963 -0.035587
v -0.080187 0.089570 -0.035393
v -0.080187 0.089837 -0.034815
v -0.083758 0.089238 -0.035017
v -0.083758 0.089511 -0.034426
v -0.083199 0.089757 -0.034720
v -0.082634 0.089837 -0.034825
v -0.082638 0.089576 -0.035397
v -0.082641 0.088984 -0.035589
v -0.083228 0.088887 -0.035492
v -0.083758 0.088617 -0.035216
v -0.080187 0.064850 -0.032208
v -0.080187 0.065011 -0.032820
v -0.080187 0.065564 -0.033128
v -0.083757 0.065396 -0.032521
v -0.083757 0.065962 -0.032836
v -0.083200 0.065662 -0.033056
v -0.082633 0.065555 -0.033127
v -0.082637 0.065007 -0.032825
v -0.082640 0.064847 -0.032226
v -0.083226 0.064947 -0.032138
v -0.083757 0.065232 -0.031895
v -0.080187 0.066505 -0.015118
v -0.080187 0.067070 -0.015410
v -0.080187 0.067238 -0.016024
v -0.083756 0.067445 -0.015107
v -0.083756 0.067616 -0.015733
v -0.083226 0.067340 -0.015945
v -0.082633 0.067239 -0.016015
v -0.082636 0.067076 -0.015408
v -0.082639 0.066523 -0.015119
v -0.083233 0.066610 -0.015033
v -0.083756 0.066868 -0.014809
v -0.080187 0.053596 -0.013495
v -0.080187 0.053827 -0.014077
v -0.080187 0.054394 -0.014345
v -0.083755 0.054162 -0.013764
v -0.083755 0.054738 -0.014035
v -0.083198 0.054481 -0.014269
v -0.082632 0.054387 -0.014344
v -0.082635 0.053825 -0.014081
v -0.082637 0.053596 -0.013509
v -0.083196 0.053677 -0.013418
v -0.083755 0.053927 -0.013171
v -0.080187 0.054402 0.003219
v -0.080187 0.053830 0.002960
v -0.080187 0.053596 0.002377
v -0.083755 0.054165 0.002639
v -0.083755 0.053927 0.002046
v -0.083198 0.053677 0.002294
v -0.082632 0.053596 0.002385
v -0.082635 0.053826 0.002962
v -0.082638 0.054387 0.003219
v -0.083200 0.054482 0.003141
v -0.083755 0.054747 0.002903
v -0.080187 0.069127 0.004618
v -0.080187 0.068838 0.004070
v -0.080187 0.068266 0.003834
v -0.083752 0.069124 0.003756
v -0.083752 0.068544 0.003517
v -0.083221 0.068338 0.003749
v -0.082631 0.068270 0.003834
v -0.082632 0.068839 0.004067
v -0.082634 0.069126 0.004609
v -0.083222 0.069204 0.004534
v -0.083752 0.069417 0.004311
v -0.080187 0.074069 0.035065
v -0.080187 0.073501 0.034819
v -0.080187 0.073217 0.034270
v -0.083752 0.073793 0.034506
v -0.083752 0.073505 0.033950
v -0.083203 0.073288 0.034189
v -0.082631 0.073217 0.034275
v -0.082633 0.073499 0.034820
v -0.082635 0.074059 0.035064
v -0.083204 0.074140 0.034988
v -0.083752 0.074368 0.034755
v -0.080187 0.091969 0.003892
v -0.080187 0.091386 0.004147
v -0.080187 0.091177 0.004747
v -0.083755 0.091034 0.003821
v -0.083756 0.090821 0.004433
v -0.083226 0.091081 0.004662
v -0.082633 0.091176 0.004739
v -0.082635 0.091381 0.004144
v -0.082639 0.091951 0.003892
v -0.083232 0.091871 0.003801
v -0.083756 0.091628 0.003561
v -0.083780 0.091951 0.013786
v -0.083779 0.092669 0.013557
v -0.083272 0.092810 0.012986
v -0.082647 0.092848 0.012764
v -0.082657 0.092199 0.012991
v -0.082667 0.091773 0.012493
v -0.083296 0.091676 0.012689
v -0.083779 0.091480 0.013199
v -0.080187 0.091765 0.012386
v -0.080187 0.092208 0.012937
v -0.080187 0.092881 0.012722
v -0.080187 0.098942 0.004939
v -0.080187 0.099013 0.004256
v -0.080187 0.098431 0.003892
v -0.083773 0.099674 0.003933
v -0.083772 0.099061 0.003551
v -0.083258 0.098622 0.003791
v -0.082643 0.098465 0.003892
v -0.082651 0.099040 0.004237
v -0.082658 0.098985 0.004885
v -0.083277 0.099160 0.004832
v -0.083772 0.099599 0.004652
v -0.086525 0.117893 0.002774
v -0.086086 0.118351 0.003040
v -0.086084 0.118580 0.002490
v -0.086082 0.118649 0.001902
v -0.086524 0.118118 0.001911
v -0.086651 0.117643 0.002249
v -0.086499 0.098809 0.034486
v -0.086089 0.098868 0.034939
v -0.086096 0.099467 0.034812
v -0.086102 0.099910 0.034388
v -0.086504 0.099573 0.034082
v -0.086651 0.099007 0.033925
v -0.086493 0.117366 -0.012932
v -0.086651 0.117317 -0.012341
v -0.086493 0.117907 -0.012403
v -0.086089 0.118333 -0.012612
v -0.086089 0.118102 -0.013143
v -0.086089 0.117566 -0.013362
v -0.086501 0.089186 -0.012924
v -0.086089 0.089186 -0.013362
v -0.086065 0.088671 -0.013609
v -0.086040 0.088449 -0.014209
v -0.086488 0.087988 -0.014200
v -0.086651 0.079031 -0.006655
v -0.086485 0.087040 -0.033139
v -0.086651 0.087033 -0.032521
v -0.086485 0.087645 -0.032605
v -0.086094 0.088061 -0.032812
v -0.086094 0.087796 -0.033385
v -0.086094 0.087195 -0.033578
v -0.086486 0.067860 -0.031123
v -0.086093 0.067628 -0.031522
v -0.086095 0.067080 -0.031218
v -0.086097 0.066920 -0.030612
v -0.086488 0.067364 -0.030485
v -0.086651 0.067975 -0.030521
v -0.086502 0.069755 -0.014398
v -0.086093 0.069320 -0.014334
v -0.086095 0.069156 -0.013723
v -0.086097 0.068601 -0.013432
v -0.086503 0.068629 -0.012995
v -0.086493 0.055837 -0.011665
v -0.086651 0.056428 -0.011637
v -0.086493 0.056363 -0.012225
v -0.086089 0.056149 -0.012643
v -0.086089 0.055621 -0.012394
v -0.086089 0.055407 -0.011851
v -0.086493 0.055837 0.000512
v -0.086089 0.055407 0.000705
v -0.086066 0.055632 0.001266
v -0.086045 0.056184 0.001514
v -0.086474 0.056385 0.001083
v -0.086651 0.056428 0.000475
v -0.086501 0.069902 0.001655
v -0.086089 0.069883 0.002093
v -0.086078 0.070424 0.002332
v -0.086066 0.070701 0.002891
v -0.086495 0.071146 0.002830
v -0.086494 0.075222 0.032384
v -0.086089 0.074812 0.032589
v -0.086079 0.075092 0.033129
v -0.086069 0.075650 0.033371
v -0.086486 0.075821 0.032943
v -0.086651 0.075809 0.032345
v -0.086651 0.088096 0.001728
v -0.086506 0.088757 0.002431
v -0.086093 0.089219 0.002929
v -0.086095 0.089424 0.002331
v -0.086097 0.089997 0.002077
v -0.086508 0.089469 0.001657
v -0.086651 0.088741 0.001052
v -0.086651 0.088267 0.001254
v -0.086505 0.091754 0.017852
v -0.086103 0.091403 0.017579
v -0.086110 0.090743 0.017813
v -0.086117 0.090311 0.017314
v -0.086508 0.089876 0.017346
v -0.086504 0.102176 0.001633
v -0.086101 0.102177 0.002075
v -0.086106 0.102761 0.002422
v -0.086112 0.102710 0.003072
v -0.086507 0.103056 0.003342
v -0.029751 0.006484 0.033798
v -0.029529 0.006484 0.034388
v -0.028954 0.006484 0.034648
v -0.028954 0.003437 0.034648
v -0.029529 0.003437 0.034388
v -0.029751 0.003437 0.033798
v 0.025127 0.006484 0.036255
v 0.025718 0.006484 0.035989
v 0.025874 0.006484 0.035361
v 0.025874 0.003437 0.035361
v 0.025718 0.003437 0.035989
v 0.025127 0.003437 0.036255
v -0.028503 0.006484 0.005691
v -0.028732 0.006484 0.006231
v -0.028824 0.006484 0.006811
v -0.028824 0.003437 0.006811
v -0.028732 0.003437 0.006231
v -0.028503 0.003437 0.005691
v -0.020218 0.006484 -0.007444
v -0.020804 0.006484 -0.007298
v -0.021234 0.006484 -0.006873
v -0.021234 0.003437 -0.006873
v -0.020804 0.003437 -0.007298
v -0.020218 0.003437 -0.007444
v 0.001728 0.006484 -0.007402
v 0.001728 0.003437 -0.007402
v 0.005624 0.006484 -0.012171
v 0.005827 0.006484 -0.011577
v 0.005563 0.006484 -0.011007
v 0.005563 0.003437 -0.011007
v 0.005827 0.003437 -0.011577
v 0.005624 0.003437 -0.012171
v 0.001208 0.006484 -0.016511
v 0.001796 0.006484 -0.016403
v 0.002278 0.006484 -0.016049
v 0.002278 0.003437 -0.016049
v 0.001796 0.003437 -0.016403
v 0.001208 0.003437 -0.016511
v -0.009637 0.006484 -0.015858
v -0.009072 0.006484 -0.016009
v -0.008492 0.006484 -0.016077
v -0.008492 0.003437 -0.016077
v -0.009072 0.003437 -0.016009
v -0.009637 0.003437 -0.015858
v -0.021547 0.006484 -0.012531
v -0.021084 0.006484 -0.012117
v -0.020462 0.006484 -0.012104
v -0.020462 0.003437 -0.012104
v -0.021084 0.003437 -0.012117
v -0.021547 0.003437 -0.012531
v -0.028330 0.006484 -0.027149
v -0.028753 0.006484 -0.026676
v -0.028701 0.006484 -0.026044
v -0.028701 0.003437 -0.026044
v -0.028753 0.003437 -0.026676
v -0.028330 0.003437 -0.027149
v -0.010725 0.006484 -0.035030
v -0.011312 0.006484 -0.035010
v -0.011874 0.006484 -0.034835
v -0.011874 0.003437 -0.034835
v -0.011312 0.003437 -0.035010
v -0.010725 0.003437 -0.035030
v 0.022701 0.006484 -0.031121
v 0.022279 0.006484 -0.031545
v 0.021713 0.006484 -0.031739
v 0.021713 0.003437 -0.031739
v 0.022279 0.003437 -0.031545
v 0.022701 0.003437 -0.031121
v 0.029685 0.006484 -0.019254
v 0.029602 0.006484 -0.019836
v 0.029363 0.006484 -0.020374
v 0.029363 0.003437 -0.020374
v 0.029602 0.003437 -0.019836
v 0.029685 0.003437 -0.019254
v 0.029183 0.006484 0.002239
v 0.029619 0.006484 0.001819
v 0.029777 0.006484 0.001236
v 0.029777 0.003437 0.001236
v 0.029619 0.003437 0.001819
v 0.029183 0.003437 0.002239
v 0.010142 0.006484 0.012286
v 0.010722 0.006484 0.012197
v 0.011266 0.006484 0.011978
v 0.011266 0.003437 0.011978
v 0.010722 0.003437 0.012197
v 0.010142 0.003437 0.012286
v -0.005178 0.006484 0.013605
v -0.004890 0.006484 0.013056
v -0.004316 0.006484 0.012822
v -0.004316 0.003437 0.012822
v -0.004890 0.003437 0.013056
v -0.005178 0.003437 0.013605
v -0.004773 0.006484 0.017234
v -0.005359 0.006484 0.016974
v -0.005545 0.006484 0.016361
v -0.005545 0.003437 0.016361
v -0.005359 0.003437 0.016974
v -0.004773 0.003437 0.017234
v 0.022125 0.006484 0.017687
v 0.021800 0.006484 0.017161
v 0.021216 0.006484 0.016959
v 0.021216 0.003437 0.016959
v 0.021800 0.003437 0.017161
v 0.022125 0.003437 0.017687
v -0.026931 0.000179 0.032468
v -0.027153 0.000582 0.032890
v -0.027703 0.000608 0.032642
v -0.027914 0.000634 0.032075
v -0.027466 0.000201 0.031894
v -0.026852 0.000020 0.031878
v 0.023162 0.000189 0.033337
v 0.023622 0.000575 0.033489
v 0.023469 0.000571 0.034108
v 0.022890 0.000569 0.034369
v 0.022655 0.000186 0.033945
v 0.022523 0.000020 0.033322
v -0.026491 0.000143 0.007338
v -0.027033 0.000585 0.007329
v -0.026940 0.000587 0.006741
v -0.026710 0.000589 0.006197
v -0.026245 0.000144 0.006477
v -0.026011 0.000020 0.007012
v -0.019863 0.000170 -0.004726
v -0.020213 0.000582 -0.005022
v -0.019777 0.000573 -0.005452
v -0.019181 0.000565 -0.005600
v -0.019106 0.000163 -0.005150
v -0.019283 0.000020 -0.004591
v 0.008411 0.000170 -0.010598
v 0.008111 0.000582 -0.010917
v 0.008324 0.000604 -0.011449
v 0.008089 0.000627 -0.012042
v 0.008436 0.000182 -0.012342
v 0.026867 0.000020 -0.019051
v 0.003433 0.000170 -0.018153
v 0.003101 0.000582 -0.017867
v 0.002595 0.000564 -0.018258
v 0.002014 0.000550 -0.018379
v 0.001995 0.000161 -0.018802
v 0.020687 0.000020 -0.028997
v -0.009097 0.000110 -0.018576
v -0.008831 0.000586 -0.017872
v -0.009414 0.000589 -0.017802
v -0.009988 0.000590 -0.017647
v -0.010001 0.000111 -0.018402
v -0.010837 0.000020 -0.032208
v -0.019612 0.000178 -0.014772
v -0.019623 0.000582 -0.014312
v -0.020230 0.000596 -0.014324
v -0.020682 0.000609 -0.014729
v -0.020367 0.000189 -0.015070
v -0.019821 0.000020 -0.015323
v -0.025490 0.000185 -0.026011
v -0.025182 0.000020 -0.025479
v -0.025748 0.000185 -0.025241
v -0.026210 0.000578 -0.025214
v -0.026261 0.000577 -0.025841
v -0.025842 0.000578 -0.026311
v -0.011339 0.000145 -0.032501
v -0.011564 0.000585 -0.032984
v -0.010996 0.000587 -0.033162
v -0.010404 0.000589 -0.033182
v -0.010458 0.000147 -0.032651
v 0.020507 0.000165 -0.029572
v 0.020606 0.000582 -0.030032
v 0.021184 0.000566 -0.029831
v 0.021620 0.000551 -0.029392
v 0.021260 0.000152 -0.029098
v 0.027103 0.000146 -0.019581
v 0.027555 0.000585 -0.019858
v 0.027797 0.000587 -0.019316
v 0.027881 0.000589 -0.018728
v 0.027350 0.000147 -0.018724
v 0.027510 0.000171 0.000062
v 0.027962 0.000582 0.000142
v 0.027801 0.000574 0.000733
v 0.027358 0.000566 0.001159
v 0.027068 0.000164 0.000807
v 0.026941 0.000020 0.000235
v 0.010504 0.000141 0.009711
v 0.010779 0.000585 0.010185
v 0.010228 0.000588 0.010408
v 0.009644 0.000589 0.010498
v 0.009639 0.000143 0.009949
v 0.009975 0.000020 0.009472
v -0.005957 0.000170 0.010633
v -0.005941 0.000582 0.011070
v -0.006481 0.000594 0.011308
v -0.006757 0.000607 0.011868
v -0.007203 0.000176 0.011808
v -0.008766 0.000020 0.019010
v -0.008169 0.000128 0.018734
v -0.007605 0.000594 0.018168
v -0.007390 0.000660 0.018733
v -0.006742 0.000731 0.018971
v -0.007611 0.000151 0.019576
v -0.008073 0.000020 0.019899
v -0.008516 0.000055 0.019575
v 0.019635 0.000177 0.019219
v 0.019779 0.000582 0.018784
v 0.020354 0.000592 0.018984
v 0.020672 0.000603 0.019500
v 0.020274 0.000186 0.019733
v 0.019680 0.000020 0.019806
v -0.008418 0.080888 -0.086021
v -0.008027 0.082317 -0.086021
v -0.006689 0.082966 -0.086021
v -0.006364 0.072518 -0.086021
v -0.006999 0.073258 -0.086021
v -0.007333 0.074208 -0.086021
v 0.003438 0.066147 -0.086021
v 0.002324 0.066041 -0.086021
v 0.001285 0.066501 -0.086021
v 0.000873 0.094743 -0.086021
v -0.000121 0.094607 -0.086021
v -0.001119 0.094876 -0.086021
v 0.004020 0.108254 -0.086021
v 0.005233 0.107840 -0.086021
v 0.005926 0.106775 -0.086021
v -0.007121 0.106429 -0.086021
v -0.006572 0.107723 -0.086021
v -0.005323 0.108254 -0.086021
v -0.006194 0.097359 -0.086021
v -0.007066 0.098163 -0.086021
v -0.007362 0.099318 -0.086021
v 0.006921 0.173298 0.014956
v 0.008095 0.173298 0.015392
v 0.009292 0.173298 0.015047
v 0.000813 0.173298 0.009463
v 0.001210 0.173298 0.010258
v 0.001817 0.173298 0.010904
v -0.000725 0.173298 0.000524
v -0.001413 0.173298 0.001536
v -0.001396 0.173298 0.002760
v -0.000722 0.173298 -0.014421
v -0.000130 0.173298 -0.016288
v -0.001852 0.173298 -0.017364
v 0.086649 0.088360 0.018634
v 0.086649 0.087275 0.019233
v 0.086649 0.086048 0.019086
v 0.086649 0.094732 -0.007853
v 0.086649 0.094396 -0.006633
v 0.086649 0.093400 -0.005867
v 0.086649 0.092880 -0.016487
v 0.086649 0.093926 -0.015812
v 0.086649 0.094374 -0.014655
v 0.086649 0.080713 -0.018645
v 0.086649 0.081694 -0.019174
v 0.086649 0.082826 -0.019161
v 0.086649 0.101128 0.006385
v 0.086649 0.100796 0.005016
v 0.086649 0.101486 0.003845
v -0.006753 0.099434 0.087277
v -0.007633 0.100900 0.087277
v -0.009362 0.100834 0.087277
v -0.008694 0.067931 0.087277
v -0.007342 0.068429 0.087277
v -0.006772 0.069756 0.087277
v 0.007897 0.069767 0.087277
v 0.008415 0.068317 0.087277
v 0.009883 0.067828 0.087277
v -0.086651 0.087396 -0.014188
v -0.086651 0.087934 -0.012880
v -0.086651 0.089186 -0.012341
v -0.086651 0.068666 -0.012406
v -0.086651 0.069958 -0.013076
v -0.086651 0.070341 -0.014484
v -0.086651 0.071727 0.002749
v -0.086651 0.071122 0.001577
v -0.086651 0.069928 0.001073
v -0.086651 0.089271 0.017392
v -0.086651 0.090446 0.018822
v -0.086651 0.092238 0.018230
v -0.086651 0.103536 0.003715
v -0.086651 0.103702 0.001960
v -0.086651 0.102175 0.001028
v 0.008883 0.000020 -0.012728
v 0.009358 0.000020 -0.011410
v 0.008810 0.000020 -0.010173
v 0.001968 0.000020 -0.019377
v 0.003006 0.000020 -0.019180
v 0.003874 0.000020 -0.018534
v -0.007786 0.000020 0.011730
v -0.007179 0.000020 0.010552
v -0.005978 0.000020 0.010051
v -0.010013 0.053479 -0.082578
v 0.007565 0.050802 -0.082579
v -0.022249 0.067436 -0.082579
v -0.025042 0.087284 -0.082579
v -0.024932 0.111699 -0.082575
v -0.011789 0.123221 -0.082578
v 0.011882 0.123208 -0.082577
v 0.023386 0.111703 -0.082577
v 0.023610 0.094260 -0.082579
v 0.015338 0.080961 -0.082576
v -0.005215 0.079986 -0.082600
v -0.004516 0.074697 -0.082579
v 0.002794 0.068998 -0.082585
v 0.018291 0.074352 -0.082580
v 0.024698 0.054542 -0.082580
v 0.004743 0.099291 -0.082593
v 0.000055 0.097490 -0.082580
v 0.003264 0.105307 -0.082588
v -0.004178 0.105276 -0.082595
v -0.004434 0.099741 -0.082588
v -0.008910 0.055428 -0.085832
v 0.007498 0.052993 -0.085841
v -0.020243 0.068353 -0.085827
v -0.022839 0.087444 -0.085852
v -0.022865 0.110732 -0.085821
v -0.011031 0.121109 -0.085831
v 0.010990 0.121131 -0.085826
v 0.021293 0.110855 -0.085827
v 0.021486 0.094847 -0.085828
v 0.014189 0.082997 -0.085812
v -0.007551 0.081922 -0.085872
v -0.006490 0.073547 -0.085878
v 0.002419 0.066625 -0.085874
v 0.017039 0.071763 -0.085786
v 0.022126 0.056036 -0.085783
v -0.000082 0.095191 -0.085876
v 0.004863 0.107367 -0.085869
v -0.006144 0.107289 -0.085864
v -0.006556 0.098468 -0.085873
v 0.032834 0.169848 0.023309
v 0.013033 0.169855 0.036602
v 0.019936 0.169853 0.004707
v 0.008206 0.169864 0.012230
v 0.003518 0.169855 0.008649
v 0.001570 0.169867 0.002435
v 0.029995 0.169853 -0.020524
v 0.022794 0.169867 -0.034553
v -0.032822 0.169883 -0.035204
v -0.027500 0.169851 -0.012660
v -0.007752 0.169950 -0.013653
v -0.025568 0.169870 -0.001188
v -0.019264 0.169855 0.025631
v -0.004529 0.169856 0.036500
v 0.030064 0.173053 0.022753
v 0.012404 0.173104 0.034487
v 0.019429 0.173070 0.007456
v 0.008117 0.173147 0.014794
v 0.001685 0.173147 0.009928
v -0.000841 0.173148 0.001708
v 0.027461 0.173065 -0.021081
v 0.021549 0.173083 -0.032526
v -0.030312 0.173058 -0.033193
v -0.025946 0.173062 -0.014784
v -0.000761 0.173151 -0.016069
v -0.023276 0.173073 -0.000277
v -0.017415 0.173109 0.024367
v -0.003865 0.173115 0.034376
v 0.083200 0.061431 0.023612
v 0.083205 0.078349 0.036465
v 0.083202 0.070504 0.009136
v 0.083214 0.086671 0.016143
v 0.083229 0.089445 0.013078
v 0.083201 0.078311 0.005205
v 0.083204 0.077812 -0.003259
v 0.083215 0.091756 -0.008415
v 0.083214 0.091478 -0.013821
v 0.083216 0.082409 -0.016280
v 0.083201 0.072642 -0.007604
v 0.083204 0.061479 -0.018494
v 0.083206 0.075457 -0.032864
v 0.083201 0.101357 -0.035252
v 0.083205 0.112862 -0.022711
v 0.083201 0.112256 -0.000829
v 0.083223 0.104183 0.005560
v 0.083219 0.110511 0.015400
v 0.083201 0.100129 0.033354
v 0.086420 0.064091 0.023119
v 0.086454 0.078940 0.034282
v 0.086412 0.071275 0.011677
v 0.086497 0.087158 0.018645
v 0.086532 0.092830 0.012671
v 0.086445 0.080320 0.004067
v 0.086422 0.079922 -0.001851
v 0.086497 0.093899 -0.006968
v 0.086498 0.093462 -0.015434
v 0.086502 0.081835 -0.018601
v 0.086407 0.072647 -0.010350
v 0.086420 0.064288 -0.018525
v 0.086461 0.076386 -0.030826
v 0.086444 0.100505 -0.033106
v 0.086455 0.110738 -0.021950
v 0.086445 0.110225 -0.001917
v 0.086491 0.101399 0.005111
v 0.086430 0.108104 0.015493
v 0.086446 0.098863 0.031432
v -0.034313 0.107153 0.083835
v -0.008500 0.122991 0.083834
v -0.021745 0.089996 0.083828
v -0.009866 0.096843 0.083880
v -0.009779 0.071001 0.083851
v -0.032565 0.071766 0.083832
v -0.034436 0.051254 0.083835
v 0.034401 0.051259 0.083835
v 0.031219 0.073107 0.083827
v 0.011106 0.071051 0.083859
v 0.016276 0.121480 0.083835
v -0.031428 0.106577 0.087039
v -0.007966 0.120848 0.087082
v -0.021222 0.092662 0.087036
v -0.007942 0.100338 0.087129
v -0.007765 0.068875 0.087127
v -0.030765 0.069677 0.087048
v -0.032259 0.053239 0.087040
v 0.032107 0.053244 0.087038
v 0.029525 0.070908 0.087034
v 0.008853 0.068763 0.087128
v 0.014064 0.119610 0.087041
v -0.083208 0.120315 0.002946
v -0.083220 0.100423 0.036608
v -0.083206 0.119776 -0.014850
v -0.083225 0.090359 -0.015322
v -0.083209 0.089490 -0.035299
v -0.083209 0.065107 -0.032748
v -0.083227 0.067173 -0.015328
v -0.083200 0.053910 -0.014001
v -0.083202 0.053912 0.002879
v -0.083219 0.068913 0.003986
v -0.083205 0.073574 0.034740
v -0.083225 0.091290 0.004059
v -0.083278 0.092127 0.013215
v -0.083261 0.099216 0.004154
v -0.086459 0.118184 0.002388
v -0.086433 0.099300 0.034494
v -0.086422 0.117833 -0.012868
v -0.086493 0.088366 -0.013311
v -0.086413 0.087543 -0.033099
v -0.086415 0.067378 -0.030986
v -0.086501 0.069479 -0.013463
v -0.086422 0.055899 -0.012134
v -0.086409 0.055909 0.000996
v -0.086497 0.070713 0.002021
v -0.086418 0.075343 0.032858
v -0.086507 0.088942 0.001885
v -0.086503 0.090632 0.018192
v -0.086503 0.103119 0.002245
v -0.027413 0.000265 0.032376
v 0.023160 0.000260 0.033851
v -0.026539 0.000209 0.006857
v -0.019601 0.000235 -0.005139
v 0.008749 0.000177 -0.011436
v 0.002774 0.000166 -0.018638
v -0.009500 0.000167 -0.018550
v -0.020089 0.000257 -0.014668
v -0.025903 0.000258 -0.025721
v -0.010927 0.000211 -0.032757
v 0.020995 0.000225 -0.029522
v 0.027403 0.000212 -0.019203
v 0.027491 0.000236 0.000552
v 0.010118 0.000207 0.010000
v -0.006770 0.000175 0.010998
v -0.008080 0.000140 0.019302
v 0.020121 0.000254 0.019271
v 0.007430 0.097975 -0.085926
v 0.002710 0.000169 -0.005239
v 0.002182 0.000169 -0.004817
v 0.001482 0.000169 -0.004717
v 0.002940 0.000020 -0.004655
v 0.001694 0.000020 -0.004129
v 0.002389 0.000031 -0.004271
v 0.002531 0.000582 -0.005672
v 0.001999 0.000623 -0.005284
v 0.001311 0.000581 -0.005159
v 0.000640 0.003437 -0.006985
v 0.001225 0.003437 -0.007086
v 0.000640 0.006484 -0.006985
v 0.001225 0.006484 -0.007086
vn -0.7049 -0.0789 0.7049
vn -0.9898 -0.1006 0.1006
vn -0.7049 -0.7049 0.0789
vn -0.5774 -0.5773 0.5774
vn -0.1006 -0.9898 0.1006
vn -0.0789 -0.7049 0.7049
vn -0.1006 -0.1006 0.9898
vn -0.7049 0.7049 0.0789
vn -0.9898 0.1006 0.1006
vn -0.7049 0.0789 0.7049
vn -0.5773 0.5773 0.5774
vn -0.1006 0.1006 0.9898
vn -0.0789 0.7049 0.7049
vn -0.1006 0.9898 0.1006
vn -0.7049 0.0789 -0.7049
vn -0.9898 0.1006 -0.1006
vn -0.7049 0.7049 -0.0789
vn -0.5774 0.5773 -0.5773
vn -0.1006 0.9898 -0.1006
vn -0.0789 0.7049 -0.7049
vn -0.1006 0.1006 -0.9898
vn -0.7049 -0.7049 -0.0789
vn -0.9898 -0.1006 -0.1006
vn -0.7049 -0.0789 -0.7049
vn -0.5773 -0.5774 -0.5773
vn -0.1006 -0.1006 -0.9898
vn -0.0789 -0.7049 -0.7049
vn -0.1006 -0.9898 -0.1006
vn 0.0789 -0.7049 0.7049
vn 0.1006 -0.9898 0.1006
vn 0.7049 -0.7049 0.0789
vn 0.5773 -0.5773 0.5774
vn 0.9898 -0.1006 0.1006
vn 0.7049 -0.0789 0.7049
vn 0.1006 -0.1006 0.9898
vn 0.0789 0.7049 0.7049
vn 0.1006 0.1006 0.9898
vn 0.7049 0.0789 0.7049
vn 0.5774 0.5773 0.5773
vn 0.9898 0.1006 0.1006
vn 0.7049 0.7049 0.0789
vn 0.1006 0.9898 0.1006
vn 0.0789 0.7049 -0.7049
vn 0.1006 0.9898 -0.1006
vn 0.7049 0.7049 -0.0789
vn 0.5774 0.5774 -0.5773
vn 0.9898 0.1006 -0.1006
vn 0.7049 0.0789 -0.7049
vn 0.1006 0.1006 -0.9898
vn 0.0789 -0.7049 -0.7049
vn 0.1006 -0.1006 -0.9898
vn 0.7049 -0.0789 -0.7049
vn 0.5774 -0.5774 -0.5773
vn 0.9898 -0.1006 -0.1006
vn 0.7049 -0.7049 -0.0789
vn 0.1006 -0.9898 -0.1006
vn 0.7071 -0.0000 0.7071
vn 0.1100 -0.0000 0.9939
vn 0.9939 -0.0000 0.1100
vn 0.7071 -0.0000 -0.7071
vn 0.9939 -0.0000 -0.1100
vn 0.1100 -0.0000 -0.9939
vn -0.7071 -0.0000 -0.7071
vn -0.1100 -0.0000 -0.9939
vn -0.9939 -0.0000 -0.1100
vn -0.7071 -0.0000 0.7071
vn -0.9939 -0.0000 0.1100
vn -0.1100 -0.0000 0.9939
vn -0.0000 -0.0000 1.0000
vn -0.0000 -0.1100 0.9939
vn -0.0000 0.7071 0.7071
vn -0.0000 0.1100 0.9939
vn -0.0000 0.9939 0.1100
vn -0.0000 0.7071 -0.7071
vn -0.0000 0.9939 -0.1100
vn -0.0000 0.1100 -0.9939
vn -0.0000 -0.1100 -0.9939
vn -0.0000 -0.0000 -1.0000
vn -0.0000 -0.7071 -0.7071
vn -0.0000 -0.9939 -0.1100
vn -0.0000 -0.7071 0.7071
vn -0.0000 -0.9939 0.1100
vn -1.0000 -0.0000 -0.0000
vn -0.9939 -0.1100 -0.0000
vn -0.9939 0.1100 -0.0000
vn -0.7071 0.7071 -0.0000
vn -0.1100 0.9939 -0.0000
vn -0.0000 1.0000 -0.0000
vn 0.1100 0.9939 -0.0000
vn 0.7071 0.7071 -0.0000
vn 0.9939 0.1100 -0.0000
vn 1.0000 -0.0000 -0.0000
vn 0.9939 -0.1100 -0.0000
vn 0.7071 -0.7071 -0.0000
vn 0.1100 -0.9939 -0.0000
vn -0.0000 -1.0000 -0.0000
vn -0.1100 -0.9939 -0.0000
vn -0.7071 -0.7071 -0.0000
vn -0.9916 -0.1290 0.0016
vn -0.9916 -0.1290 0.0022
vn -0.9916 0.1290 0.0016
vn -0.9916 0.1290 0.0022
vn -0.1290 0.9916 0.0016
vn -0.1290 0.9916 0.0022
vn 0.1290 0.9916 0.0016
vn 0.1290 0.9916 0.0022
vn 0.9916 0.1290 0.0016
vn 0.9916 0.1290 0.0022
vn 0.9916 -0.1290 0.0016
vn 0.9916 -0.1290 0.0022
vn 0.1290 -0.9916 0.0016
vn 0.1290 -0.9916 0.0022
vn -0.1290 -0.9916 0.0016
vn -0.1290 -0.9916 0.0022
vn -0.9915 -0.1300 -0.0000
vn -0.9915 0.1300 -0.0000
vn -0.1300 0.9915 -0.0000
vn 0.1300 0.9915 -0.0000
vn 0.9915 0.1300 -0.0000
vn 0.9915 -0.1300 -0.0000
vn 0.1300 -0.9915 -0.0000
vn -0.1300 -0.9915 -0.0000
vn -0.9916 -0.1290 -0.0016
vn -0.9916 -0.1290 -0.0022
vn -0.9916 0.1290 -0.0016
vn -0.9916 0.1290 -0.0022
vn -0.1290 0.9916 -0.0016
vn -0.1290 0.9916 -0.0022
vn 0.1290 0.9916 -0.0016
vn 0.1290 0.9916 -0.0022
vn 0.9916 0.1290 -0.0016
vn 0.9916 0.1290 -0.0022
vn 0.9916 -0.1290 -0.0016
vn 0.9916 -0.1290 -0.0022
vn 0.1290 -0.9916 -0.0016
vn 0.1290 -0.9916 -0.0022
vn -0.1290 -0.9916 -0.0016
vn -0.1290 -0.9916 -0.0022
vn -0.0016 -0.9916 0.1290
vn -0.0022 -0.9916 0.1290
vn -0.0016 -0.9916 -0.1290
vn -0.0022 -0.9916 -0.1290
vn -0.0015 -0.1290 -0.9916
vn -0.0022 -0.1290 -0.9916
vn -0.0015 0.1290 -0.9916
vn -0.0022 0.1290 -0.9916
vn -0.0016 0.9916 -0.1290
vn -0.0022 0.9916 -0.1290
vn -0.0016 0.9916 0.1290
vn -0.0022 0.9916 0.1290
vn -0.0016 0.1290 0.9916
vn -0.0022 0.1290 0.9916
vn -0.0016 -0.1290 0.9916
vn -0.0022 -0.1290 0.9916
vn -0.0000 -0.9915 0.1300
vn -0.0000 -0.9915 -0.1300
vn -0.0000 -0.1300 -0.9915
vn -0.0000 0.1300 -0.9915
vn -0.0000 0.9915 -0.1300
vn -0.0000 0.9915 0.1300
vn -0.0000 0.1300 0.9915
vn -0.0000 -0.1300 0.9915
vn 0.0016 -0.9916 0.1290
vn 0.0022 -0.9916 0.1290
vn 0.0016 -0.9916 -0.1290
vn 0.0022 -0.9916 -0.1290
vn 0.0015 -0.1290 -0.9916
vn 0.0022 -0.1290 -0.9916
vn 0.0015 0.1290 -0.9916
vn 0.0022 0.1290 -0.9916
vn 0.0016 0.9916 -0.1290
vn 0.0022 0.9916 -0.1290
vn 0.0016 0.9916 0.1290
vn 0.0022 0.9916 0.1290
vn 0.0016 0.1290 0.9916
vn 0.0022 0.1290 0.9916
vn 0.0016 -0.1290 0.9916
vn 0.0022 -0.1290 0.9916
vn 0.1290 -0.0015 -0.9916
vn 0.1290 -0.0022 -0.9916
vn 0.9916 -0.0016 -0.1290
vn 0.9916 -0.0022 -0.1290
vn -0.1290 -0.0015 -0.9916
vn -0.1290 -0.0022 -0.9916
vn -0.9916 -0.0016 -0.1290
vn -0.9916 -0.0022 -0.1290
vn -0.9916 -0.0016 0.1290
vn -0.9916 -0.0022 0.1290
vn -0.1290 -0.0016 0.9916
vn -0.1290 -0.0022 0.9916
vn 0.1290 -0.0016 0.9916
vn 0.1290 -0.0022 0.9916
vn 0.9916 -0.0016 0.1290
vn 0.9916 -0.0022 0.1290
vn 0.9915 -0.0000 -0.1300
vn 0.1300 -0.0000 -0.9915
vn -0.1300 -0.0000 -0.9915
vn -0.9915 -0.0000 -0.1300
vn -0.9915 -0.0000 0.1300
vn -0.1300 -0.0000 0.9915
vn 0.1300 -0.0000 0.9915
vn 0.9915 -0.0000 0.1300
vn 0.9916 0.0015 -0.1290
vn 0.9916 0.0022 -0.1290
vn 0.1290 0.0015 -0.9916
vn 0.1290 0.0022 -0.9916
vn -0.1290 0.0015 -0.9916
vn -0.1290 0.0022 -0.9916
vn -0.9916 0.0016 -0.1290
vn -0.9916 0.0022 -0.1290
vn -0.9916 0.0016 0.1290
vn -0.9916 0.0022 0.1290
vn -0.1290 0.0016 0.9916
vn -0.1290 0.0022 0.9916
vn 0.1290 0.0016 0.9916
vn 0.1290 0.0022 0.9916
vn 0.9916 0.0015 0.1290
vn 0.9916 0.0022 0.1290
vn -0.1108 -0.9938 -0.0000
vn -0.9938 -0.1108 -0.0000
vn -0.1108 -0.0000 0.9938
vn -0.9938 -0.0000 0.1108
vn -0.1108 0.9938 -0.0000
vn -0.9938 0.1108 -0.0000
vn -0.1108 -0.0000 -0.9938
vn -0.9938 -0.0000 -0.1108
vn 0.9938 -0.1108 -0.0000
vn 0.1108 -0.9938 -0.0000
vn 0.1108 -0.0000 0.9938
vn 0.9938 -0.0000 0.1108
vn -0.0000 -0.9938 0.1108
vn -0.0000 -0.1108 0.9938
vn 0.1108 0.9938 -0.0000
vn 0.9938 0.1108 -0.0000
vn -0.0000 0.1108 0.9938
vn -0.0000 0.9938 0.1108
vn 0.1108 -0.0000 -0.9938
vn 0.9938 -0.0000 -0.1108
vn -0.0000 0.9938 -0.1108
vn -0.0000 0.1108 -0.9938
vn -0.0000 -0.1108 -0.9938
vn -0.0000 -0.9938 -0.1108
vn -0.9933 0.1154 -0.0000
vn -0.1154 0.9933 -0.0000
vn 0.1154 0.9933 -0.0000
vn 0.9933 0.1154 -0.0000
vn 0.9933 -0.1154 -0.0000
vn 0.1154 -0.9933 -0.0000
vn -0.1154 -0.9933 -0.0000
vn -0.9933 -0.1154 -0.0000
vn -0.0000 0.9938 -0.1109
vn -0.0000 -0.9933 -0.1154
vn -0.0000 -0.1154 -0.9933
vn -0.0000 0.1154 -0.9933
vn -0.0000 0.9933 -0.1154
vn -0.0000 0.9933 0.1154
vn -0.0000 0.1154 0.9933
vn -0.0000 -0.1154 0.9933
vn -0.0000 -0.9933 0.1154
vn 0.1154 -0.0000 -0.9933
vn -0.1154 -0.0000 -0.9933
vn -0.9933 -0.0000 -0.1154
vn -0.9933 -0.0000 0.1154
vn -0.1154 -0.0000 0.9933
vn 0.1154 -0.0000 0.9933
vn 0.9933 -0.0000 0.1154
vn 0.9933 -0.0000 -0.1154
vn -0.0000 0.9995 0.0330
vn -0.0000 0.0223 0.9998
vn -0.0001 0.0223 0.9998
vn 0.0330 0.9995 -0.0000
vn 0.9998 0.0223 -0.0000
vn 0.9998 0.0223 0.0001
vn -0.0000 0.0223 -0.9998
vn -0.0000 0.9995 -0.0330
vn -0.9998 0.0223 0.0001
vn -0.9998 0.0223 -0.0000
vn -0.0330 0.9995 -0.0000
vn -0.0330 0.9995 0.0001
vn -0.9995 -0.0000 0.0330
vn -0.0223 -0.0000 0.9998
vn -0.9995 0.0330 -0.0000
vn -0.0223 0.9998 -0.0000
vn -0.9995 0.0330 0.0001
vn -0.0223 -0.0000 -0.9998
vn -0.9995 -0.0000 -0.0330
vn -0.9995 -0.0001 -0.0330
vn -0.0223 -0.9998 0.0001
vn -0.0223 -0.9998 -0.0000
vn -0.9995 -0.0330 -0.0000
vn -0.9995 -0.0329 -0.0000
vn -0.0330 -0.9995 -0.0001
vn -0.0330 -0.9995 -0.0000
vn -0.9998 -0.0223 -0.0000
vn -0.0329 -0.9995 -0.0000
vn -0.9998 -0.0223 0.0001
vn 0.0001 -0.9995 -0.0330
vn -0.0000 -0.9995 -0.0330
vn -0.0000 -0.0223 -0.9998
vn -0.0001 -0.0223 -0.9998
vn 0.9998 -0.0223 -0.0000
vn 0.0330 -0.9995 -0.0000
vn 0.0330 -0.9995 0.0001
vn 0.9998 -0.0223 -0.0001
vn -0.0001 -0.0223 0.9998
vn -0.0000 -0.0223 0.9998
vn -0.0000 -0.9995 0.0330
vn -0.0000 -0.9995 0.0329
vn 0.0001 -0.0223 0.9998
vn 0.0001 -0.9995 0.0330
vn 0.9995 -0.0330 -0.0000
vn 0.0223 -0.9998 -0.0000
vn 0.0223 -0.9998 -0.0001
vn 0.9995 -0.0329 -0.0000
vn 0.9995 0.0001 -0.0330
vn 0.9995 -0.0000 -0.0330
vn 0.0223 -0.0000 -0.9998
vn 0.0223 -0.0001 -0.9998
vn 0.0223 0.9998 -0.0000
vn 0.9995 0.0330 -0.0000
vn 0.9995 0.0330 0.0001
vn 0.9995 0.0329 -0.0000
vn 0.0223 0.9998 -0.0001
vn 0.9995 0.0330 -0.0001
vn 0.0223 -0.0000 0.9998
vn 0.9995 -0.0000 0.0330
vn 0.9995 -0.0000 0.0329
vn -0.0330 -0.0000 -0.9995
vn -0.9998 -0.0000 -0.0223
vn -0.0329 -0.0000 -0.9995
vn -0.0000 0.0330 -0.9995
vn -0.0000 0.9998 -0.0223
vn -0.0000 0.0329 -0.9995
vn 0.9998 -0.0000 -0.0223
vn 0.0330 -0.0000 -0.9995
vn -0.0001 -0.9998 -0.0223
vn -0.0000 -0.9998 -0.0223
vn -0.0000 -0.0330 -0.9995
vn -0.0001 -0.0330 -0.9995
vn -0.0000 -0.0329 -0.9995
vn -0.9998 -0.0000 0.0223
vn -0.0330 -0.0000 0.9995
vn -0.0330 -0.0001 0.9995
vn -0.9998 0.0001 0.0223
vn -0.0000 -0.0330 0.9995
vn -0.0000 -0.9998 0.0223
vn -0.0001 -0.0330 0.9995
vn 0.0330 -0.0000 0.9995
vn 0.9998 -0.0000 0.0223
vn 0.9998 0.0001 0.0223
vn 0.0330 -0.0001 0.9995
vn 0.9998 -0.0001 0.0223
vn -0.0001 0.9998 0.0223
vn -0.0000 0.9998 0.0223
vn -0.0000 0.0330 0.9995
vn -0.0000 0.0329 0.9995
vn -0.0001 0.0330 0.9995
vn 0.0001 0.9998 0.0223
vn -0.9999 0.0101 0.0101
vn -0.5431 0.5937 0.5937
vn -0.0316 0.7076 0.7059
vn -0.0316 0.7068 0.7068
vn -0.0316 0.7068 -0.7068
vn -0.5431 0.5937 -0.5937
vn -0.0316 0.7059 -0.7076
vn -0.9999 0.0101 -0.0101
vn -0.9999 -0.0101 0.0101
vn -0.5431 -0.5937 0.5937
vn -0.0316 -0.7059 0.7076
vn -0.0316 -0.7068 0.7068
vn -0.9999 -0.0101 -0.0101
vn -0.5431 -0.5937 -0.5937
vn -0.0316 -0.7076 -0.7059
vn -0.0316 -0.7067 -0.7068
vn 0.7068 -0.0316 -0.7068
vn 0.5937 -0.5431 -0.5937
vn 0.7076 -0.0316 -0.7059
vn 0.0101 -0.9999 -0.0101
vn 0.7068 -0.0316 0.7068
vn 0.5937 -0.5431 0.5937
vn 0.7059 -0.0316 0.7076
vn 0.0101 -0.9999 0.0101
vn 0.0101 0.9999 0.0101
vn 0.5937 0.5431 0.5937
vn 0.7076 0.0316 0.7059
vn 0.7068 0.0316 0.7068
vn 0.7068 0.0316 -0.7068
vn 0.5937 0.5431 -0.5937
vn 0.7059 0.0316 -0.7076
vn 0.0101 0.9999 -0.0101
vn -0.7068 -0.0316 -0.7068
vn -0.5937 -0.5431 -0.5937
vn -0.7059 -0.0316 -0.7076
vn -0.0101 -0.9999 -0.0101
vn -0.0101 -0.9999 0.0101
vn -0.5937 -0.5431 0.5937
vn -0.7076 -0.0316 0.7059
vn -0.7068 -0.0316 0.7068
vn -0.0101 0.9999 0.0101
vn -0.5937 0.5431 0.5937
vn -0.7059 0.0316 0.7076
vn -0.7068 0.0316 0.7068
vn -0.0101 0.9999 -0.0101
vn -0.5937 0.5431 -0.5937
vn -0.5937 0.5431 -0.5938
vn -0.7076 0.0316 -0.7059
vn -0.7067 0.0316 -0.7068
vn -0.0101 0.0101 -0.9999
vn -0.5937 0.5937 -0.5431
vn -0.7059 0.7076 -0.0316
vn -0.7068 0.7067 -0.0316
vn 0.7068 0.7068 -0.0316
vn 0.5937 0.5937 -0.5431
vn 0.7076 0.7059 -0.0316
vn 0.0101 0.0101 -0.9999
vn 0.7068 0.7068 0.0316
vn 0.5937 0.5937 0.5431
vn 0.7059 0.7076 0.0316
vn 0.0101 0.0101 0.9999
vn -0.7068 0.7068 0.0316
vn -0.5937 0.5937 0.5431
vn -0.7076 0.7059 0.0316
vn -0.0101 0.0101 0.9999
vn 0.0316 0.7067 -0.7068
vn 0.5431 0.5937 -0.5937
vn 0.0316 0.7076 -0.7059
vn 0.9999 0.0101 -0.0101
vn 0.0316 0.7068 0.7068
vn 0.5431 0.5937 0.5937
vn 0.0316 0.7059 0.7076
vn 0.9999 0.0101 0.0101
vn -0.0101 -0.0101 -0.9999
vn -0.5937 -0.5937 -0.5431
vn -0.7076 -0.7059 -0.0316
vn -0.7068 -0.7068 -0.0316
vn 0.0101 -0.0101 -0.9999
vn 0.5937 -0.5937 -0.5431
vn 0.7059 -0.7076 -0.0316
vn 0.7068 -0.7068 -0.0316
vn 0.7068 -0.7068 0.0316
vn 0.5938 -0.5937 0.5431
vn 0.7076 -0.7059 0.0316
vn 0.0101 -0.0101 0.9999
vn -0.0101 -0.0101 0.9999
vn -0.5937 -0.5937 0.5431
vn -0.7059 -0.7076 0.0316
vn -0.7068 -0.7068 0.0316
vn 0.0316 -0.7068 -0.7067
vn 0.5431 -0.5937 -0.5937
vn 0.0316 -0.7059 -0.7076
vn 0.9999 -0.0101 -0.0101
vn 0.9999 -0.0101 0.0101
vn 0.5431 -0.5937 0.5937
vn 0.0316 -0.7076 0.7059
vn 0.0316 -0.7068 0.7068
vn -1.0000 -0.0024 -0.0034
vn -0.9999 -0.0143 -0.0010
vn 0.0041 0.9595 -0.2817
vn 0.0061 0.9594 -0.2820
vn 0.0408 0.9568 -0.2878
vn -0.9999 0.0143 -0.0010
vn -1.0000 0.0024 -0.0034
vn -0.0024 1.0000 -0.0034
vn -0.0143 0.9999 -0.0010
vn 0.9595 -0.0041 -0.2817
vn 0.9594 -0.0061 -0.2820
vn 0.9568 -0.0408 -0.2879
vn 0.0143 0.9999 -0.0009
vn 0.0024 1.0000 -0.0034
vn 1.0000 0.0024 -0.0034
vn 0.9999 0.0143 -0.0010
vn -0.0041 -0.9595 -0.2817
vn -0.0061 -0.9594 -0.2820
vn -0.0408 -0.9568 -0.2879
vn 0.9999 -0.0143 -0.0010
vn 1.0000 -0.0024 -0.0034
vn 0.0024 -1.0000 -0.0034
vn 0.0143 -0.9999 -0.0010
vn -0.9595 0.0041 -0.2817
vn -0.9594 0.0061 -0.2820
vn -0.9568 0.0408 -0.2879
vn -0.0143 -0.9999 -0.0009
vn -0.0024 -1.0000 -0.0034
vn -1.0000 -0.0091 -0.0000
vn -1.0000 -0.0092 -0.0000
vn 0.0171 0.9999 -0.0000
vn 0.0172 0.9999 -0.0000
vn 0.0543 0.9985 -0.0000
vn -1.0000 0.0091 -0.0001
vn -1.0000 0.0092 -0.0000
vn -0.0091 1.0000 -0.0000
vn -0.0092 1.0000 -0.0000
vn 0.9999 -0.0171 -0.0000
vn 0.9985 -0.0543 -0.0000
vn 0.0091 1.0000 -0.0000
vn 0.0092 1.0000 -0.0000
vn 1.0000 0.0091 0.0001
vn 1.0000 0.0092 -0.0000
vn -0.0171 -0.9999 -0.0000
vn -0.0172 -0.9999 -0.0000
vn -0.0543 -0.9985 -0.0000
vn 1.0000 -0.0091 -0.0000
vn 1.0000 -0.0092 -0.0000
vn 0.0091 -1.0000 -0.0000
vn 0.0092 -1.0000 -0.0000
vn -0.9999 0.0171 -0.0000
vn -0.9999 0.0172 -0.0000
vn -0.9985 0.0543 -0.0000
vn -0.0091 -1.0000 -0.0000
vn -0.0092 -1.0000 -0.0000
vn 0.0171 0.9999 0.0001
vn -1.0000 0.0091 -0.0000
vn 1.0000 0.0091 -0.0000
vn -0.9999 -0.0143 0.0010
vn -1.0000 -0.0024 0.0034
vn 0.0061 0.9594 0.2820
vn 0.0041 0.9595 0.2817
vn 0.0408 0.9568 0.2879
vn -1.0000 0.0024 0.0034
vn -0.9999 0.0143 0.0010
vn -0.0143 0.9999 0.0010
vn -0.0024 1.0000 0.0034
vn 0.9594 -0.0061 0.2820
vn 0.9595 -0.0041 0.2817
vn 0.9568 -0.0408 0.2879
vn 0.0024 1.0000 0.0034
vn 0.0143 0.9999 0.0009
vn 0.9999 0.0143 0.0010
vn 1.0000 0.0024 0.0034
vn -0.0061 -0.9594 0.2820
vn -0.0041 -0.9595 0.2817
vn -0.0408 -0.9568 0.2878
vn 1.0000 -0.0024 0.0034
vn 0.9999 -0.0143 0.0010
vn 0.0143 -0.9999 0.0010
vn 0.0024 -1.0000 0.0034
vn -0.9594 0.0061 0.2820
vn -0.9595 0.0041 0.2817
vn -0.9568 0.0408 0.2879
vn -0.0024 -1.0000 0.0034
vn -0.0143 -0.9999 0.0009
vn 0.0034 -1.0000 0.0024
vn 0.0010 -0.9999 0.0143
vn 0.2817 0.0041 -0.9595
vn 0.2820 0.0061 -0.9594
vn 0.2879 0.0408 -0.9568
vn 0.0010 -0.9999 -0.0143
vn 0.0034 -1.0000 -0.0024
vn 0.0034 -0.0024 -1.0000
vn 0.0010 -0.0143 -0.9999
vn 0.2817 0.9595 0.0041
vn 0.2820 0.9594 0.0061
vn 0.2879 0.9568 0.0408
vn 0.0010 0.0143 -0.9999
vn 0.0034 0.0024 -1.0000
vn 0.0034 1.0000 -0.0024
vn 0.0010 0.9999 -0.0143
vn 0.2817 -0.0041 0.9595
vn 0.2820 -0.0061 0.9594
vn 0.2879 -0.0408 0.9568
vn 0.0010 0.9999 0.0143
vn 0.0034 1.0000 0.0024
vn 0.0034 0.0024 1.0000
vn 0.0010 0.0143 0.9999
vn 0.2817 -0.9595 -0.0041
vn 0.2820 -0.9594 -0.0061
vn 0.2879 -0.9568 -0.0408
vn 0.0010 -0.0143 0.9999
vn 0.0034 -0.0024 1.0000
vn -0.0001 -1.0000 0.0091
vn -0.0000 -1.0000 0.0092
vn -0.0000 0.0171 -0.9999
vn -0.0000 0.0543 -0.9985
vn -0.0000 -1.0000 -0.0091
vn -0.0000 -0.0091 -1.0000
vn -0.0000 -0.0092 -1.0000
vn -0.0001 0.9999 0.0171
vn -0.0000 0.9999 0.0171
vn -0.0000 0.9985 0.0543
vn -0.0000 0.0091 -1.0000
vn -0.0000 0.0092 -1.0000
vn -0.0000 1.0000 -0.0091
vn -0.0000 1.0000 -0.0092
vn -0.0000 -0.0171 0.9999
vn -0.0000 -0.0543 0.9985
vn -0.0000 1.0000 0.0091
vn -0.0000 1.0000 0.0092
vn -0.0000 0.0092 1.0000
vn -0.0000 0.0091 1.0000
vn -0.0000 -0.9999 -0.0171
vn -0.0000 -0.9985 -0.0543
vn 0.0001 -0.0091 1.0000
vn -0.0000 -0.0092 1.0000
vn -0.0000 -1.0000 0.0091
vn 0.0001 -1.0000 -0.0091
vn -0.0000 -0.0172 0.9999
vn -0.0001 0.0091 1.0000
vn -0.0000 -0.9999 -0.0172
vn 0.0001 -0.0092 1.0000
vn -0.0000 -0.0091 1.0000
vn -0.0010 -0.9999 0.0143
vn -0.0034 -1.0000 0.0024
vn -0.2820 0.0061 -0.9594
vn -0.2817 0.0041 -0.9595
vn -0.2879 0.0408 -0.9568
vn -0.0034 -1.0000 -0.0024
vn -0.0010 -0.9999 -0.0143
vn -0.0010 -0.0143 -0.9999
vn -0.0034 -0.0024 -1.0000
vn -0.2820 0.9594 0.0061
vn -0.2817 0.9595 0.0041
vn -0.2879 0.9568 0.0408
vn -0.0034 0.0024 -1.0000
vn -0.0010 0.0143 -0.9999
vn -0.0010 0.9999 -0.0143
vn -0.0034 1.0000 -0.0024
vn -0.2820 -0.0061 0.9594
vn -0.2817 -0.0041 0.9595
vn -0.2879 -0.0408 0.9568
vn -0.0034 1.0000 0.0024
vn -0.0010 0.9999 0.0143
vn -0.0010 0.0143 0.9999
vn -0.0034 0.0024 1.0000
vn -0.2820 -0.9594 -0.0061
vn -0.2817 -0.9595 -0.0041
vn -0.2879 -0.9568 -0.0408
vn -0.0034 -0.0024 1.0000
vn -0.0010 -0.0143 0.9999
vn 0.0024 0.0034 -1.0000
vn 0.0143 0.0010 -0.9999
vn -0.9595 0.2817 0.0041
vn -0.9594 0.2820 0.0061
vn -0.9568 0.2879 0.0408
vn -0.0143 0.0010 -0.9999
vn -0.0024 0.0034 -1.0000
vn -1.0000 0.0034 -0.0024
vn -0.9999 0.0010 -0.0143
vn 0.0041 0.2817 0.9595
vn 0.0061 0.2820 0.9594
vn 0.0408 0.2879 0.9568
vn -0.9999 0.0009 0.0143
vn -1.0000 0.0034 0.0024
vn -0.0024 0.0034 1.0000
vn -0.0143 0.0010 0.9999
vn 0.9595 0.2817 -0.0041
vn 0.9594 0.2820 -0.0061
vn 0.9568 0.2879 -0.0408
vn 0.0143 0.0010 0.9999
vn 0.0024 0.0034 1.0000
vn 1.0000 0.0034 0.0024
vn 0.9999 0.0010 0.0143
vn -0.0041 0.2817 -0.9595
vn -0.0061 0.2820 -0.9594
vn -0.0408 0.2879 -0.9568
vn 0.0091 -0.0000 -1.0000
vn 0.0092 -0.0000 -1.0000
vn -0.9999 -0.0000 0.0171
vn -0.9985 -0.0000 0.0543
vn -0.0092 -0.0000 -1.0000
vn -1.0000 -0.0000 -0.0091
vn -1.0000 -0.0000 -0.0092
vn 0.0171 -0.0001 0.9999
vn 0.0172 -0.0000 0.9999
vn 0.0543 -0.0000 0.9985
vn -1.0000 -0.0000 0.0091
vn -1.0000 -0.0000 0.0092
vn -0.0091 -0.0001 1.0000
vn -0.0091 -0.0000 1.0000
vn 0.9999 -0.0000 -0.0171
vn 0.9999 -0.0000 -0.0172
vn 0.9985 -0.0000 -0.0543
vn 0.0091 -0.0000 1.0000
vn 0.0092 -0.0000 1.0000
vn 1.0000 -0.0000 0.0091
vn 1.0000 -0.0000 0.0092
vn -0.0171 -0.0000 -0.9999
vn -0.0543 -0.0000 -0.9985
vn -0.0092 0.0001 -1.0000
vn 0.0171 -0.0000 0.9999
vn -1.0000 0.0001 0.0091
vn 1.0000 -0.0001 0.0091
vn 0.0143 -0.0010 -0.9999
vn 0.0024 -0.0034 -1.0000
vn -0.9594 -0.2820 0.0061
vn -0.9595 -0.2817 0.0041
vn -0.9568 -0.2878 0.0408
vn -0.0024 -0.0034 -1.0000
vn -0.0143 -0.0010 -0.9999
vn -0.9999 -0.0010 -0.0143
vn -1.0000 -0.0034 -0.0024
vn 0.0061 -0.2820 0.9594
vn 0.0041 -0.2817 0.9595
vn 0.0408 -0.2879 0.9568
vn -1.0000 -0.0034 0.0024
vn -0.9999 -0.0009 0.0143
vn -0.0143 -0.0010 0.9999
vn -0.0024 -0.0034 1.0000
vn 0.9594 -0.2820 -0.0061
vn 0.9595 -0.2817 -0.0041
vn 0.9568 -0.2879 -0.0408
vn 0.0024 -0.0034 1.0000
vn 0.0143 -0.0010 0.9999
vn 0.9999 -0.0010 0.0143
vn 1.0000 -0.0034 0.0024
vn -0.0061 -0.2820 -0.9594
vn -0.0041 -0.2817 -0.9595
vn -0.0408 -0.2879 -0.9568
vn 1.0000 -0.0034 -0.0024
vn 0.9999 -0.0010 -0.0143
vn 1.0000 -0.0000 -0.0091
vn 1.0000 -0.0000 -0.0092
vn 0.9999 0.0010 -0.0143
vn 1.0000 0.0034 -0.0024
vn 0.2820 0.9594 -0.0061
vn 0.2817 0.9595 -0.0041
vn 0.2879 0.9568 -0.0408
vn -0.0000 0.9999 -0.0171
vn -0.0000 0.9985 -0.0543
vn -0.0000 0.9999 -0.0172
vn -0.2817 0.9595 -0.0041
vn -0.2820 0.9594 -0.0061
vn -0.2879 0.9568 -0.0408
vn -0.0061 0.9594 -0.2820
vn -0.0041 0.9595 -0.2817
vn -0.0408 0.9568 -0.2879
vn -0.0171 0.9999 -0.0000
vn -0.0172 0.9999 -0.0000
vn -0.0543 0.9985 -0.0000
vn -0.0041 0.9595 0.2817
vn -0.0061 0.9594 0.2820
vn -0.0408 0.9568 0.2879
vn -0.9594 0.2820 -0.0061
vn -0.9595 0.2817 -0.0041
vn -0.9568 0.2878 -0.0408
vn -0.9999 -0.0000 -0.0171
vn -0.9985 -0.0000 -0.0543
vn -0.9999 -0.0000 -0.0172
vn -0.9595 -0.2817 -0.0041
vn -0.9594 -0.2820 -0.0061
vn -0.9568 -0.2879 -0.0408
vn -0.9594 -0.0061 -0.2820
vn -0.9595 -0.0041 -0.2817
vn -0.9568 -0.0408 -0.2879
vn -0.9999 -0.0171 -0.0000
vn -0.9985 -0.0543 -0.0000
vn -0.9999 -0.0172 -0.0000
vn -0.9595 -0.0041 0.2817
vn -0.9594 -0.0061 0.2820
vn -0.9568 -0.0408 0.2879
vn 0.0061 -0.9594 -0.2820
vn 0.0041 -0.9595 -0.2817
vn 0.0408 -0.9568 -0.2879
vn 0.0171 -0.9999 -0.0000
vn 0.0172 -0.9999 -0.0000
vn 0.0543 -0.9985 -0.0000
vn 0.0041 -0.9595 0.2817
vn 0.0061 -0.9594 0.2820
vn 0.0408 -0.9568 0.2879
vn 0.2820 -0.9594 0.0061
vn 0.2817 -0.9595 0.0041
vn 0.2879 -0.9568 0.0408
vn -0.0000 -0.9999 0.0171
vn -0.0000 -0.9985 0.0543
vn -0.2817 -0.9595 0.0040
vn -0.2820 -0.9594 0.0061
vn -0.2879 -0.9568 0.0408
vn 0.9594 0.0061 -0.2820
vn 0.9595 0.0041 -0.2817
vn 0.9568 0.0408 -0.2879
vn 0.9999 0.0171 -0.0000
vn 0.9985 0.0543 -0.0000
vn 0.9595 0.0041 0.2817
vn 0.9594 0.0061 0.2820
vn 0.9568 0.0408 0.2879
vn 0.9594 0.2820 0.0061
vn 0.9595 0.2817 0.0041
vn 0.9568 0.2878 0.0408
vn 0.9999 -0.0000 0.0171
vn 0.9985 -0.0000 0.0543
vn 0.9999 -0.0000 0.0172
vn 0.9595 -0.2817 0.0041
vn 0.9594 -0.2820 0.0061
vn 0.9568 -0.2879 0.0408
vn 0.0061 0.2820 -0.9594
vn 0.0041 0.2817 -0.9595
vn 0.0408 0.2879 -0.9568
vn 0.0171 0.0001 -0.9999
vn 0.0172 -0.0000 -0.9999
vn 0.0543 -0.0000 -0.9985
vn 0.0171 -0.0000 -0.9999
vn 0.0041 -0.2817 -0.9595
vn 0.0061 -0.2820 -0.9594
vn 0.0408 -0.2879 -0.9568
vn 0.2820 -0.0061 -0.9594
vn 0.2817 -0.0041 -0.9595
vn 0.2879 -0.0408 -0.9568
vn -0.0000 -0.0171 -0.9999
vn -0.0000 -0.0543 -0.9985
vn -0.2817 -0.0041 -0.9595
vn -0.2820 -0.0061 -0.9594
vn -0.2879 -0.0408 -0.9568
vn 0.2820 0.0061 0.9594
vn 0.2817 0.0041 0.9595
vn 0.2879 0.0408 0.9568
vn -0.0000 0.0171 0.9999
vn -0.0000 0.0543 0.9985
vn 0.0001 0.0171 0.9999
vn -0.2817 0.0041 0.9595
vn -0.2820 0.0061 0.9594
vn -0.2879 0.0408 0.9568
vn -0.0061 0.2820 0.9594
vn -0.0041 0.2817 0.9595
vn -0.0408 0.2879 0.9568
vn -0.0171 -0.0000 0.9999
vn -0.0172 -0.0000 0.9999
vn -0.0543 -0.0000 0.9985
vn -0.0041 -0.2817 0.9595
vn -0.0061 -0.2820 0.9594
vn -0.0408 -0.2879 0.9568
vn 0.0126 -0.7071 0.7071
vn 0.0126 -0.7071 -0.7071
vn 0.0126 0.7071 -0.7071
vn 0.0126 0.7071 0.7071
vn -0.7071 -0.0126 0.7071
vn -0.7071 -0.0126 -0.7071
vn 0.7071 -0.0126 -0.7071
vn 0.7071 -0.0126 0.7071
vn -0.7071 -0.7071 0.0126
vn 0.7071 -0.7071 0.0126
vn 0.7071 0.7071 0.0126
vn -0.7071 0.7071 0.0126
vn -0.0126 -0.7071 -0.7071
vn -0.0126 -0.7071 0.7071
vn -0.0126 0.7071 0.7071
vn -0.0126 0.7071 -0.7071
vn -0.7071 0.0126 -0.7071
vn -0.7071 0.0126 0.7071
vn 0.7071 0.0126 0.7071
vn 0.7071 0.0126 -0.7071
vn 0.7071 -0.7071 -0.0126
vn -0.7071 -0.7071 -0.0126
vn -0.7071 0.7071 -0.0126
vn 0.7071 0.7071 -0.0126
vn -0.6764 0.7197 -0.1566
vn -0.7282 0.6697 -0.1457
vn 0.6697 -0.7282 -0.1457
vn 0.7195 -0.6766 -0.1565
vn -0.7280 -0.6699 -0.1458
vn -0.6764 -0.7197 -0.1566
vn 0.7195 0.6766 -0.1566
vn 0.6697 0.7282 -0.1457
vn -0.6700 0.7279 -0.1458
vn -0.7197 0.6764 -0.1566
vn 0.6767 -0.7195 -0.1566
vn 0.7282 -0.6697 -0.1457
vn 0.7282 0.6697 -0.1457
vn 0.6767 0.7195 -0.1566
vn -0.7195 -0.6766 -0.1565
vn -0.6697 -0.7282 -0.1457
vn -0.7000 0.7142 -0.0000
vn 0.7142 -0.7000 -0.0000
vn -0.7000 -0.7142 -0.0000
vn 0.7142 0.7000 -0.0000
vn 0.7142 0.6999 -0.0000
vn -0.7142 0.7000 -0.0000
vn 0.7000 -0.7142 -0.0000
vn 0.7000 0.7142 -0.0000
vn -0.7142 -0.7000 -0.0000
vn 0.7142 -0.6999 -0.0000
vn -0.7142 0.6999 -0.0000
vn -0.7282 0.6697 0.1457
vn -0.6766 0.7195 0.1566
vn 0.7195 -0.6766 0.1565
vn 0.6697 -0.7282 0.1457
vn -0.6766 -0.7195 0.1566
vn -0.7282 -0.6697 0.1457
vn 0.6697 0.7282 0.1457
vn 0.7195 0.6766 0.1566
vn -0.7195 0.6766 0.1565
vn -0.6697 0.7282 0.1457
vn 0.7282 -0.6697 0.1457
vn 0.6766 -0.7195 0.1566
vn 0.6767 0.7195 0.1566
vn 0.7282 0.6697 0.1457
vn -0.6697 -0.7282 0.1457
vn -0.7195 -0.6766 0.1565
vn 0.1566 -0.6766 -0.7195
vn 0.1458 -0.7280 -0.6699
vn 0.1457 0.6697 0.7282
vn 0.1566 0.7198 0.6763
vn 0.1458 -0.7279 0.6700
vn 0.1565 -0.6766 0.7195
vn 0.1566 0.7195 -0.6766
vn 0.1458 0.6700 -0.7279
vn 0.1457 -0.6697 -0.7282
vn 0.1566 -0.7195 -0.6766
vn 0.1565 0.6766 0.7195
vn 0.1458 0.7279 0.6700
vn 0.1457 0.7282 -0.6697
vn 0.1566 0.6766 -0.7195
vn 0.1566 -0.7195 0.6767
vn 0.1457 -0.6697 0.7282
vn -0.0000 -0.7000 -0.7142
vn -0.0000 0.7142 0.6999
vn -0.0000 -0.7000 0.7142
vn -0.0000 -0.6999 0.7142
vn -0.0000 0.7142 -0.7000
vn -0.0000 -0.7142 -0.7000
vn -0.0000 0.7000 0.7142
vn -0.0000 0.6999 0.7142
vn -0.0000 0.7000 -0.7142
vn -0.0000 0.6999 -0.7142
vn -0.0000 -0.7142 0.6999
vn -0.0000 -0.6999 -0.7142
vn -0.0000 0.7142 0.7000
vn -0.1457 -0.7282 -0.6697
vn -0.1565 -0.6766 -0.7195
vn -0.1566 0.7195 0.6766
vn -0.1458 0.6699 0.7280
vn -0.1566 -0.6764 0.7197
vn -0.1457 -0.7282 0.6697
vn -0.1457 0.6697 -0.7282
vn -0.1566 0.7198 -0.6763
vn -0.1566 -0.7195 -0.6766
vn -0.1457 -0.6697 -0.7282
vn -0.1458 0.7279 0.6700
vn -0.1566 0.6763 0.7198
vn -0.1566 0.6766 -0.7195
vn -0.1457 0.7282 -0.6697
vn -0.1457 -0.6697 0.7282
vn -0.1566 -0.7195 0.6767
vn -0.7195 0.1566 -0.6766
vn -0.6699 0.1458 -0.7280
vn 0.7280 0.1458 0.6699
vn 0.6766 0.1566 0.7195
vn 0.6699 0.1458 -0.7280
vn 0.7195 0.1566 -0.6767
vn -0.6763 0.1566 0.7198
vn -0.7279 0.1458 0.6700
vn -0.7279 0.1458 -0.6700
vn -0.6767 0.1566 -0.7195
vn 0.7195 0.1566 0.6766
vn 0.6700 0.1458 0.7279
vn -0.6700 0.1458 0.7279
vn -0.7195 0.1566 0.6766
vn 0.6766 0.1566 -0.7195
vn 0.7282 0.1457 -0.6697
vn -0.7142 -0.0000 -0.7000
vn 0.7000 -0.0000 0.7142
vn 0.7142 -0.0000 -0.7000
vn -0.7000 -0.0000 0.7142
vn -0.7000 -0.0000 -0.7142
vn 0.7142 -0.0000 0.7000
vn 0.7142 -0.0000 0.6999
vn -0.7142 -0.0000 0.6999
vn 0.7000 -0.0000 -0.7142
vn -0.7142 -0.0000 0.7000
vn -0.6697 -0.1457 -0.7282
vn -0.7197 -0.1566 -0.6764
vn 0.6763 -0.1566 0.7198
vn 0.7282 -0.1457 0.6697
vn 0.7195 -0.1566 -0.6766
vn 0.6700 -0.1458 -0.7279
vn -0.7282 -0.1457 0.6697
vn -0.6766 -0.1566 0.7195
vn -0.6766 -0.1566 -0.7195
vn -0.7282 -0.1457 -0.6697
vn 0.6697 -0.1457 0.7282
vn 0.7197 -0.1566 0.6764
vn -0.7198 -0.1566 0.6763
vn -0.6697 -0.1457 0.7282
vn 0.7282 -0.1457 -0.6697
vn 0.6766 -0.1566 -0.7195
vn 0.9995 0.0001 0.0330
vn -0.9998 0.0001 -0.0223
vn 0.5203 -0.0000 0.8540
vn -0.6202 -0.0000 -0.7845
vn 0.0055 -0.0000 -1.0000
vn -0.8883 -0.0000 0.4593
vn -0.8270 -0.0000 0.5623
vn -0.0139 -0.0000 0.9999
vn 0.9728 -0.0000 -0.2318
vn -0.5519 -0.0000 -0.8339
vn 0.9580 -0.0000 -0.2866
vn 0.5932 -0.0000 -0.8051
vn 0.9907 0.1360 -0.0000
vn 0.9981 0.0608 -0.0000
vn -0.8633 0.5046 -0.0000
vn 0.6585 -0.7526 -0.0000
vn -0.9999 -0.0111 -0.0000
vn -0.0463 0.9989 -0.0000
vn 0.1475 0.9891 -0.0000
vn 0.7526 0.6585 -0.0000
vn -0.9514 -0.3081 -0.0000
vn -0.2013 0.9795 -0.0000
vn -0.0000 0.8595 0.5111
vn -0.0000 0.9826 0.1857
vn -0.0000 -0.5926 -0.8055
vn -0.0000 0.7068 -0.7074
vn -0.0000 -0.8219 0.5696
vn -0.0000 0.0932 0.9956
vn -0.0000 0.8375 0.5465
vn -0.0000 -0.9996 -0.0265
vn -0.0000 0.7119 0.7023
vn -0.0000 -0.1408 -0.9900
vn -0.0000 -0.7376 0.6752
vn -0.0000 0.6007 -0.7995
vn -0.0000 -0.8648 -0.5021
vn 0.8838 -0.0000 -0.4679
vn 0.9858 -0.0000 0.1681
vn 0.8880 -0.0000 0.4598
vn -0.4776 -0.0000 -0.8786
vn 0.4232 -0.0000 0.9061
vn -0.1009 -0.0000 0.9949
vn -1.0000 -0.0000 0.0045
vn -0.8500 -0.0000 0.5268
vn 0.9994 -0.0000 0.0343
vn 0.0297 -0.0000 -0.9996
vn -0.9799 -0.0000 0.1996
vn -0.5342 0.8453 -0.0000
vn -0.0545 -0.9985 -0.0000
vn 0.9958 -0.0918 -0.0000
vn 0.1269 -0.9919 -0.0000
vn 0.8058 0.5921 -0.0000
vn -0.0542 -0.9985 -0.0000
vn 0.5182 -0.8552 -0.0000
vn -0.9893 -0.1456 -0.0000
vn -0.9937 0.1123 -0.0000
vn -0.0000 0.0637 0.9980
vn -0.0000 -0.9998 0.0215
vn -0.0000 0.0443 -0.9990
vn -0.0000 0.1045 0.9945
vn -0.0000 0.9893 -0.1460
vn -0.0000 -0.9998 0.0190
vn -0.0000 0.0679 -0.9977
vn -0.0000 0.9906 -0.1366
vn -0.0000 -0.8621 -0.5068
vn -0.3275 0.9448 0.0036
vn -0.4153 0.9097 0.0027
vn -0.4323 0.8331 0.3450
vn -0.3735 0.8570 0.3550
vn -0.4324 0.3454 0.8329
vn -0.4153 0.0028 0.9097
vn -0.3275 0.0036 0.9448
vn -0.3737 0.3553 0.8568
vn -0.4130 0.6565 0.6312
vn -0.3250 0.6841 0.6529
vn -0.3250 0.6530 0.6841
vn -0.4130 0.6312 0.6565
vn 0.4152 -0.9097 0.0028
vn 0.4151 -0.9098 -0.0028
vn 0.8444 -0.5358 -0.0016
vn 0.8450 -0.5347 0.0015
vn 0.4153 0.0028 -0.9097
vn 0.8444 0.0016 -0.5356
vn 0.8455 -0.0015 -0.5339
vn 0.4155 -0.0027 -0.9096
vn 0.9982 -0.0589 -0.0055
vn 0.9982 -0.0597 0.0053
vn 0.9974 0.0064 -0.0719
vn 0.9986 -0.0047 -0.0522
vn 0.9448 -0.3275 0.0036
vn 0.8570 -0.3735 0.3550
vn 0.8331 -0.4323 0.3451
vn 0.9097 -0.4153 0.0027
vn 0.3550 -0.3735 0.8570
vn 0.0036 -0.3275 0.9448
vn 0.0027 -0.4153 0.9097
vn 0.3451 -0.4323 0.8331
vn 0.8570 0.3550 -0.3735
vn 0.9448 0.0036 -0.3275
vn 0.9097 0.0027 -0.4153
vn 0.8331 0.3451 -0.4323
vn 0.0035 0.9448 -0.3276
vn 0.3550 0.8570 -0.3735
vn 0.3451 0.8331 -0.4323
vn 0.0027 0.9097 -0.4153
vn 0.6841 -0.3251 0.6529
vn 0.6565 -0.4130 0.6312
vn 0.6529 -0.3251 0.6841
vn 0.6312 -0.4130 0.6565
vn 0.6841 0.6529 -0.3251
vn 0.6565 0.6312 -0.4130
vn 0.6529 0.6841 -0.3251
vn 0.6312 0.6565 -0.4130
vn -0.8289 -0.5594 -0.0024
vn -0.8289 -0.5594 0.0024
vn -0.8373 -0.5429 0.0643
vn -0.8381 -0.5414 -0.0670
vn -0.8364 -0.0644 -0.5443
vn -0.8370 0.0646 -0.5433
vn -0.8282 0.0024 -0.5604
vn -0.8282 -0.0023 -0.5605
vn -0.0874 0.0023 -0.9962
vn 0.3273 0.0037 -0.9449
vn 0.3277 -0.0035 -0.9448
vn -0.0875 -0.0022 -0.9962
vn 0.3275 -0.9448 -0.0037
vn 0.3277 -0.9448 0.0036
vn -0.0856 -0.9963 0.0023
vn -0.0855 -0.9963 -0.0024
vn 0.0209 0.3826 0.9237
vn 0.0869 0.0023 0.9962
vn 0.9237 0.0209 0.3826
vn 0.9962 0.0870 0.0023
vn 0.3826 0.0209 0.9237
vn 0.0023 0.0869 0.9962
vn 0.9237 0.3826 0.0209
vn 0.9962 0.0023 0.0869
vn 0.0209 0.9237 0.3826
vn 0.0869 0.9962 0.0023
vn 0.3826 0.9237 0.0209
vn 0.0023 0.9962 0.0870
vn 0.0822 0.6956 0.7137
vn 0.7137 0.0822 0.6956
vn 0.6956 0.0822 0.7137
vn 0.7137 0.6956 0.0822
vn 0.0822 0.7137 0.6956
vn 0.6956 0.7137 0.0822
vn 0.7147 0.2677 0.6462
vn 0.8284 0.0024 0.5602
vn 0.8369 0.0644 0.5435
vn 0.8253 0.3901 0.4083
vn 0.6462 0.7147 0.2677
vn 0.5602 0.8284 0.0024
vn 0.5435 0.8369 0.0644
vn 0.4083 0.8253 0.3901
vn 0.0644 0.8369 0.5435
vn 0.0024 0.8284 0.5602
vn 0.2677 0.7147 0.6462
vn 0.3901 0.8253 0.4083
vn 0.5435 0.0644 0.8369
vn 0.5602 0.0024 0.8284
vn 0.6462 0.2677 0.7146
vn 0.4083 0.3901 0.8253
vn 0.2677 0.6462 0.7147
vn 0.0024 0.5602 0.8284
vn 0.0644 0.5435 0.8369
vn 0.3901 0.4083 0.8253
vn 0.8369 0.5435 0.0644
vn 0.8284 0.5602 0.0024
vn 0.7147 0.6462 0.2677
vn 0.8253 0.4083 0.3901
vn -0.0027 -0.9097 0.4153
vn -0.0036 -0.9448 0.3275
vn 0.0036 -0.9448 0.3275
vn 0.0027 -0.9097 0.4153
vn -0.9097 0.4153 -0.0027
vn -0.9448 0.3275 -0.0036
vn -0.9448 0.3275 0.0036
vn -0.9097 0.4153 0.0027
vn -0.9097 0.0027 0.4153
vn -0.9448 0.0036 0.3275
vn -0.9448 -0.0036 0.3275
vn -0.9097 -0.0027 0.4153
vn 0.0027 0.4153 -0.9097
vn 0.0036 0.3275 -0.9448
vn -0.0036 0.3276 -0.9448
vn -0.0027 0.4153 -0.9097
vn -0.0015 -0.5349 0.8449
vn 0.0015 -0.5349 0.8449
vn -0.5349 0.8449 -0.0015
vn -0.5349 0.8449 0.0015
vn -0.5349 0.0015 0.8449
vn -0.5349 -0.0015 0.8449
vn 0.0015 0.8449 -0.5349
vn -0.0015 0.8449 -0.5349
vn -0.0062 -0.0689 0.9976
vn 0.0058 -0.0646 0.9979
vn -0.1037 0.9946 -0.0092
vn -0.0485 0.9988 0.0043
vn -0.1102 0.0097 0.9939
vn -0.1048 -0.0094 0.9945
vn 0.0063 0.9975 -0.0703
vn -0.0073 0.9966 -0.0819
vn 0.2677 -0.6462 -0.7147
vn 0.0024 -0.5602 -0.8284
vn 0.0644 -0.5435 -0.8369
vn 0.3901 -0.4083 -0.8253
vn -0.6462 -0.7146 0.2677
vn -0.5602 -0.8284 0.0024
vn -0.5435 -0.8369 0.0644
vn -0.4083 -0.8253 0.3901
vn -0.7146 -0.6462 0.2677
vn -0.8253 -0.4083 0.3901
vn -0.5435 0.0644 -0.8369
vn -0.5602 0.0024 -0.8284
vn -0.6462 0.2677 -0.7147
vn -0.4083 0.3901 -0.8253
vn 0.0644 -0.8369 -0.5435
vn 0.0024 -0.8284 -0.5602
vn 0.2677 -0.7147 -0.6462
vn 0.3901 -0.8253 -0.4083
vn 0.0023 -0.9962 -0.0869
vn 0.3826 -0.9237 -0.0208
vn 0.3550 -0.8570 0.3735
vn -0.9962 -0.0869 0.0023
vn -0.9237 -0.0209 0.3826
vn -0.8570 0.3735 0.3550
vn -0.0209 -0.9237 0.3826
vn 0.3735 -0.8570 0.3550
vn -0.9237 0.3826 -0.0208
vn -0.9962 0.0023 -0.0869
vn -0.8570 0.3550 0.3735
vn 0.3826 -0.0209 -0.9237
vn 0.0023 -0.0870 -0.9962
vn 0.3550 0.3735 -0.8570
vn -0.7151 0.2720 -0.6440
vn -0.8253 0.3955 -0.4031
vn -0.0180 0.3891 -0.9210
vn 0.3749 0.3612 -0.8538
vn 0.6529 -0.6841 0.3251
vn 0.6956 -0.7137 -0.0822
vn -0.6841 0.3251 0.6529
vn -0.7137 -0.0822 0.6956
vn 0.3251 -0.6841 0.6530
vn -0.0822 -0.7137 0.6956
vn -0.6841 0.6529 0.3251
vn -0.7137 0.6956 -0.0822
vn 0.6530 0.3251 -0.6841
vn 0.6956 -0.0822 -0.7137
vn 0.3249 0.6620 -0.6755
vn -0.0819 0.7054 -0.7041
vn 0.4331 0.3511 -0.8301
vn 0.4130 0.6399 -0.6480
vn -0.8252 0.4139 -0.3844
vn -0.8362 0.5449 -0.0627
vn -0.0824 0.7235 -0.6854
vn 0.3249 0.6932 -0.6433
vn 0.3451 -0.8331 0.4323
vn 0.2467 -0.5956 0.7645
vn -0.8331 0.4323 0.3450
vn -0.5956 0.7645 0.2467
vn 0.7645 -0.5956 0.2467
vn 0.4323 -0.8331 0.3451
vn -0.5956 0.2467 0.7645
vn -0.8331 0.3451 0.4323
vn 0.2467 0.7645 -0.5956
vn 0.3451 0.4323 -0.8331
vn 0.7634 0.2530 -0.5943
vn 0.6312 -0.6565 0.4130
vn 0.3698 -0.3860 0.8451
vn -0.6565 0.4130 0.6312
vn -0.3860 0.8451 0.3698
vn 0.4130 -0.6565 0.6312
vn 0.8451 -0.3860 0.3698
vn -0.6565 0.6312 0.4130
vn -0.3860 0.3698 0.8451
vn 0.6312 0.4130 -0.6565
vn 0.3698 0.8451 -0.3860
vn 0.8442 0.3758 -0.3822
vn -0.7143 0.6485 -0.2633
vn -0.8280 0.5607 -0.0023
vn 0.6462 -0.2677 -0.7147
vn 0.4083 -0.3901 -0.8253
vn 0.5435 -0.0644 -0.8369
vn 0.5602 -0.0024 -0.8284
vn -0.8369 -0.0644 0.5435
vn -0.8253 -0.3901 0.4083
vn -0.7147 -0.2677 0.6462
vn -0.8284 -0.0024 0.5602
vn -0.2677 -0.7147 0.6462
vn -0.3901 -0.8253 0.4083
vn -0.0644 -0.8369 0.5435
vn -0.0024 -0.8284 0.5602
vn 0.5435 -0.8369 -0.0644
vn 0.4083 -0.8253 -0.3901
vn 0.6462 -0.7147 -0.2677
vn 0.5602 -0.8284 -0.0024
vn -0.0644 0.5435 -0.8369
vn -0.3901 0.4083 -0.8253
vn -0.2677 0.6462 -0.7147
vn -0.0024 0.5602 -0.8284
vn -0.0237 0.9263 -0.3760
vn 0.3724 0.8599 -0.3491
vn 0.6841 -0.6530 0.3251
vn 0.7137 -0.6956 -0.0822
vn 0.9237 -0.3826 -0.0209
vn 0.8570 -0.3550 0.3735
vn -0.0209 -0.3826 0.9237
vn -0.0822 -0.6956 0.7137
vn 0.3251 -0.6529 0.6841
vn 0.3735 -0.3550 0.8570
vn -0.6530 0.3251 0.6841
vn -0.6956 -0.0822 0.7137
vn -0.3826 -0.0208 0.9237
vn -0.3550 0.3735 0.8570
vn 0.9237 -0.0209 -0.3826
vn 0.7137 -0.0822 -0.6956
vn 0.6841 0.3251 -0.6529
vn 0.8570 0.3735 -0.3550
vn -0.3826 0.9237 -0.0209
vn -0.6956 0.7137 -0.0822
vn -0.6529 0.6841 0.3251
vn -0.3550 0.8570 0.3735
vn 0.4130 0.6654 -0.6218
vn 0.8451 0.3911 -0.3644
vn 0.9988 0.0490 -0.0042
vn -0.0879 0.9961 -0.0022
vn 0.3276 0.9448 -0.0035
vn 0.9962 -0.0023 -0.0869
vn 0.9448 -0.0036 0.3275
vn 0.3275 -0.0036 0.9448
vn -0.0869 -0.0023 0.9962
vn -0.0023 -0.0869 0.9962
vn -0.0036 0.3275 0.9448
vn 0.9448 0.3275 -0.0036
vn 0.9962 -0.0869 -0.0023
vn -0.0036 0.9448 0.3275
vn -0.0023 0.9962 -0.0869
vn 0.4316 0.8358 -0.3393
vn 0.4155 0.9096 -0.0027
vn 0.7648 0.5969 -0.2423
vn 0.5956 -0.2467 0.7645
vn 0.3860 -0.3698 0.8451
vn 0.6565 -0.6312 0.4130
vn 0.8331 -0.3451 0.4323
vn 0.4130 -0.6312 0.6565
vn 0.8451 -0.3698 0.3860
vn 0.7645 -0.2467 0.5956
vn 0.4323 -0.3451 0.8331
vn -0.2467 0.7645 0.5956
vn -0.3698 0.8451 0.3860
vn -0.6312 0.4130 0.6565
vn -0.3451 0.4323 0.8331
vn 0.6565 0.4130 -0.6312
vn 0.3860 0.8451 -0.3698
vn 0.5956 0.7645 -0.2467
vn 0.8331 0.4323 -0.3451
vn -0.6312 0.6565 0.4130
vn -0.3698 0.3860 0.8451
vn -0.2467 0.5956 0.7645
vn -0.3451 0.8331 0.4323
vn 0.8453 0.5343 -0.0015
vn 0.0857 -0.0077 0.9963
vn 0.5349 -0.0015 0.8449
vn 0.9983 -0.0051 0.0573
vn 0.8449 -0.0015 0.5349
vn -0.0064 0.9974 0.0717
vn -0.0015 0.8449 0.5349
vn 0.0845 0.9964 -0.0075
vn 0.5349 0.8449 -0.0015
vn -0.0043 0.0478 0.9988
vn -0.0015 0.5349 0.8449
vn 0.9097 -0.0027 0.4153
vn 0.4153 -0.0027 0.9097
vn -0.0027 0.4153 0.9097
vn 0.9097 0.4153 -0.0028
vn -0.0027 0.9097 0.4153
vn -0.8366 0.5439 0.0644
vn -0.8280 0.5607 0.0024
vn -0.0879 0.9961 0.0023
vn 0.3274 0.9449 0.0036
vn 0.8448 0.5350 0.0015
vn 0.9987 0.0503 0.0045
vn 0.4154 0.9096 0.0027
vn 0.0644 -0.8369 0.5435
vn 0.5435 -0.8369 0.0644
vn 0.4083 -0.8253 0.3901
vn 0.3901 -0.8253 0.4083
vn 0.5435 0.0644 -0.8369
vn 0.0644 0.5435 -0.8369
vn 0.3901 0.4083 -0.8253
vn 0.4083 0.3901 -0.8253
vn 0.6462 0.2677 -0.7147
vn 0.5602 0.0024 -0.8284
vn 0.2677 -0.7147 0.6462
vn 0.0024 -0.8284 0.5602
vn -0.7147 0.6462 0.2677
vn -0.8253 0.4083 0.3901
vn -0.8369 0.0644 0.5435
vn -0.8284 0.0024 0.5602
vn -0.7147 0.2677 0.6462
vn -0.8253 0.3901 0.4083
vn 0.5602 -0.8284 0.0024
vn 0.6462 -0.7147 0.2677
vn 0.0024 0.5602 -0.8284
vn 0.2677 0.6462 -0.7147
vn 0.9448 0.0036 0.3275
vn 0.9962 0.0023 -0.0869
vn 0.9237 0.3826 -0.0209
vn 0.8568 0.3554 0.3737
vn 0.0036 0.3275 0.9448
vn 0.0023 -0.0869 0.9962
vn 0.3826 -0.0209 0.9237
vn 0.3554 0.3737 0.8568
vn -0.0209 0.9237 0.3826
vn 0.3735 0.8570 0.3550
vn -0.0209 0.3826 0.9237
vn -0.0869 0.0023 0.9962
vn 0.3275 0.0036 0.9448
vn 0.3735 0.3550 0.8570
vn 0.9237 -0.0208 0.3826
vn 0.9962 -0.0869 0.0023
vn 0.9448 0.3275 0.0036
vn 0.8570 0.3735 0.3550
vn 0.3826 0.9237 -0.0209
vn 0.0023 0.9962 -0.0869
vn 0.0036 0.9448 0.3275
vn 0.3550 0.8570 0.3735
vn 0.6956 -0.0822 0.7137
vn 0.7137 -0.0822 0.6956
vn 0.6841 0.3250 0.6530
vn 0.6530 0.3250 0.6841
vn 0.7137 0.6956 -0.0822
vn 0.6956 0.7137 -0.0822
vn 0.6529 0.6841 0.3250
vn 0.6841 0.6530 0.3250
vn -0.0822 0.7137 0.6956
vn 0.3251 0.6841 0.6529
vn 0.3251 0.6530 0.6841
vn -0.0822 0.6956 0.7137
vn 0.8329 0.3454 0.4324
vn 0.9097 0.0028 0.4153
vn 0.3454 0.4324 0.8329
vn 0.0028 0.4153 0.9097
vn 0.8331 0.4323 0.3450
vn 0.9097 0.4153 0.0027
vn 0.3450 0.8331 0.4323
vn 0.0027 0.9097 0.4153
vn 0.6565 0.6312 0.4130
vn 0.6312 0.4130 0.6565
vn 0.6565 0.4130 0.6312
vn 0.6312 0.6565 0.4130
vn 0.0605 0.9982 0.0053
vn 0.0080 0.9960 0.0895
vn 0.3703 0.8446 0.3866
vn 0.3864 0.8447 0.3704
vn 0.0042 0.0472 0.9989
vn 0.0569 0.0051 0.9984
vn 0.3866 0.3703 0.8446
vn 0.3704 0.3864 0.8447
vn 0.5955 0.7645 0.2467
vn 0.5349 0.8449 0.0015
vn 0.7645 0.5956 0.2467
vn 0.8452 0.3860 0.3698
vn 0.7645 0.2467 0.5956
vn 0.8449 0.0015 0.5349
vn 0.9972 0.0067 0.0746
vn 0.8451 0.3698 0.3860
vn 0.2467 0.5955 0.7645
vn 0.0015 0.5349 0.8449
vn 0.0015 0.8449 0.5349
vn 0.2487 0.7637 0.5958
vn 0.5349 0.0015 0.8449
vn 0.5958 0.2487 0.7637
vn 0.4323 0.8331 0.3451
vn 0.4153 0.0027 0.9097
vn 0.4323 0.3451 0.8331
vn 0.4130 0.6565 0.6312
vn 0.4130 0.6312 0.6565
vn -0.0023 -0.0869 -0.9962
vn -0.9962 -0.0869 -0.0023
vn -0.9962 -0.0023 -0.0870
vn -0.0023 -0.9962 -0.0869
vn -0.0644 -0.8369 -0.5435
vn -0.0024 -0.8284 -0.5602
vn -0.5435 -0.0644 -0.8369
vn -0.5602 -0.0024 -0.8284
vn -0.5602 -0.8284 -0.0024
vn -0.5435 -0.8369 -0.0644
vn -0.0024 -0.5602 -0.8284
vn -0.0644 -0.5435 -0.8369
vn -0.8447 0.3864 0.3704
vn -0.8446 0.3703 0.3866
vn -0.7637 0.2487 0.5958
vn 0.2467 -0.7645 0.5956
vn 0.3698 -0.8451 0.3860
vn 0.5956 0.2467 -0.7645
vn 0.3860 0.3698 -0.8451
vn 0.2467 0.5956 -0.7645
vn 0.3698 0.3860 -0.8451
vn 0.5956 -0.7645 0.2467
vn 0.3860 -0.8451 0.3698
vn -0.7645 0.5955 0.2467
vn -0.8449 0.0015 0.5349
vn 0.5349 0.0015 -0.8449
vn 0.0015 -0.8449 0.5349
vn 0.0015 0.5349 -0.8449
vn 0.5349 -0.8449 0.0015
vn -0.8449 0.5349 0.0015
vn -0.9955 0.0085 0.0945
vn 0.0068 0.0764 -0.9971
vn 0.0086 -0.9953 0.0967
vn 0.0400 0.0036 -0.9992
vn 0.0359 -0.9994 0.0032
vn -0.9993 0.0374 0.0034
vn 0.8458 -0.3613 -0.3925
vn 0.8445 -0.3787 -0.3787
vn 0.7649 -0.2402 -0.5977
vn 0.7641 -0.5933 -0.2531
vn -0.2467 0.7645 -0.5956
vn -0.3698 0.8451 -0.3860
vn -0.5956 0.7645 -0.2467
vn -0.3860 0.8451 -0.3698
vn -0.2467 -0.5956 0.7645
vn -0.3698 -0.3860 0.8451
vn -0.5956 -0.2467 0.7645
vn -0.3860 -0.3698 0.8451
vn 0.4312 -0.3365 -0.8372
vn 0.4335 -0.8289 -0.3536
vn -0.3451 0.4323 -0.8331
vn -0.8331 0.4323 -0.3451
vn -0.8331 -0.3451 0.4323
vn -0.3451 -0.8331 0.4323
vn 0.4132 -0.6178 -0.6690
vn 0.4131 -0.6429 -0.6450
vn -0.6312 0.4130 -0.6565
vn -0.6565 0.4130 -0.6312
vn -0.6565 -0.6312 0.4130
vn -0.6312 -0.6565 0.4130
vn 0.3718 -0.3462 -0.8613
vn -0.0251 -0.3728 -0.9276
vn -0.0166 -0.9196 -0.3924
vn 0.3753 -0.8525 -0.3637
vn -0.3826 -0.0209 -0.9237
vn -0.3550 0.3735 -0.8570
vn -0.8570 0.3735 -0.3550
vn -0.9237 -0.0209 -0.3826
vn -0.3550 -0.8570 0.3735
vn -0.3826 -0.9237 -0.0209
vn -0.9237 -0.3826 -0.0209
vn -0.8570 -0.3550 0.3735
vn 0.3251 -0.6393 -0.6969
vn -0.0828 -0.6807 -0.7279
vn -0.7141 -0.2611 -0.6496
vn -0.8253 -0.3818 -0.4160
vn 0.3251 -0.6702 -0.6672
vn -0.0820 -0.6988 -0.7106
vn -0.6529 0.3251 -0.6841
vn -0.6956 -0.0822 -0.7137
vn -0.6841 0.3251 -0.6530
vn -0.7137 -0.0822 -0.6956
vn -0.6530 -0.6841 0.3251
vn -0.6956 -0.7137 -0.0822
vn -0.6841 -0.6529 0.3251
vn -0.7137 -0.6956 -0.0822
vn -0.8254 -0.3999 -0.3985
vn -0.7153 -0.6428 -0.2742
vn -0.2677 -0.7147 -0.6462
vn -0.3901 -0.8253 -0.4083
vn -0.6462 -0.7147 -0.2677
vn -0.4083 -0.8253 -0.3901
vn -0.6462 -0.2677 -0.7147
vn -0.4083 -0.3901 -0.8253
vn -0.2677 -0.6462 -0.7147
vn -0.3901 -0.4083 -0.8253
vn 0.8369 0.5435 -0.0644
vn 0.8284 0.5602 -0.0024
vn -0.0024 0.5602 0.8284
vn -0.0644 0.5435 0.8369
vn 0.8284 -0.0024 0.5602
vn 0.8369 -0.0644 0.5435
vn 0.5435 -0.0644 0.8369
vn 0.5602 -0.0024 0.8284
vn -0.0644 0.8369 0.5435
vn -0.0024 0.8284 0.5602
vn 0.5602 0.8284 -0.0024
vn 0.5435 0.8369 -0.0644
vn -0.0036 0.9448 -0.3275
vn -0.0023 0.9962 0.0870
vn 0.0869 0.9962 -0.0023
vn -0.3275 0.9448 -0.0036
vn -0.3275 -0.0036 0.9448
vn 0.0869 -0.0023 0.9962
vn -0.0023 0.0869 0.9962
vn -0.0036 -0.3275 0.9448
vn 0.9962 -0.0023 0.0869
vn 0.9448 -0.0036 -0.3275
vn 0.9448 -0.3275 -0.0036
vn 0.9962 0.0870 -0.0023
vn -0.4153 0.9097 -0.0027
vn -0.0027 0.9097 -0.4153
vn -0.4153 -0.0027 0.9097
vn -0.0027 -0.4153 0.9097
vn 0.9097 -0.4153 -0.0027
vn 0.9097 -0.0027 -0.4153
vn 0.7147 0.6462 -0.2677
vn 0.8253 0.4083 -0.3901
vn 0.7147 -0.2677 0.6462
vn 0.8253 -0.3901 0.4083
vn -0.2677 0.6462 0.7146
vn -0.3901 0.4083 0.8253
vn 0.6462 0.7147 -0.2677
vn 0.4083 0.8253 -0.3901
vn -0.2677 0.7147 0.6462
vn -0.3901 0.8253 0.4083
vn 0.6462 -0.2677 0.7147
vn 0.4083 -0.3901 0.8253
vn 0.0209 0.9237 -0.3826
vn -0.3735 0.8570 -0.3550
vn -0.3826 0.9237 0.0209
vn -0.3550 0.8570 -0.3735
vn 0.0209 -0.3826 0.9237
vn -0.3735 -0.3551 0.8570
vn 0.9237 0.0209 -0.3826
vn 0.8570 -0.3735 -0.3550
vn -0.3826 0.0209 0.9237
vn -0.3550 -0.3735 0.8570
vn 0.9237 -0.3826 0.0209
vn 0.8570 -0.3550 -0.3735
vn -0.3251 0.6841 -0.6529
vn 0.0822 0.7137 -0.6956
vn -0.6529 0.6841 -0.3250
vn -0.6956 0.7137 0.0822
vn -0.3251 -0.6530 0.6841
vn 0.0822 -0.6956 0.7137
vn 0.6841 -0.3250 -0.6529
vn 0.7137 0.0822 -0.6956
vn -0.6529 -0.3251 0.6841
vn -0.6956 0.0822 0.7137
vn 0.6841 -0.6529 -0.3251
vn 0.7137 -0.6956 0.0822
vn -0.3450 0.8331 -0.4323
vn 0.8331 -0.4323 -0.3450
vn -0.6312 0.6565 -0.4130
vn 0.6565 -0.4130 -0.6312
vn -0.5435 0.0644 0.8369
vn -0.4083 0.3901 0.8253
vn 0.0644 0.8369 -0.5435
vn 0.3901 0.8253 -0.4083
vn -0.7137 0.6956 0.0822
vn -0.6841 0.6530 -0.3250
vn 0.6956 0.0822 -0.7137
vn 0.6530 -0.3250 -0.6841
vn -0.8449 0.5349 -0.0015
vn -0.0015 0.5349 -0.8449
vn -0.8449 -0.0015 0.5349
vn -0.0015 -0.8449 0.5349
vn 0.5349 -0.8449 -0.0015
vn 0.5349 -0.0015 -0.8449
vn -0.9986 0.0533 -0.0048
vn -0.0066 0.0736 -0.9973
vn -0.9988 -0.0045 0.0496
vn -0.0069 -0.9969 0.0778
vn 0.0635 -0.0057 -0.9980
vn 0.0782 -0.9969 -0.0070
vn -0.2466 0.5955 -0.7645
vn 0.5955 -0.7645 -0.2466
vn -0.4323 0.8331 -0.3451
vn -0.7645 0.5956 -0.2467
vn -0.7645 -0.2467 0.5956
vn -0.4323 -0.3451 0.8331
vn -0.3451 -0.4323 0.8331
vn -0.2467 -0.7645 0.5956
vn 0.8331 -0.3451 -0.4323
vn 0.5956 -0.2467 -0.7645
vn -0.3704 0.3864 -0.8447
vn 0.3864 -0.8447 -0.3704
vn -0.4130 0.6565 -0.6312
vn -0.8451 0.3860 -0.3698
vn -0.4130 -0.6312 0.6565
vn -0.8451 -0.3698 0.3860
vn -0.6312 -0.4130 0.6565
vn -0.3698 -0.8451 0.3860
vn 0.6565 -0.6312 -0.4130
vn 0.3860 -0.3698 -0.8451
vn 0.7147 0.2677 -0.6462
vn 0.8253 0.3901 -0.4083
vn 0.8369 0.0644 -0.5435
vn 0.8284 0.0024 -0.5602
vn 0.8369 -0.5435 0.0644
vn 0.8253 -0.4083 0.3901
vn 0.7147 -0.6462 0.2677
vn 0.8284 -0.5602 0.0024
vn -0.6462 0.7147 0.2677
vn -0.4083 0.8253 0.3901
vn -0.5435 0.8369 0.0644
vn -0.5602 0.8284 0.0024
vn 0.2677 -0.6462 0.7147
vn 0.3901 -0.4083 0.8253
vn 0.0644 -0.5435 0.8369
vn 0.0024 -0.5602 0.8284
vn -0.6462 0.2677 0.7147
vn -0.5602 0.0024 0.8284
vn 0.2677 0.7147 -0.6462
vn 0.0024 0.8284 -0.5602
vn -0.3251 0.6530 -0.6841
vn 0.0822 0.6956 -0.7137
vn 0.0209 0.3826 -0.9237
vn -0.3735 0.3550 -0.8570
vn 0.0209 -0.9237 0.3826
vn 0.0822 -0.7137 0.6956
vn -0.3251 -0.6841 0.6529
vn -0.3735 -0.8570 0.3550
vn -0.6841 -0.3251 0.6530
vn -0.7137 0.0822 0.6956
vn -0.9237 0.0209 0.3826
vn -0.8570 -0.3735 0.3550
vn 0.6530 -0.6841 -0.3251
vn 0.6956 -0.7137 0.0822
vn 0.3826 -0.9237 0.0209
vn 0.3550 -0.8570 -0.3735
vn -0.9237 0.3826 0.0208
vn -0.8568 0.3554 -0.3737
vn 0.3826 0.0209 -0.9237
vn 0.3554 -0.3737 -0.8568
vn -0.6565 0.6312 -0.4130
vn -0.3866 0.3703 -0.8446
vn 0.6312 -0.4130 -0.6565
vn 0.3703 -0.8446 -0.3866
vn -0.0586 0.0052 -0.9983
vn 0.0070 -0.9970 -0.0775
vn 0.0869 0.0023 -0.9962
vn -0.3275 0.0036 -0.9448
vn -0.3275 -0.9448 0.0036
vn 0.0869 -0.9962 0.0023
vn 0.0023 -0.9962 0.0869
vn 0.0036 -0.9448 -0.3275
vn -0.9962 0.0869 0.0023
vn -0.9448 -0.3275 0.0036
vn -0.9448 0.0036 -0.3275
vn -0.9962 0.0023 0.0869
vn 0.0036 -0.3276 -0.9448
vn 0.0023 0.0869 -0.9962
vn -0.8326 0.3462 -0.4324
vn 0.3462 -0.4324 -0.8326
vn -0.9097 0.0028 -0.4153
vn 0.0028 -0.4153 -0.9097
vn 0.2487 -0.7637 -0.5958
vn -0.5958 0.2487 -0.7637
vn -0.7645 0.2467 -0.5956
vn -0.8451 0.3698 -0.3860
vn -0.4130 0.6312 -0.6565
vn -0.4323 0.3451 -0.8331
vn -0.4130 -0.6565 0.6312
vn -0.8451 -0.3860 0.3698
vn -0.7645 -0.5956 0.2467
vn -0.4323 -0.8331 0.3451
vn -0.5956 -0.7645 0.2467
vn -0.3860 -0.8451 0.3698
vn -0.6565 -0.4130 0.6312
vn -0.8331 -0.4323 0.3451
vn 0.2467 -0.5956 -0.7645
vn 0.3698 -0.3860 -0.8451
vn 0.6312 -0.6565 -0.4130
vn 0.3450 -0.8331 -0.4323
vn 0.0015 -0.8449 -0.5349
vn -0.5349 0.0015 -0.8449
vn -0.9965 0.0074 -0.0831
vn -0.8449 0.0015 -0.5349
vn -0.9974 -0.0720 0.0064
vn -0.8449 -0.5349 0.0015
vn -0.0443 -0.9990 0.0040
vn -0.5349 -0.8449 0.0015
vn 0.0083 -0.0929 -0.9956
vn 0.0015 -0.5349 -0.8449
vn -0.4153 0.0027 -0.9097
vn -0.9097 -0.4153 0.0027
vn -0.4153 -0.9097 0.0027
vn 0.0027 -0.9097 -0.4153
vn -0.2677 -0.6462 0.7147
vn -0.0024 -0.5602 0.8284
vn -0.0644 -0.5435 0.8369
vn -0.3901 -0.4083 0.8253
vn -0.5435 -0.0644 0.8369
vn -0.5602 -0.0024 0.8284
vn -0.6462 -0.2677 0.7147
vn -0.4083 -0.3901 0.8253
vn 0.7146 -0.2677 -0.6462
vn 0.8284 -0.0024 -0.5602
vn 0.8369 -0.0644 -0.5435
vn 0.8253 -0.3901 -0.4083
vn 0.8369 -0.5435 -0.0644
vn 0.8284 -0.5602 -0.0024
vn 0.7147 -0.6462 -0.2677
vn 0.8253 -0.4083 -0.3901
vn -0.0644 0.8369 -0.5435
vn -0.0024 0.8284 -0.5602
vn -0.2677 0.7147 -0.6462
vn -0.3901 0.8253 -0.4083
vn -0.6462 0.7147 -0.2677
vn -0.5602 0.8284 -0.0024
vn -0.5435 0.8369 -0.0644
vn -0.4083 0.8253 -0.3901
vn -0.0036 -0.9448 -0.3275
vn -0.0023 -0.9962 0.0869
vn -0.3826 -0.9237 0.0209
vn -0.3550 -0.8570 -0.3735
vn -0.9237 -0.3826 0.0209
vn -0.9962 -0.0023 0.0870
vn -0.9448 -0.0036 -0.3275
vn -0.8570 -0.3550 -0.3735
vn -0.3275 -0.0036 -0.9448
vn 0.0869 -0.0023 -0.9962
vn 0.0209 -0.3826 -0.9237
vn -0.3735 -0.3550 -0.8570
vn -0.3826 0.0209 -0.9237
vn -0.0023 0.0869 -0.9962
vn -0.0036 -0.3275 -0.9448
vn -0.3550 -0.3735 -0.8570
vn 0.0209 -0.9237 -0.3826
vn 0.0869 -0.9962 -0.0023
vn -0.3275 -0.9448 -0.0036
vn -0.3735 -0.8570 -0.3550
vn -0.9448 -0.3275 -0.0036
vn -0.9962 0.0869 -0.0023
vn -0.9237 0.0209 -0.3826
vn -0.8570 -0.3735 -0.3550
vn -0.6956 -0.7137 0.0822
vn -0.6529 -0.6841 -0.3251
vn -0.6841 -0.6530 -0.3251
vn -0.7137 -0.6956 0.0822
vn 0.0822 -0.6956 -0.7137
vn -0.3251 -0.6529 -0.6841
vn -0.3251 -0.6841 -0.6530
vn 0.0822 -0.7137 -0.6956
vn -0.6530 -0.3251 -0.6841
vn -0.6956 0.0822 -0.7137
vn -0.7137 0.0822 -0.6956
vn -0.6841 -0.3251 -0.6529
vn -0.0066 -0.0745 -0.9972
vn -0.0015 -0.5349 -0.8449
vn -0.2467 -0.5956 -0.7645
vn -0.3698 -0.3860 -0.8451
vn -0.5956 -0.2467 -0.7645
vn -0.5349 -0.0015 -0.8449
vn -0.0481 -0.0043 -0.9988
vn -0.3860 -0.3698 -0.8451
vn -0.9971 -0.0068 -0.0763
vn -0.8449 -0.0015 -0.5349
vn -0.7645 -0.2467 -0.5956
vn -0.8451 -0.3698 -0.3860
vn -0.7645 -0.5956 -0.2467
vn -0.8449 -0.5349 -0.0015
vn -0.9967 -0.0814 -0.0072
vn -0.8451 -0.3860 -0.3698
vn -0.2467 -0.7645 -0.5956
vn -0.0015 -0.8449 -0.5349
vn -0.0064 -0.9974 -0.0715
vn -0.3698 -0.8451 -0.3860
vn -0.0871 -0.9962 -0.0077
vn -0.5349 -0.8449 -0.0015
vn -0.5956 -0.7645 -0.2467
vn -0.3860 -0.8451 -0.3698
vn -0.9097 -0.0027 -0.4153
vn -0.8331 -0.3451 -0.4323
vn -0.0028 -0.9097 -0.4153
vn -0.3451 -0.8331 -0.4323
vn -0.4153 -0.0027 -0.9097
vn -0.4323 -0.3451 -0.8331
vn -0.4153 -0.9097 -0.0027
vn -0.4323 -0.8331 -0.3451
vn -0.0027 -0.4153 -0.9097
vn -0.3451 -0.4323 -0.8331
vn -0.9097 -0.4153 -0.0027
vn -0.8331 -0.4323 -0.3451
vn -0.6565 -0.6312 -0.4130
vn -0.4130 -0.6312 -0.6565
vn -0.6312 -0.6565 -0.4130
vn -0.4130 -0.6565 -0.6312
vn -0.6312 -0.4130 -0.6565
vn -0.6565 -0.4130 -0.6312
vn -0.0005 0.0004 1.0000
vn -0.0000 0.0006 1.0000
vn 0.0006 0.0006 1.0000
vn 0.0006 0.0003 1.0000
vn 0.0006 -0.0000 1.0000
vn -0.0001 -0.0001 1.0000
vn -0.0001 0.0001 1.0000
vn -0.0002 1.0000 -0.0000
vn 0.0005 1.0000 -0.0000
vn -0.0000 1.0000 0.0002
vn 0.0001 1.0000 -0.0000
vn -1.0000 -0.0000 0.0002
vn -1.0000 -0.0000 0.0001
vn -1.0000 -0.0001 -0.0000
vn -1.0000 -0.0000 -0.0001
vn 1.0000 0.0001 -0.0000
vn 0.0002 -1.0000 -0.0001
vn 0.0001 -1.0000 -0.0000
vn -0.1534 -0.9882 -0.0000
vn -0.4807 -0.8769 0.0005
vn -0.4809 -0.8763 -0.0285
vn -0.1535 -0.9878 -0.0264
vn -0.7488 -0.6628 0.0002
vn -0.7485 -0.6626 -0.0267
vn -0.1328 -0.8495 -0.5106
vn -0.4015 -0.7412 -0.5380
vn -0.3811 -0.7118 -0.5900
vn -0.1238 -0.8044 -0.5810
vn -0.6429 -0.5708 -0.5107
vn -0.6110 -0.5402 -0.5787
vn -0.1484 -0.9515 -0.2695
vn -0.1391 -0.9515 -0.2743
vn -0.1445 -0.9891 -0.0268
vn -0.1240 -0.8498 -0.5123
vn -0.7211 -0.6387 -0.2684
vn -0.7277 -0.6306 -0.2696
vn -0.6500 -0.5625 -0.5110
vn -0.7554 -0.6547 -0.0268
vn 0.1699 -0.8416 -0.5127
vn 0.0236 -0.8541 -0.5197
vn 0.0219 -0.8124 -0.5827
vn 0.1616 -0.7992 -0.5790
vn -0.1174 -0.8025 -0.5850
vn 0.1983 -0.9798 -0.0272
vn 0.1906 -0.9420 -0.2761
vn 0.2116 -0.9433 -0.2557
vn 0.2168 -0.9759 -0.0256
vn 0.1925 -0.8379 -0.5108
vn 0.0284 -0.9992 -0.0272
vn 0.0281 -0.9996 -0.0003
vn -0.1446 -0.9895 -0.0001
vn 0.1984 -0.9801 -0.0000
vn -0.7557 -0.6549 -0.0000
vn -0.9100 -0.4146 -0.0000
vn -0.9097 -0.4144 -0.0280
vn -0.9901 -0.1403 -0.0000
vn -0.9898 -0.1403 -0.0264
vn -0.7721 -0.3517 -0.5293
vn -0.7381 -0.3360 -0.5851
vn -0.6157 -0.5341 -0.5794
vn -0.8508 -0.1211 -0.5114
vn -0.8012 -0.1128 -0.5876
vn -0.9537 -0.1354 -0.2685
vn -0.9526 -0.1299 -0.2750
vn -0.8502 -0.1158 -0.5136
vn -0.9905 -0.1349 -0.0268
vn -0.9908 -0.1350 -0.0000
vn -0.9976 -0.0686 -0.0001
vn -0.9973 -0.0690 -0.0267
vn -1.0000 -0.0009 -0.0001
vn -0.9996 -0.0008 -0.0267
vn -0.8549 -0.0587 -0.5154
vn -0.8082 -0.0549 -0.5864
vn -0.7971 -0.1085 -0.5941
vn -0.8582 -0.0007 -0.5133
vn -0.8069 -0.0008 -0.5906
vn -0.9605 -0.0006 -0.2783
vn -0.9635 0.0058 -0.2678
vn -0.8605 0.0054 -0.5095
vn -0.9996 0.0054 -0.0259
vn -1.0000 0.0052 -0.0000
vn -0.9087 0.4175 0.0015
vn -0.9080 0.4180 -0.0290
vn -0.6639 0.7478 0.0006
vn -0.6638 0.7474 -0.0269
vn -0.7627 0.3427 -0.5486
vn -0.7327 0.3259 -0.5975
vn -0.8135 0.0031 -0.5815
vn -0.5728 0.6421 -0.5095
vn -0.5433 0.6128 -0.5738
vn -0.6403 0.7202 -0.2670
vn -0.6299 0.7292 -0.2674
vn -0.5620 0.6517 -0.5093
vn -0.6535 0.7564 -0.0272
vn -0.6538 0.7567 -0.0000
vn -0.3502 0.9367 0.0006
vn -0.3496 0.9365 -0.0286
vn -0.0045 1.0000 0.0002
vn -0.0046 0.9996 -0.0268
vn -0.2991 0.7875 -0.5389
vn -0.2902 0.7530 -0.5906
vn -0.5357 0.6187 -0.5746
vn -0.0049 0.8601 -0.5101
vn -0.0034 0.8175 -0.5759
vn -0.0046 0.9630 -0.2696
vn 0.0051 0.9636 -0.2671
vn 0.0050 0.8606 -0.5092
vn 0.0051 0.9996 -0.0267
vn 0.0050 1.0000 -0.0000
vn 0.3856 0.9227 0.0010
vn 0.3859 0.9221 -0.0288
vn 0.7020 0.7122 0.0004
vn 0.7016 0.7120 -0.0269
vn 0.3180 0.7768 -0.5435
vn 0.3019 0.7458 -0.5938
vn 0.0033 0.8182 -0.5750
vn 0.6025 0.6140 -0.5099
vn 0.5749 0.5826 -0.5745
vn 0.6759 0.6863 -0.2686
vn 0.6866 0.6762 -0.2673
vn 0.6137 0.6033 -0.5093
vn 0.7121 0.7016 -0.0269
vn 0.7122 0.7020 -0.0000
vn 0.9229 0.3851 0.0009
vn 0.9227 0.3845 -0.0288
vn 0.9998 0.0177 0.0003
vn 0.9995 0.0179 -0.0267
vn 0.7728 0.3289 -0.5427
vn 0.7395 0.3183 -0.5932
vn 0.5824 0.5755 -0.5741
vn 0.8598 0.0169 -0.5103
vn 0.8163 0.0139 -0.5774
vn 0.9635 0.0176 -0.2672
vn 0.9630 0.0060 -0.2696
vn 0.8596 0.0048 -0.5109
vn 0.9996 0.0062 -0.0270
vn 1.0000 0.0062 -0.0000
vn 0.9636 -0.2672 -0.0000
vn 0.9633 -0.2671 -0.0280
vn 0.8543 -0.5198 -0.0000
vn 0.8540 -0.5196 -0.0272
vn 0.8181 -0.2271 -0.5283
vn 0.7817 -0.2171 -0.5846
vn 0.8153 0.0054 -0.5790
vn 0.7347 -0.4462 -0.5110
vn 0.6978 -0.4249 -0.5766
vn 0.8216 -0.4999 -0.2741
vn 0.8150 -0.5148 -0.2659
vn 0.7272 -0.4602 -0.5093
vn 0.8458 -0.5328 -0.0268
vn 0.8465 -0.5325 0.0001
vn 0.4918 -0.8707 0.0031
vn 0.4908 -0.8708 -0.0296
vn 0.0351 -0.9994 0.0011
vn 0.0352 -0.9990 -0.0282
vn 0.4142 -0.7163 -0.5616
vn 0.4009 -0.6860 -0.6071
vn 0.6945 -0.4351 -0.5731
vn 0.0318 -0.8595 -0.5102
vn 0.0277 -0.8213 -0.5698
vn 0.0345 -0.9631 -0.2670
vn 0.0378 -0.9522 -0.3031
vn 0.0317 -0.8495 -0.5266
vn 0.0410 -0.9986 -0.0320
vn 0.0412 -0.9991 -0.0011
vn 0.7685 -0.6399 -0.0028
vn 0.7676 -0.6392 -0.0469
vn 0.9947 0.1028 -0.0004
vn 0.9941 0.1033 -0.0333
vn 0.5638 -0.4688 -0.6799
vn 0.5479 -0.4551 -0.7019
vn 0.0404 -0.8001 -0.5985
vn 0.8363 0.1075 -0.5377
vn 0.7868 0.0719 -0.6131
vn 0.9427 0.1041 -0.3168
vn 0.9403 0.1726 -0.2933
vn 0.8389 0.1494 -0.5233
vn 0.9829 0.1817 -0.0302
vn 0.9833 0.1818 -0.0005
vn 0.8607 0.5091 -0.0007
vn 0.8604 0.5086 -0.0305
vn 0.6281 0.7781 -0.0000
vn 0.6277 0.7779 -0.0288
vn 0.7268 0.4215 -0.5423
vn 0.6905 0.4030 -0.6007
vn 0.7981 0.1458 -0.5846
vn 0.5350 0.6657 -0.5202
vn 0.5120 0.6325 -0.5812
vn 0.6005 0.7450 -0.2905
vn 0.5783 0.7602 -0.2962
vn 0.5179 0.6771 -0.5228
vn 0.6042 0.7963 -0.0297
vn 0.6043 0.7968 -0.0003
vn 0.1549 0.9879 -0.0007
vn 0.1548 0.9874 -0.0339
vn -0.3402 0.9403 -0.0000
vn -0.3401 0.9399 -0.0292
vn 0.1304 0.8121 -0.5687
vn 0.1231 0.7739 -0.6212
vn 0.4888 0.6481 -0.5840
vn -0.2915 0.8027 -0.5203
vn -0.2743 0.7671 -0.5799
vn -0.3253 0.8975 -0.2978
vn -0.3210 0.9097 -0.2634
vn -0.2824 0.8126 -0.5099
vn -0.3340 0.9422 -0.0260
vn -0.3347 0.9423 0.0001
vn 0.4333 0.9013 0.0024
vn 0.4333 0.9005 -0.0380
vn 0.9476 0.3195 0.0013
vn 0.9471 0.3200 -0.0257
vn 0.3283 0.6862 -0.6491
vn 0.3163 0.6568 -0.6845
vn -0.2802 0.7777 -0.5628
vn 0.8149 0.2805 -0.5072
vn 0.7854 0.2625 -0.5606
vn 0.9145 0.3104 -0.2597
vn 0.9232 0.2841 -0.2590
vn 0.8248 0.2491 -0.5076
vn 0.9550 0.2955 -0.0254
vn 0.9552 0.2961 0.0001
vn 0.8656 -0.5008 0.0030
vn 0.8647 -0.5008 -0.0392
vn 0.2161 -0.9764 0.0016
vn 0.6487 -0.3745 -0.6625
vn 0.6199 -0.3611 -0.6967
vn 0.7905 0.2476 -0.5602
vn 0.1743 -0.8046 -0.5677
vn -0.3868 0.9221 -0.0006
vn -0.8818 0.4717 -0.0014
vn -0.8809 0.4716 -0.0403
vn -0.3860 0.9220 -0.0317
vn -0.9792 -0.2028 -0.0002
vn -0.9786 -0.2032 -0.0317
vn -0.3103 0.7869 -0.5334
vn -0.6850 0.3569 -0.6351
vn -0.6272 0.3395 -0.7010
vn -0.3016 0.7275 -0.6162
vn -0.8264 -0.1856 -0.5316
vn -0.7683 -0.1611 -0.6195
vn -0.3627 0.8799 -0.3068
vn -0.3018 0.9078 -0.2911
vn -0.3136 0.9491 -0.0296
vn -0.2734 0.8068 -0.5237
vn -0.9307 -0.1971 -0.3082
vn -0.9160 -0.2610 -0.3046
vn -0.8181 -0.2242 -0.5296
vn -0.9604 -0.2770 -0.0311
vn 0.3589 0.7731 -0.5230
vn 0.0508 0.8358 -0.5467
vn 0.0465 0.7953 -0.6044
vn 0.3372 0.7382 -0.5842
vn -0.2562 0.7683 -0.5865
vn 0.4151 0.9093 -0.0301
vn 0.3979 0.8683 -0.2961
vn 0.4483 0.8398 -0.3061
vn 0.4738 0.8801 -0.0312
vn 0.3935 0.7527 -0.5279
vn 0.0516 0.9982 -0.0314
vn 0.0513 0.9987 -0.0011
vn -0.3135 0.9496 -0.0001
vn 0.4154 0.9096 -0.0007
vn -0.9607 -0.2776 -0.0004
vn -0.6160 -0.7878 -0.0009
vn -0.6157 -0.7871 -0.0371
vn -0.0297 -0.9996 -0.0001
vn -0.0293 -0.9991 -0.0313
vn -0.4853 -0.6261 -0.6103
vn -0.4659 -0.5995 -0.6508
vn -0.7661 -0.2246 -0.6022
vn -0.0160 -0.8488 -0.5284
vn -0.0266 -0.8042 -0.5937
vn -0.0256 -0.9525 -0.3035
vn 0.0292 -0.9507 -0.3087
vn 0.0175 -0.8469 -0.5315
vn 0.0342 -0.9989 -0.0319
vn 0.0347 -0.9994 -0.0007
vn 0.6941 -0.7199 -0.0017
vn 0.6931 -0.7196 -0.0419
vn 0.9966 -0.0822 -0.0002
vn 0.9961 -0.0816 -0.0323
vn 0.5369 -0.5407 -0.6476
vn 0.5171 -0.5234 -0.6772
vn 0.0333 -0.7985 -0.6011
vn 0.8442 -0.0522 -0.5335
vn 0.7946 -0.0697 -0.6031
vn 0.9465 -0.0727 -0.3143
vn 0.9517 -0.0023 -0.3069
vn 0.8494 -0.0096 -0.5277
vn 0.9995 0.0008 -0.0314
vn 1.0000 0.0014 -0.0005
vn 0.8577 0.5141 -0.0011
vn 0.8572 0.5137 -0.0364
vn 0.4744 0.8803 -0.0002
vn 0.6967 0.4168 -0.5839
vn 0.6644 0.3979 -0.6326
vn 0.8060 0.0007 -0.5919
vn 0.3838 0.7090 -0.5916
vn -0.0691 -0.4543 -0.8882
vn -0.0647 -0.4420 -0.8947
vn -0.0069 -0.0125 -0.9999
vn 0.0003 -0.0129 -0.9999
vn -0.3365 -0.2971 -0.8936
vn -0.3361 -0.2909 -0.8958
vn -0.0112 -0.0049 -0.9999
vn 0.0876 -0.4335 -0.8969
vn 0.1080 -0.4945 -0.8625
vn 0.0260 -0.0108 -0.9996
vn -0.4582 -0.0638 -0.8865
vn -0.4399 -0.0598 -0.8960
vn -0.0085 -0.0005 -1.0000
vn -0.4394 -0.0006 -0.8983
vn -0.4678 0.0010 -0.8838
vn -0.0150 0.0055 -0.9999
vn -0.3015 0.3402 -0.8907
vn -0.2919 0.3373 -0.8950
vn -0.0034 0.0110 -0.9999
vn -0.0017 0.4461 -0.8950
vn 0.0020 0.4473 -0.8944
vn 0.0037 0.0113 -0.9999
vn 0.3162 0.3203 -0.8930
vn 0.3187 0.3145 -0.8941
vn 0.0104 0.0042 -0.9999
vn 0.4532 0.0074 -0.8914
vn 0.4446 0.0025 -0.8957
vn 0.0136 -0.0037 -0.9999
vn 0.3877 -0.2360 -0.8910
vn 0.4003 -0.2505 -0.8815
vn 0.0097 -0.0231 -0.9997
vn 0.0157 -0.4602 -0.8877
vn 0.0215 -0.4678 -0.8836
vn 0.4614 0.0510 -0.8857
vn 0.4647 0.0838 -0.8815
vn 0.2942 0.3636 -0.8839
vn 0.2824 0.3728 -0.8839
vn -0.1581 0.4433 -0.8823
vn -0.1672 0.4697 -0.8668
vn 0.0151 0.0259 -0.9995
vn 0.4731 0.1598 -0.8664
vn 0.4810 0.1487 -0.8640
vn -0.1361 0.3191 -0.9379
vn -0.1483 0.4330 -0.8891
vn -0.4189 -0.0917 -0.9034
vn -0.4676 -0.1346 -0.8736
vn 0.1982 0.4303 -0.8807
vn 0.2218 0.4148 -0.8825
vn -0.0127 -0.4779 -0.8783
vn 0.0157 -0.4760 -0.8793
vn 0.4808 -0.0355 -0.8761
vn 0.4826 -0.0020 -0.8758
vn 0.5605 -0.0000 0.8281
vn 0.9816 -0.0023 0.1909
vn 0.9809 0.0373 0.1908
vn 0.5607 0.0249 0.8276
vn 0.8278 -0.0012 -0.5611
vn 0.8278 0.0249 -0.5605
vn 0.4869 0.5061 0.7119
vn 0.7558 0.6407 0.1354
vn 0.7240 0.6785 0.1243
vn 0.4605 0.5651 0.6845
vn 0.7172 0.5040 -0.4813
vn 0.6843 0.5601 -0.4669
vn 0.5429 0.2570 0.7995
vn 0.5280 0.2726 0.8043
vn 0.5486 0.0264 0.8357
vn 0.4717 0.5097 0.7195
vn 0.8003 0.2600 -0.5404
vn 0.7863 0.2611 -0.5600
vn 0.7017 0.5046 -0.5030
vn 0.8149 0.0249 -0.5790
vn 0.0002 0.5112 0.8595
vn 0.2424 0.5297 0.8128
vn 0.2319 0.5853 0.7770
vn -0.0008 0.5800 0.8146
vn 0.4496 0.5739 0.6845
vn -0.0004 0.0267 0.9996
vn -0.0003 0.2699 0.9629
vn -0.0108 0.2696 0.9629
vn -0.0110 0.0266 0.9996
vn -0.0106 0.5112 0.8594
vn 0.2858 0.0281 0.9579
vn 0.2857 -0.0001 0.9583
vn 0.5488 -0.0000 0.8359
vn -0.0004 -0.0000 1.0000
vn 0.8154 -0.0000 -0.5788
vn 0.1825 -0.0021 -0.9832
vn 0.1819 0.0371 -0.9826
vn -0.5509 -0.0011 -0.8346
vn -0.5501 0.0265 -0.8347
vn 0.1417 0.6350 -0.7594
vn 0.1335 0.6725 -0.7280
vn 0.6767 0.5603 -0.4777
vn -0.4687 0.5125 -0.7194
vn -0.4589 0.5634 -0.6870
vn -0.5295 0.2628 -0.8066
vn -0.5293 0.2992 -0.7939
vn -0.4736 0.5239 -0.7080
vn -0.5538 0.0297 -0.8321
vn -0.5539 0.0003 -0.8326
vn 0.0336 0.0007 -0.9994
vn 0.0334 0.0362 -0.9988
vn 0.5917 0.0001 -0.8062
vn 0.5918 0.0300 -0.8055
vn 0.0280 0.6018 -0.7981
vn 0.0271 0.6451 -0.7636
vn -0.4445 0.5849 -0.6785
vn 0.5103 0.5286 -0.6784
vn 0.4731 0.5927 -0.6518
vn 0.5668 0.3006 -0.7670
vn 0.6061 0.2879 -0.7415
vn 0.5384 0.5206 -0.6626
vn 0.6331 0.0286 -0.7735
vn 0.6334 -0.0000 -0.7738
vn 0.8202 0.0001 -0.5720
vn 0.8199 0.0287 -0.5718
vn 0.9455 -0.0000 -0.3256
vn 0.9451 0.0288 -0.3254
vn 0.6942 0.5321 -0.4847
vn 0.6619 0.5906 -0.4616
vn 0.5152 0.5805 -0.6306
vn 0.8085 0.5199 -0.2759
vn 0.7703 0.5800 -0.2651
vn 0.9045 0.2915 -0.3112
vn 0.9127 0.3051 -0.2718
vn 0.8131 0.5269 -0.2474
vn 0.9588 0.0305 -0.2825
vn 0.9594 0.0006 -0.2822
vn 0.9579 0.0015 0.2871
vn 0.9573 0.0380 0.2867
vn 0.6241 -0.0000 0.7813
vn 0.6238 0.0300 0.7810
vn 0.7710 0.5931 0.2317
vn 0.7364 0.6392 0.2217
vn 0.7754 0.5902 -0.2244
vn 0.5320 0.5212 0.6673
vn 0.5088 0.5823 0.6341
vn 0.5945 0.3029 0.7449
vn 0.6025 0.2667 0.7523
vn 0.5398 0.5067 0.6722
vn 0.6246 0.0265 0.7805
vn 0.6247 -0.0000 0.7809
vn 0.9773 -0.0011 0.2116
vn 0.9767 0.0343 0.2118
vn 0.8945 -0.0006 -0.4472
vn 0.8943 0.0266 -0.4466
vn 0.7775 0.6071 0.1642
vn 0.7463 0.6472 0.1557
vn 0.5152 0.5632 0.6460
vn 0.7722 0.5085 -0.3809
vn 0.7377 0.5638 -0.3714
vn 0.8628 0.2661 -0.4298
vn 0.8498 0.2715 -0.4518
vn 0.7592 0.5088 -0.4060
vn 0.8830 0.0272 -0.4686
vn 0.8835 -0.0000 -0.4685
vn 0.5265 -0.0009 -0.8502
vn 0.5266 0.0318 -0.8495
vn 0.0168 -0.0005 -0.9999
vn 0.0169 0.0275 -0.9995
vn 0.4329 0.5713 -0.6973
vn 0.4171 0.6154 -0.6689
vn 0.7292 0.5655 -0.3852
vn 0.0152 0.5093 -0.8605
vn 0.0134 0.5658 -0.8244
vn 0.0165 0.2715 -0.9623
vn 0.0077 0.2522 -0.9676
vn 0.0052 0.5035 -0.8640
vn 0.0085 0.0258 -0.9996
vn 0.0088 -0.0001 -1.0000
vn -0.7779 -0.0048 -0.6284
vn -0.7769 0.0427 -0.6281
vn -0.9753 -0.0025 0.2209
vn -0.9752 0.0253 0.2200
vn -0.5605 0.6955 -0.4496
vn -0.5388 0.7237 -0.4311
vn 0.0087 0.5591 -0.8290
vn -0.8416 0.5078 0.1840
vn -0.8077 0.5596 0.1859
vn -0.9439 0.2536 0.2114
vn -0.9355 0.2641 0.2346
vn -0.8346 0.5084 0.2120
vn -0.9699 0.0260 0.2422
vn -0.9703 -0.0000 0.2420
vn -0.5873 -0.0013 0.8094
vn -0.5872 0.0348 0.8087
vn 0.0710 -0.0007 0.9975
vn 0.0708 0.0298 0.9970
vn -0.4599 0.6128 0.6426
vn -0.4392 0.6524 0.6177
vn -0.8031 0.5617 0.1988
vn 0.0592 0.5141 0.8557
vn 0.0623 0.5668 0.8215
vn 0.0675 0.2717 0.9600
vn 0.0589 0.3528 0.9338
vn 0.0602 0.5450 0.8363
vn 0.0599 0.0417 0.9973
vn 0.0602 0.0012 0.9982
vn -0.9305 0.0469 0.3633
vn -0.9177 0.1596 0.3638
vn -0.5661 0.0013 -0.8243
vn -0.5670 0.0455 -0.8225
vn -0.3391 0.9321 0.1269
vn -0.3956 0.9073 0.1425
vn 0.0080 0.6930 0.7209
vn -0.4680 0.5439 -0.6965
vn -0.4359 0.6915 -0.5761
vn -0.5276 0.3578 -0.7705
vn -0.5350 0.2823 -0.7963
vn -0.4776 0.5178 -0.7098
vn -0.5568 0.0326 -0.8300
vn -0.5570 -0.0000 -0.8305
vn -0.9291 -0.0015 -0.3699
vn -0.9285 0.0331 -0.3699
vn -0.9743 -0.0008 0.2252
vn -0.9740 0.0273 0.2249
vn -0.7516 0.5883 -0.2983
vn -0.7219 0.6302 -0.2859
vn -0.4559 0.5690 -0.6844
vn -0.8397 0.5079 0.1923
vn -0.8016 0.5679 0.1867
vn -0.9385 0.2692 0.2162
vn -0.9343 0.2754 0.2265
vn -0.8359 0.5099 0.2031
vn -0.9715 0.0277 0.2354
vn -0.9719 -0.0000 0.2355
vn -0.8330 -0.0005 0.5532
vn -0.8324 0.0285 0.5534
vn -0.5978 -0.0002 0.8016
vn -0.5977 0.0268 0.8013
vn -0.7047 0.5378 0.4628
vn -0.6770 0.5900 0.4400
vn -0.7969 0.5726 0.1926
vn -0.5151 0.5107 0.6884
vn -0.4876 0.5778 0.6545
vn -0.5761 0.2687 0.7719
vn -0.5671 0.2691 0.7784
vn -0.5060 0.5105 0.6952
vn -0.5888 0.0270 0.8079
vn -0.5890 -0.0000 0.8081
vn -0.3143 -0.0002 0.9493
vn -0.3140 0.0283 0.9490
vn -0.0109 -0.0001 0.9999
vn -0.2698 0.5335 0.8017
vn -0.2615 0.5873 0.7659
vn -0.4812 0.5780 0.6590
vn -0.0085 0.5802 0.8144
vn 0.2863 0.8592 0.4241
vn 0.2500 0.8902 0.3808
vn 0.0144 0.9999 0.0028
vn 0.0031 1.0000 0.0083
vn 0.4288 0.8552 -0.2910
vn 0.4247 0.8542 -0.3000
vn 0.0049 0.9999 -0.0115
vn 0.0001 0.8960 0.4440
vn -0.0043 0.8958 0.4444
vn -0.0031 1.0000 0.0090
vn -0.2815 0.8613 -0.4231
vn -0.2621 0.8786 -0.3992
vn 0.2828 0.8789 -0.3841
vn 0.3049 0.8759 -0.3739
vn 0.4561 0.8761 -0.1564
vn 0.4576 0.8789 -0.1346
vn 0.3005 0.8771 0.3747
vn 0.3084 0.8695 0.3860
vn 0.0150 0.9998 0.0099
vn 0.4436 0.8683 -0.2219
vn 0.4227 0.8782 -0.2237
vn 0.0032 0.9999 -0.0156
vn 0.0076 0.8849 -0.4657
vn 0.0048 0.8582 -0.5133
vn -0.0076 0.9998 -0.0202
vn -0.5032 0.8566 0.1139
vn -0.4771 0.8707 0.1192
vn -0.0052 0.9999 0.0090
vn 0.0368 0.8722 0.4878
vn 0.0262 0.8829 0.4689
vn -0.2624 0.8880 -0.3775
vn -0.2593 0.8841 -0.3888
vn -0.0142 0.9999 -0.0061
vn -0.4698 0.8760 0.1091
vn -0.4404 0.8915 0.1063
vn -0.0083 1.0000 0.0044
vn -0.2658 0.8954 0.3572
vn -0.2592 0.8982 0.3552
vn -0.0000 -0.6094 0.7929
vn -0.0016 -0.9831 0.1832
vn 0.0357 -0.9823 0.1837
vn 0.0257 -0.6095 0.7924
vn -0.0008 -0.8542 -0.5200
vn 0.0252 -0.8542 -0.5194
vn 0.5064 -0.5282 0.6816
vn 0.6214 -0.7703 0.1429
vn 0.6609 -0.7379 0.1366
vn 0.5646 -0.5011 0.6558
vn 0.5068 -0.7389 -0.4440
vn 0.5617 -0.7055 -0.4322
vn 0.2582 -0.5895 0.7654
vn 0.2690 -0.5740 0.7734
vn 0.0266 -0.5960 0.8025
vn 0.5090 -0.5121 0.6919
vn 0.2623 -0.8252 -0.5002
vn 0.2635 -0.8095 -0.5247
vn 0.5071 -0.7212 -0.4719
vn 0.0253 -0.8395 -0.5427
vn 0.5085 0.1159 0.8532
vn 0.5435 -0.2056 0.8138
vn 0.5938 -0.1940 0.7809
vn 0.5732 0.1118 0.8118
vn 0.5706 -0.4899 0.6591
vn 0.0272 0.1353 0.9904
vn 0.2662 0.1305 0.9551
vn 0.2665 0.1420 0.9533
vn 0.0270 0.1469 0.9888
vn 0.5087 0.1280 0.8514
vn 0.0288 -0.2523 0.9672
vn -0.0010 -0.2519 0.9677
vn -0.0004 -0.5963 0.8027
vn -0.0000 0.1355 0.9908
vn -0.0000 -0.8400 -0.5425
vn -0.0014 -0.2862 -0.9582
vn 0.0351 -0.2864 -0.9575
vn -0.0007 0.4071 -0.9134
vn 0.0261 0.4065 -0.9133
vn 0.6164 -0.2198 -0.7561
vn 0.6558 -0.2081 -0.7257
vn 0.5621 -0.6958 -0.4471
vn 0.5090 0.3473 -0.7876
vn 0.5635 0.3392 -0.7533
vn 0.2631 0.3913 -0.8818
vn 0.2979 0.3908 -0.8709
vn 0.5224 0.3501 -0.7775
vn 0.0292 0.4087 -0.9122
vn 0.0003 0.4087 -0.9127
vn 0.0007 -0.1906 -0.9817
vn 0.0357 -0.1904 -0.9811
vn 0.0001 -0.6900 -0.7238
vn 0.0317 -0.6902 -0.7229
vn 0.5985 -0.1533 -0.7863
vn 0.6429 -0.1470 -0.7517
vn 0.5836 0.3280 -0.7429
vn 0.5318 -0.5999 -0.5978
vn 0.5990 -0.5585 -0.5737
vn 0.3070 -0.6611 -0.6846
vn 0.3230 -0.7315 -0.6005
vn 0.5415 -0.6338 -0.5523
vn 0.0340 -0.7790 -0.6262
vn 0.0012 -0.7803 -0.6254
vn 0.0031 -0.9937 0.1119
vn 0.0482 -0.9925 0.1120
vn 0.0002 -0.5701 0.8216
vn 0.0318 -0.5697 0.8213
vn 0.6880 -0.7211 0.0816
vn 0.7491 -0.6583 0.0735
vn 0.6352 -0.5952 -0.4922
vn 0.5294 -0.4792 0.7001
vn 0.6129 -0.4555 0.6456
vn 0.3111 -0.5402 0.7820
vn 0.2721 -0.5414 0.7955
vn 0.5118 -0.4836 0.7101
vn 0.0278 -0.5617 0.8269
vn -0.0001 -0.5616 0.8274
vn -0.0022 -0.8683 0.4960
vn 0.0292 -0.8684 0.4950
vn -0.0008 -0.9966 0.0829
vn 0.0269 -0.9962 0.0833
vn 0.5541 -0.7188 0.4199
vn 0.6019 -0.6881 0.4053
vn 0.5675 -0.4608 0.6823
vn 0.5096 -0.8569 0.0778
vn 0.5678 -0.8203 0.0690
vn 0.2675 -0.9601 0.0817
vn 0.2641 -0.9637 0.0391
vn 0.5117 -0.8587 0.0269
vn 0.0269 -0.9988 0.0413
vn -0.0001 -0.9991 0.0418
vn -0.0009 -0.8323 -0.5543
vn 0.0336 -0.8321 -0.5537
vn -0.0005 -0.3350 -0.9422
vn 0.0265 -0.3353 -0.9417
vn 0.5970 -0.6677 -0.4448
vn 0.6380 -0.6407 -0.4272
vn 0.5664 -0.8233 0.0368
vn 0.5107 -0.2912 -0.8089
vn 0.5654 -0.2734 -0.7782
vn 0.2657 -0.3242 -0.9079
vn 0.2986 -0.3187 -0.8996
vn 0.5235 -0.2831 -0.8036
vn 0.0294 -0.3346 -0.9419
vn 0.0003 -0.3349 -0.9423
vn 0.0008 -0.8277 -0.5612
vn 0.0366 -0.8270 -0.5609
vn 0.0001 -0.9999 0.0113
vn 0.0308 -0.9995 0.0118
vn 0.6056 -0.6601 -0.4445
vn 0.6479 -0.6316 -0.4259
vn 0.5861 -0.2763 -0.7617
vn 0.5299 -0.8477 0.0229
vn 0.5956 -0.8033 0.0078
vn 0.3040 -0.9526 0.0146
vn 0.3031 -0.9492 0.0843
vn 0.5294 -0.8458 0.0658
vn 0.0306 -0.9953 0.0918
vn 0.0003 -0.9957 0.0925
vn 0.0007 -0.7769 0.6297
vn 0.0359 -0.7764 0.6292
vn 0.0001 -0.2779 0.9606
vn 0.0316 -0.2775 0.9602
vn 0.5999 -0.6206 0.5049
vn 0.6439 -0.5936 0.4827
vn 0.5948 -0.8003 0.0753
vn 0.5261 -0.2313 0.8184
vn 0.5897 -0.2283 0.7747
vn 0.3019 -0.2633 0.9162
vn 0.2956 -0.2307 0.9270
vn 0.5232 -0.2084 0.8263
vn 0.0313 -0.2403 0.9702
vn 0.0003 -0.2408 0.9706
vn 0.0034 0.2545 0.9671
vn 0.0360 0.2532 0.9667
vn 0.0001 0.6765 0.7364
vn 0.0290 0.6762 0.7361
vn 0.5671 0.1989 0.7993
vn 0.6208 0.1897 0.7607
vn 0.5849 -0.1930 0.7878
vn 0.5196 0.5786 0.6286
vn 0.5807 0.5476 0.6024
vn 0.2896 0.6480 0.7044
vn 0.2595 0.6476 0.7164
vn 0.5101 0.5729 0.6416
vn 0.0265 0.6706 0.7414
vn -0.0001 0.6711 0.7413
vn -0.0018 -0.0072 1.0000
vn 0.0363 -0.0071 0.9993
vn -0.0010 -0.6870 0.7267
vn 0.0252 -0.6863 0.7269
vn 0.6297 -0.0145 0.7767
vn 0.6682 -0.0180 0.7438
vn 0.5640 0.5572 0.6094
vn 0.5065 -0.5880 0.6306
vn 0.5611 -0.5706 0.5996
vn 0.2627 -0.6613 0.7026
vn 0.2623 -0.6859 0.6787
vn 0.5070 -0.6159 0.6030
vn 0.0250 -0.7095 0.7043
vn -0.0001 -0.7092 0.7050
vn -0.0022 -0.9999 0.0120
vn 0.0373 -0.9992 0.0114
vn -0.0011 -0.7204 -0.6935
vn 0.0258 -0.7205 -0.6929
vn 0.6369 -0.7709 0.0100
vn 0.6742 -0.7385 0.0071
vn 0.5610 -0.5852 0.5855
vn 0.5084 -0.6233 -0.5942
vn 0.5642 -0.5928 -0.5747
vn 0.2586 -0.6972 -0.6686
vn 0.2717 -0.6812 -0.6798
vn 0.5103 -0.6084 -0.6078
vn 0.0269 -0.7079 -0.7058
vn -0.0000 -0.7082 -0.7060
vn -0.0005 -0.4269 -0.9043
vn 0.0285 -0.4266 -0.9040
vn -0.0002 -0.0972 -0.9953
vn 0.0267 -0.0972 -0.9949
vn 0.5376 -0.3640 -0.7605
vn 0.5898 -0.3521 -0.7267
vn 0.5712 -0.5817 -0.5791
vn 0.5098 -0.0845 -0.8561
vn 0.5752 -0.0793 -0.8142
vn 0.2713 -0.0937 -0.9579
vn 0.2655 -0.0842 -0.9604
vn 0.5080 -0.0748 -0.8581
vn 0.0263 -0.0877 -0.9958
vn -0.0001 -0.0880 -0.9961
vn -0.0022 0.3662 -0.9305
vn 0.0292 0.3669 -0.9298
vn -0.0008 0.7322 -0.6811
vn 0.0270 0.7318 -0.6810
vn 0.5545 0.2971 -0.7774
vn 0.6021 0.2824 -0.7468
vn 0.5728 -0.0730 -0.8164
vn 0.5089 0.6287 -0.5880
vn 0.5720 0.6011 -0.5581
vn 0.2662 0.7052 -0.6571
vn 0.2665 0.7155 -0.6458
vn 0.5087 0.6397 -0.5762
vn 0.0273 0.7420 -0.6698
vn -0.0000 0.7422 -0.6701
vn -0.0009 0.9378 -0.3472
vn 0.0287 0.9376 -0.3466
vn -0.0003 0.9998 0.0213
vn 0.0267 0.9994 0.0212
vn 0.5423 0.7859 -0.2972
vn 0.5929 0.7521 -0.2878
vn 0.5731 0.6077 -0.5499
vn 0.5094 0.8604 0.0171
vn 0.5738 0.8188 0.0178
vn 0.2701 0.9626 0.0203
vn 0.2655 0.9636 0.0322
vn 0.5080 0.8608 0.0294
vn 0.0265 0.9991 0.0330
vn -0.0001 0.9995 0.0327
vn -0.0021 0.8833 0.4688
vn 0.0292 0.8825 0.4694
vn -0.0008 0.6033 0.7975
vn 0.0281 0.6033 0.7970
vn 0.5533 0.7395 0.3835
vn 0.6012 0.7107 0.3653
vn 0.5722 0.8197 0.0259
vn 0.5130 0.5199 0.6830
vn 0.5722 0.4932 0.6553
vn 0.2697 0.5819 0.7673
vn 0.3019 0.5815 0.7554
vn 0.5283 0.5147 0.6753
vn 0.0316 0.6115 0.7906
vn 0.0007 0.6121 0.7908
vn 0.0017 0.9861 0.1663
vn 0.0421 0.9852 0.1662
vn 0.0001 0.8338 -0.5521
vn 0.0318 0.8332 -0.5520
vn 0.6488 0.7523 0.1148
vn 0.6779 0.7264 0.1128
vn 0.5995 0.4974 0.6271
vn 0.5276 0.7055 -0.4731
vn 0.5945 0.6755 -0.4362
vn 0.3079 0.7923 -0.5267
vn 0.2744 0.7992 -0.5347
vn 0.5130 0.7144 -0.4758
vn 0.0284 0.8302 -0.5567
vn -0.0000 0.8304 -0.5571
vn -0.0011 0.9992 -0.0409
vn 0.0323 0.9986 -0.0413
vn -0.0006 0.8689 0.4949
vn 0.0271 0.8687 0.4946
vn 0.5772 0.8159 -0.0337
vn 0.6205 0.7835 -0.0333
vn 0.5684 0.6813 -0.4613
vn 0.5083 0.7494 0.4244
vn 0.5676 0.7147 0.4087
vn 0.2717 0.8366 0.4757
vn 0.2719 0.8287 0.4892
vn 0.5084 0.7412 0.4384
vn 0.0271 0.8610 0.5078
vn -0.0001 0.8615 0.5077
vn -0.0020 0.5537 0.8327
vn 0.0292 0.5527 0.8329
vn -0.0007 0.1468 0.9892
vn 0.5528 0.4680 0.6895
vn 0.6008 0.4513 0.6599
vn 0.5695 0.7086 0.4167
vn 0.5723 0.1198 0.8113
vn 0.9997 -0.0244 0.0071
vn 0.8648 -0.4289 -0.2613
vn 0.8667 -0.4186 -0.2712
vn 0.9997 -0.0043 -0.0233
vn 0.8705 -0.2996 0.3904
vn 0.8928 -0.2686 0.3616
vn 0.9999 -0.0041 0.0162
vn 0.8929 0.0613 0.4460
vn 0.8889 0.0669 0.4532
vn 0.9999 0.0087 0.0131
vn 0.8645 0.2055 -0.4587
vn 0.8749 0.1960 -0.4429
vn 0.8883 -0.3257 -0.3237
vn 0.9453 -0.2505 -0.2090
vn 0.9999 -0.0051 0.0090
vn 0.9407 -0.1956 0.2772
vn 0.8915 -0.2545 0.3748
vn 0.9999 -0.0090 0.0081
vn 0.8880 -0.4581 0.0402
vn 0.8767 -0.4808 0.0173
vn 0.9999 -0.0082 -0.0109
vn 0.8725 -0.1627 -0.4607
vn 0.8788 -0.1621 -0.4488
vn 0.8799 -0.4750 0.0086
vn 0.8801 -0.4731 0.0409
vn 0.8789 -0.1330 0.4581
vn 0.8783 -0.1147 0.4641
vn 0.8810 0.3181 0.3502
vn 0.8660 0.3356 0.3707
vn 0.9996 -0.0010 0.0282
vn 0.8591 -0.3512 0.3722
vn 0.8553 -0.3668 0.3659
vn 0.9995 -0.0308 -0.0041
vn 0.8617 -0.3647 -0.3529
vn 0.8913 -0.3213 -0.3198
vn 0.9998 -0.0080 -0.0191
vn 0.8957 -0.0430 -0.4426
vn 0.8909 -0.0401 -0.4524
vn 0.9998 0.0051 -0.0187
vn 0.8883 0.3366 -0.3126
vn 0.8932 0.3336 -0.3016
vn 0.9999 0.0119 -0.0037
vn 0.8936 0.4488 0.0098
vn 0.8907 0.4543 0.0147
vn 0.9999 0.0117 0.0042
vn 0.8888 0.2758 0.3661
vn 0.8841 0.2887 0.3674
vn 0.8744 0.4062 -0.2654
vn 0.8739 0.4025 -0.2727
vn 0.9998 0.0177 0.0014
vn 0.8800 0.4125 0.2354
vn 0.8873 0.3975 0.2339
vn -0.5255 0.8508 -0.0001
vn -0.9803 0.1976 -0.0028
vn -0.9796 0.1970 0.0388
vn -0.5256 0.8503 0.0250
vn -0.8130 -0.5823 -0.0015
vn -0.8131 -0.5816 0.0255
vn -0.4568 0.7327 0.5044
vn -0.7379 0.1494 0.6582
vn -0.7074 0.1406 0.6927
vn -0.4320 0.7034 0.5644
vn -0.7038 -0.4971 0.5075
vn -0.6718 -0.4842 0.5605
vn -0.5092 0.8221 0.2547
vn -0.4961 0.8243 0.2728
vn -0.5155 0.8565 0.0266
vn -0.4433 0.7372 0.5098
vn -0.7867 -0.5609 0.2579
vn -0.7705 -0.5811 0.2621
vn -0.6858 -0.5212 0.5079
vn -0.7988 -0.6010 0.0257
vn 0.0429 0.8582 0.5115
vn -0.2062 0.8224 0.5302
vn -0.1972 0.7863 0.5856
vn 0.0416 0.8181 0.5736
vn -0.4225 0.7016 0.5738
vn 0.0505 0.9984 0.0270
vn 0.0485 0.9607 0.2732
vn 0.0639 0.9647 0.2556
vn 0.0648 0.9976 0.0256
vn 0.0598 0.8595 0.5077
vn -0.2433 0.9695 0.0281
vn -0.2431 0.9700 -0.0001
vn -0.5157 0.8568 -0.0000
vn 0.0506 0.9987 -0.0000
vn -0.7994 -0.6009 -0.0000
vn -0.1874 -0.9823 -0.0017
vn -0.1873 -0.9816 0.0359
vn 0.5194 -0.8545 -0.0009
vn 0.5188 -0.8545 0.0280
vn -0.1383 -0.7679 0.6254
vn -0.1289 -0.7364 0.6642
vn -0.6627 -0.4960 0.5611
vn 0.4426 -0.7354 0.5131
vn 0.4330 -0.7020 0.5654
vn 0.4989 -0.8241 0.2682
vn 0.4874 -0.8108 0.3241
vn 0.4398 -0.7205 0.5362
vn 0.5124 -0.8581 0.0344
vn 0.5125 -0.8587 0.0035
vn -0.4747 -0.8801 0.0098
vn -0.4732 -0.8781 0.0705
vn -0.9999 -0.0133 0.0003
vn -0.9993 -0.0134 0.0360
vn -0.2927 -0.5401 0.7891
vn -0.2979 -0.5473 0.7822
vn 0.3810 -0.6823 0.6239
vn -0.8466 -0.0065 0.5322
vn -0.7874 -0.0216 0.6161
vn -0.9466 -0.0111 0.3222
vn -0.9507 0.0085 0.3101
vn -0.8497 0.0056 0.5272
vn -0.9994 0.0097 0.0339
vn -1.0000 0.0099 0.0009
vn -0.6890 0.7247 0.0022
vn -0.6884 0.7240 0.0442
vn 0.0434 0.9991 0.0001
vn 0.0434 0.9986 0.0306
vn -0.5151 0.5424 0.6637
vn -0.4979 0.5248 0.6904
vn -0.8036 0.0120 0.5951
vn 0.0394 0.8498 0.5256
vn 0.0286 0.8056 0.5918
vn 0.0422 0.9512 0.3057
vn 0.0413 0.9641 0.2624
vn 0.0350 0.8604 0.5084
vn 0.0437 0.9987 0.0264
vn 0.0441 0.9990 -0.0000
vn -0.6520 0.7582 -0.0019
vn -0.6519 0.7574 0.0366
vn -0.9947 0.1032 -0.0010
vn -0.9943 0.1037 0.0257
vn -0.5060 0.5893 0.6299
vn -0.4865 0.5635 0.6677
vn 0.0392 0.8258 0.5626
vn -0.8570 0.0932 0.5069
vn -0.8238 0.0833 0.5607
vn -0.9600 0.1014 0.2611
vn -0.9630 0.0746 0.2591
vn -0.8595 0.0622 0.5074
vn -0.9966 0.0787 0.0253
vn -0.9969 0.0793 -0.0001
vn -0.7407 -0.6718 -0.0029
vn -0.7399 -0.6716 0.0388
vn -0.0037 -1.0000 -0.0015
vn -0.0039 -0.9997 0.0253
vn -0.5585 -0.5044 0.6585
vn -0.5335 -0.4847 0.6931
vn -0.8253 0.0682 0.5605
vn -0.0047 -0.8645 0.5026
vn -0.0022 -0.8291 0.5591
vn -0.0042 -0.9669 0.2551
vn 0.0044 -0.9670 0.2548
vn 0.0051 -0.8646 0.5024
vn 0.0041 -0.9997 0.0250
vn 0.0039 -1.0000 -0.0000
vn 0.7547 -0.6561 -0.0034
vn 0.7544 -0.6552 0.0399
vn 0.9910 0.1336 -0.0018
vn 0.9908 0.1329 0.0254
vn 0.5598 -0.4878 0.6698
vn 0.5380 -0.4646 0.7034
vn 0.0022 -0.8294 0.5586
vn 0.8548 0.1092 0.5073
vn 0.8207 0.1132 0.5601
vn 0.9581 0.1269 0.2568
vn 0.9531 0.1524 0.2615
vn 0.8502 0.1394 0.5077
vn 0.9873 0.1567 0.0255
vn 0.9877 0.1563 -0.0001
vn 0.6054 0.7959 -0.0020
vn 0.6054 0.7951 0.0366
vn -0.1150 0.9934 -0.0010
vn -0.1145 0.9931 0.0267
vn 0.4607 0.6213 0.6338
vn 0.4375 0.5975 0.6720
vn 0.8182 0.1277 0.5606
vn -0.0958 0.8556 0.5086
vn -0.0985 0.8206 0.5629
vn -0.1094 0.9586 0.2630
vn -0.1086 0.9442 0.3111
vn -0.0993 0.8433 0.5281
vn -0.1129 0.9931 0.0315
vn -0.1128 0.9936 0.0015
vn 0.6993 0.7148 0.0038
vn 0.6984 0.7139 0.0510
vn 0.9943 -0.1067 0.0001
vn 0.9938 -0.1067 0.0317
vn 0.4967 0.5069 0.7045
vn 0.4862 0.4955 0.7198
vn -0.0806 0.7973 0.5982
vn 0.8457 -0.0922 0.5257
vn 0.8005 -0.0818 0.5937
vn 0.9454 -0.1021 0.3096
vn 0.9603 -0.1031 0.2591
vn 0.8584 -0.0909 0.5049
vn 0.9939 -0.1072 0.0266
vn 0.9942 -0.1073 -0.0000
vn 0.7651 0.6439 -0.0026
vn 0.7643 0.6437 0.0383
vn 0.0644 0.9979 -0.0013
vn 0.5811 0.4871 0.6520
vn 0.5556 0.4682 0.6871
vn 0.8230 -0.0903 0.5609
vn 0.0507 0.8235 0.5650
vn -0.0197 0.0085 0.9998
vn -0.4117 -0.2946 0.8624
vn -0.3993 -0.3006 0.8661
vn -0.0035 -0.0129 0.9999
vn -0.2661 0.4322 0.8616
vn -0.2332 0.3872 0.8920
vn -0.0025 0.0087 1.0000
vn 0.0229 0.4504 0.8925
vn 0.0316 0.5035 0.8634
vn 0.0216 0.0062 0.9997
vn 0.2625 -0.4272 0.8652
vn 0.2398 -0.4092 0.8804
vn -0.4637 -0.0077 0.8859
vn -0.4653 0.0055 0.8851
vn 0.0184 0.4739 0.8804
vn 0.0233 0.5020 0.8646
vn -0.0074 0.0111 0.9999
vn -0.4999 0.0515 0.8645
vn -0.5050 0.0399 0.8622
vn -0.0084 -0.0340 0.9994
vn -0.0016 -0.5024 0.8647
vn 0.0017 -0.5060 0.8626
vn 0.0088 -0.0323 0.9994
vn 0.5053 0.0679 0.8602
vn 0.4971 0.0792 0.8641
vn 0.0068 0.0102 0.9999
vn -0.0599 0.5057 0.8606
vn -0.0516 0.4793 0.8761
vn 0.4677 -0.0490 0.8825
vn 0.4962 -0.0540 0.8665
vn -0.0000 0.8631 0.5050
vn -0.0000 0.9676 0.2523
vn -0.0279 0.9673 0.2522
vn -0.0275 0.8628 0.5048
vn -0.0000 0.9999 -0.0168
vn -0.0264 0.9995 -0.0168
vn -0.5113 0.7419 0.4338
vn -0.5277 0.8220 0.2140
vn -0.5844 0.7853 0.2043
vn -0.5771 0.7048 0.4125
vn -0.5100 0.8601 -0.0138
vn -0.5743 0.8185 -0.0139
vn -0.2757 0.8297 0.4854
vn -0.2680 0.8282 0.4922
vn -0.0269 0.8595 0.5104
vn -0.5082 0.7400 0.4405
vn -0.2729 0.9619 -0.0161
vn -0.2592 0.9652 -0.0357
vn -0.5077 0.8608 -0.0350
vn -0.0252 0.9990 -0.0356
vn -0.5079 -0.0516 0.8599
vn -0.5744 0.3809 0.7246
vn -0.6180 0.3648 0.6964
vn -0.5654 -0.0520 0.8232
vn -0.5715 0.7061 0.4182
vn -0.0272 -0.0615 0.9977
vn -0.2706 -0.0589 0.9609
vn -0.2651 -0.0737 0.9614
vn -0.0266 -0.0759 0.9968
vn -0.5066 -0.0676 0.8595
vn -0.0320 0.4652 0.8846
vn 0.0010 0.4661 0.8847
vn 0.0005 0.8599 0.5105
vn -0.0000 -0.0617 0.9981
vn 0.0001 0.9994 -0.0351
vn 0.0020 0.7010 -0.7132
vn -0.0369 0.7001 -0.7131
vn 0.0010 0.0082 -1.0000
vn -0.0267 0.0085 -0.9996
vn -0.6324 0.5434 -0.5521
vn -0.6701 0.5192 -0.5305
vn -0.5662 0.8238 -0.0258
vn -0.5082 0.0093 -0.8612
vn -0.5617 0.0046 -0.8273
vn -0.2596 0.0090 -0.9657
vn -0.3043 0.0071 -0.9525
vn -0.5251 0.0051 -0.8510
vn -0.0308 0.0081 -0.9995
vn -0.0007 0.0082 -1.0000
vn -0.0018 0.6990 -0.7151
vn -0.0423 0.6984 -0.7145
vn -0.0001 0.9995 -0.0312
vn -0.0304 0.9991 -0.0311
vn -0.6506 0.5396 -0.5344
vn -0.6793 0.5200 -0.5178
vn -0.5889 0.0108 -0.8081
vn -0.5249 0.8508 -0.0239
vn -0.5892 0.8074 -0.0315
vn -0.3046 0.9520 -0.0288
vn -0.2607 0.9649 -0.0327
vn -0.5088 0.8602 -0.0327
vn -0.0262 0.9991 -0.0326
vn 0.0001 0.9995 -0.0321
vn 0.0028 0.6640 -0.7477
vn -0.0387 0.6632 -0.7474
vn 0.0015 -0.0941 -0.9956
vn -0.0256 -0.0935 -0.9953
vn -0.6575 0.5009 -0.5629
vn -0.6921 0.4778 -0.5410
vn -0.5624 0.8265 -0.0230
vn -0.5065 -0.0763 -0.8589
vn -0.5600 -0.0801 -0.8246
vn -0.2577 -0.0891 -0.9621
vn -0.2597 -0.1122 -0.9592
vn -0.5068 -0.1034 -0.8558
vn -0.0256 -0.1150 -0.9930
vn 0.0001 -0.1146 -0.9934
vn 0.0024 -0.7888 -0.6147
vn -0.0380 -0.7883 -0.6141
vn 0.0013 -0.9913 0.1316
vn -0.0269 -0.9910 0.1309
vn -0.6488 -0.5993 -0.4689
vn -0.6842 -0.5755 -0.4480
vn -0.5603 -0.0929 -0.8231
vn -0.5119 -0.8522 0.1080
vn -0.5633 -0.8186 0.1125
vn -0.2615 -0.9571 0.1250
vn -0.3079 -0.9430 0.1262
vn -0.5275 -0.8417 0.1148
vn -0.0312 -0.9908 0.1314
vn -0.0009 -0.9914 0.1312
vn -0.0024 -0.7789 -0.6272
vn -0.0452 -0.7780 -0.6266
vn -0.0001 -0.0835 -0.9965
vn -0.0311 -0.0833 -0.9960
vn -0.6695 -0.5782 -0.4662
vn -0.6946 -0.5598 -0.4519
vn -0.5939 -0.7987 0.0969
vn -0.5283 -0.0663 -0.8465
vn -0.5965 -0.0780 -0.7988
vn -0.3078 -0.0777 -0.9483
vn -0.2660 -0.0806 -0.9606
vn -0.5124 -0.0747 -0.8555
vn -0.0268 -0.0821 -0.9963
vn 0.0001 -0.0816 -0.9967
vn 0.0017 -0.7280 -0.6855
vn -0.0360 -0.7275 -0.6852
vn 0.0009 -0.9999 -0.0139
vn -0.0250 -0.9996 -0.0145
vn -0.6244 -0.5694 -0.5347
vn -0.6638 -0.5454 -0.5117
vn -0.5646 -0.0626 -0.8230
vn -0.5065 -0.8620 -0.0172
vn -0.5614 -0.8275 -0.0091
vn -0.2624 -0.9648 -0.0153
vn -0.2625 -0.9648 0.0155
vn -0.5070 -0.8617 0.0181
vn -0.0250 -0.9996 0.0146
vn 0.0001 -0.9999 0.0140
vn 0.0018 -0.7239 0.6899
vn -0.0363 -0.7234 0.6894
vn 0.0010 -0.0603 0.9982
vn -0.0263 -0.0608 0.9978
vn -0.6296 -0.5562 0.5424
vn -0.6681 -0.5299 0.5224
vn -0.5615 -0.8274 0.0096
vn -0.5102 -0.0563 0.8582
vn -0.5634 -0.0455 0.8250
vn -0.2634 -0.0602 0.9628
vn -0.3013 -0.0549 0.9519
vn -0.5243 -0.0474 0.8502
vn -0.0297 -0.0585 0.9978
vn -0.0004 -0.0587 0.9983
vn -0.0011 -0.6726 0.7400
vn -0.0384 -0.6722 0.7393
vn -0.0000 -0.9897 0.1435
vn -0.0297 -0.9892 0.1433
vn -0.6208 -0.5316 0.5762
vn -0.6586 -0.5095 0.5537
vn -0.5871 -0.0540 0.8077
vn -0.5227 -0.8439 0.1210
vn -0.5852 -0.8020 0.1193
vn -0.2997 -0.9442 0.1364
vn -0.2630 -0.9547 0.1389
vn -0.5075 -0.8525 0.1254
vn -0.0263 -0.9893 0.1434
vn -0.0000 -0.9897 0.1433
vn 0.0011 -0.6829 0.7305
vn -0.0342 -0.6827 0.7299
vn 0.0006 -0.0757 0.9971
vn -0.6053 -0.5409 0.5841
vn -0.6454 -0.5178 0.5615
vn -0.5636 -0.8177 0.1169
vn -0.5635 -0.0610 0.8239
vn -0.0009 0.9989 -0.0467
vn -0.0023 0.7352 0.6778
vn -0.0448 0.7345 0.6771
vn -0.0360 0.9982 -0.0473
vn -0.0002 0.0355 0.9994
vn -0.0349 0.0349 0.9988
vn -0.5328 0.8447 -0.0516
vn -0.6682 0.5467 0.5046
vn -0.7294 0.5022 0.4646
vn -0.6191 0.7843 -0.0386
vn -0.5333 0.0156 0.8458
vn -0.6198 0.0253 0.7844
vn -0.3181 0.9469 -0.0478
vn -0.3485 0.9310 -0.1084
vn -0.0427 0.9915 -0.1232
vn -0.5468 0.8334 -0.0798
vn -0.3164 0.0294 0.9482
vn -0.3381 -0.0389 0.9403
vn -0.5442 -0.0181 0.8387
vn -0.0386 -0.0487 0.9981
vn -0.5437 -0.6545 -0.5255
vn -0.8670 0.1371 -0.4790
vn -0.8452 0.1497 -0.5130
vn -0.6624 -0.5590 -0.4987
vn -0.6667 0.7359 -0.1180
vn -0.0428 -0.7660 -0.6414
vn -0.3472 -0.7221 -0.5984
vn -0.3385 -0.7585 -0.5568
vn -0.0413 -0.8083 -0.5873
vn -0.5399 -0.6715 -0.5075
vn -0.1021 0.2667 -0.9583
vn -0.0220 0.2698 -0.9627
vn -0.0016 0.9925 -0.1220
vn -0.0010 -0.7664 -0.6424
vn -0.0009 -0.0495 0.9988
vn -0.0131 -0.8932 0.4496
vn -0.0797 -0.8901 0.4488
vn -0.0008 -0.8089 -0.5879
vn -0.8172 -0.5155 0.2577
vn -0.8042 -0.5324 0.2644
vn -0.6456 -0.0579 0.7615
vn -0.6411 -0.6298 -0.4385
vn -0.8929 0.3887 0.2274
vn -0.8792 0.4099 0.2428
vn -1.0000 0.0076 0.0030
vn -0.9998 0.0096 0.0146
vn -0.8909 0.4542 -0.0075
vn -0.8613 0.5078 -0.0161
vn -0.9999 0.0057 -0.0119
vn -0.8776 -0.0300 0.4784
vn -0.8688 -0.0371 0.4937
vn -0.9997 -0.0180 0.0158
vn -0.8615 0.0032 -0.5077
vn -0.8777 0.0056 -0.4792
vn -0.8746 0.4846 -0.0175
vn -0.8568 0.5154 -0.0150
vn -0.9999 0.0091 -0.0108
vn -0.8643 -0.0473 -0.5008
vn -0.8660 -0.0573 -0.4968
vn -0.9999 -0.0108 -0.0105
vn -0.8663 -0.4951 0.0669
vn -0.8830 -0.4658 0.0585
vn -0.8820 -0.0430 -0.4693
vn -0.8662 -0.0388 -0.4981
vn -0.9999 -0.0109 -0.0100
vn -0.8637 -0.5040 -0.0069
vn -0.8629 -0.5052 0.0081
vn -0.9998 -0.0126 0.0136
vn -0.8597 -0.0294 0.5099
vn -0.8741 -0.0315 0.4847
vn -0.8747 -0.4795 0.0707
vn -0.8674 -0.4926 0.0708
vn -0.9374 0.3477 -0.0190
vn -0.8922 0.4487 -0.0513
vn -0.9361 0.0092 0.3515
vn -0.8907 -0.0175 0.4542
vn -0.8923 -0.3475 -0.2883
vn -0.8922 -0.3641 -0.2673
vn -0.0342 -0.0000 0.9994
vn -0.7294 -0.0000 0.6841
vn -0.6855 -0.3597 0.6330
vn -0.0344 -0.2406 0.9700
vn -0.9997 -0.0000 -0.0255
vn -0.9708 -0.2389 -0.0227
vn 0.9813 -0.0000 -0.1926
vn 0.7676 -0.0000 0.6410
vn 0.7043 -0.3999 0.5865
vn 0.9572 -0.2248 -0.1822
vn -0.0245 -0.0000 0.9997
vn -0.0221 -0.2267 0.9737
vn -0.9993 -0.0000 -0.0369
vn -0.9612 -0.0000 -0.2758
vn -0.9182 -0.2958 -0.2636
vn -0.9610 -0.2743 -0.0358
vn -0.8679 -0.0000 -0.4967
vn -0.8348 -0.2744 -0.4773
vn -0.8602 -0.0000 -0.5099
vn -0.4900 -0.0000 -0.8717
vn -0.4654 -0.3213 -0.8247
vn -0.8299 -0.2592 -0.4940
vn -0.2426 -0.0000 -0.9701
vn 0.0021 -0.5243 -0.8516
vn -0.1712 -0.0000 -0.9852
vn -0.5315 -0.0000 -0.8471
vn -0.7135 -0.0000 -0.7006
vn -0.9986 -0.0000 -0.0522
vn -0.9099 -0.4130 -0.0400
vn -0.6596 -0.3560 -0.6620
vn -0.7833 -0.0000 0.6216
vn -0.7252 -0.3565 0.5891
vn -0.7416 -0.0000 0.6708
vn -0.3960 -0.0000 0.9182
vn -0.3758 -0.3368 0.8633
vn -0.7003 -0.3391 0.6282
vn 0.0316 -0.0000 0.9995
vn 0.0314 -0.3215 0.9464
vn 0.0487 -0.0000 0.9988
vn 0.1881 -0.0000 0.9822
vn 0.1795 -0.2998 0.9370
vn 0.0461 -0.3075 0.9504
vn 0.3243 -0.0000 0.9460
vn 0.3102 -0.2918 0.9048
vn 0.3106 -0.0001 0.9505
vn -0.3663 -0.0000 0.9305
vn -0.3470 -0.3450 0.8721
vn 0.2966 -0.2513 0.9213
vn -0.8773 -0.0000 0.4799
vn -0.8502 -0.2396 0.4688
vn -0.8911 -0.0000 0.4539
vn -0.9481 -0.0000 -0.3179
vn -0.8800 -0.3722 -0.2950
vn -0.8688 -0.2330 0.4369
vn -0.4352 -0.0000 -0.9003
vn -0.4263 -0.2382 -0.8727
vn -0.4193 -0.0000 -0.9078
vn -0.1671 -0.0000 -0.9859
vn -0.1595 -0.2968 -0.9415
vn -0.4032 -0.2714 -0.8739
vn 0.0985 -0.0000 -0.9951
vn 0.0945 -0.2768 -0.9563
vn 0.1050 -0.0000 -0.9945
vn 0.5299 -0.0000 -0.8480
vn 0.5010 -0.3140 -0.8065
vn 0.1018 -0.2655 -0.9587
vn 0.8445 -0.0000 -0.5355
vn 0.8133 -0.2651 -0.5179
vn 0.8532 -0.0000 -0.5216
vn 0.9611 -0.0000 -0.2760
vn 0.9178 -0.2971 -0.2634
vn 0.8209 -0.2737 -0.5012
vn 1.0000 -0.0000 -0.0084
vn 0.9616 -0.2744 -0.0084
vn 1.0000 -0.0000 0.0032
vn 0.8607 -0.0000 0.5092
vn 0.8156 -0.3218 0.4808
vn 0.9657 -0.2596 0.0044
vn 0.4844 -0.0000 0.8749
vn 0.4688 -0.2609 0.8439
vn 0.4747 -0.0000 0.8801
vn 0.2643 -0.0000 0.9644
vn 0.2524 -0.2952 0.9215
vn 0.4559 -0.2775 0.8457
vn 0.0415 -0.0000 0.9991
vn 0.0399 -0.2874 0.9570
vn 0.0512 -0.0000 0.9987
vn 0.6725 -0.0000 0.7401
vn 0.6215 -0.3923 0.6781
vn 0.0457 -0.3315 0.9424
vn 0.9809 -0.0000 0.1945
vn 0.9105 -0.3813 0.1599
vn 0.9986 -0.0000 0.0535
vn 0.7489 -0.0000 -0.6627
vn 0.6726 -0.4495 -0.5878
vn 0.9171 -0.3910 0.0777
vn -0.0005 -0.0000 -1.0000
vn -0.0025 -0.3331 -0.9429
vn -0.0027 -0.0001 -1.0000
vn 0.6254 -0.0000 -0.7803
vn 0.5897 -0.3413 -0.7319
vn -0.0010 -0.2534 -0.9674
vn 0.9759 -0.0000 -0.2184
vn 0.9464 -0.2415 -0.2146
vn -0.0273 -0.5556 0.8310
vn -0.0171 -0.8642 0.5029
vn -0.0130 -0.8565 0.5160
vn -0.0220 -0.5542 0.8321
vn -0.0157 -0.9994 0.0316
vn 0.0073 -0.9996 0.0267
vn -0.5163 -0.8563 -0.0144
vn -0.4615 -0.8870 -0.0167
vn -0.0094 -1.0000 -0.0019
vn -0.8274 -0.5611 -0.0237
vn -0.8213 -0.5697 -0.0302
vn 0.8146 -0.5563 -0.1639
vn 0.5089 -0.8550 -0.1001
vn 0.4797 -0.8708 -0.1074
vn 0.8106 -0.5575 -0.1793
vn 0.0060 -0.9999 -0.0117
vn -0.3915 -0.8925 -0.2240
vn -0.4109 -0.8790 -0.2420
vn -0.0044 -0.9999 -0.0115
vn -0.7124 -0.5710 -0.4079
vn -0.7096 -0.5669 -0.4184
vn -0.3767 -0.8759 0.3014
vn -0.6339 -0.5950 0.4942
vn -0.6036 -0.5801 0.5470
vn -0.3600 -0.8748 0.3242
vn -0.0052 -0.9971 0.0764
vn 0.0221 -0.5972 0.8018
vn 0.0370 -0.5977 0.8009
vn -0.0088 -0.9981 0.0606
vn -0.0011 -0.9999 -0.0160
vn 0.0308 -0.9980 0.0543
vn 0.0350 -0.9961 0.0809
vn -0.0012 -0.9999 0.0158
vn 0.2625 -0.5925 0.7616
vn 0.2588 -0.5725 0.7779
vn -0.4365 -0.8674 0.2390
vn -0.4534 -0.8609 0.2308
vn -0.0276 -0.9995 -0.0119
vn -0.7297 -0.5573 0.3962
vn -0.7384 -0.5572 0.3799
vn -0.2184 -0.8638 -0.4541
vn -0.1886 -0.8932 -0.4083
vn -0.3571 -0.5613 -0.7466
vn -0.3452 -0.5682 -0.7470
vn 0.0448 -0.8914 -0.4510
vn 0.0485 -0.8835 -0.4658
vn 0.0050 -0.9999 -0.0144
vn 0.0811 -0.5719 -0.8163
vn 0.0856 -0.5687 -0.8181
vn 0.3910 -0.8867 -0.2469
vn 0.3811 -0.8948 -0.2325
vn 0.0081 -1.0000 -0.0017
vn 0.6954 -0.5687 -0.4394
vn 0.7003 -0.5709 -0.4285
vn 0.4535 -0.8913 -0.0037
vn 0.4771 -0.8788 0.0006
vn 0.0140 -0.9999 0.0081
vn 0.8215 -0.5702 -0.0065
vn 0.8243 -0.5662 0.0011
vn 0.2290 -0.8803 0.4155
vn 0.2117 -0.8950 0.3927
vn 0.0020 -1.0000 0.0068
vn 0.3976 -0.5673 0.7212
vn 0.3894 -0.5723 0.7217
vn 0.0186 -0.8932 0.4492
vn 0.0335 -0.5735 0.8185
vn 0.0465 -0.5912 0.8052
vn 0.0271 -0.8767 0.4803
vn 0.4639 -0.8824 0.0786
vn 0.7857 -0.6002 0.1495
vn 0.7758 -0.6283 0.0575
vn 0.3737 -0.9270 0.0329
vn -0.0005 -1.0000 -0.0069
vn 0.0035 -0.9025 -0.4306
vn -0.0031 -0.8310 -0.5562
vn 0.0033 -0.6074 -0.7944
vn -0.0043 -0.5631 -0.8264
vn -0.0068 0.0192 -0.9998
vn 0.0053 0.0070 -1.0000
vn 0.0109 0.0134 -0.9999
vn 0.0046 0.0005 -1.0000
vn 0.0054 0.0010 -1.0000
vn 0.0035 -0.0003 -1.0000
vn 0.0042 -0.0000 -1.0000
vn 0.0021 0.0039 -1.0000
vn 0.0015 0.0033 -1.0000
vn 0.0005 -0.0114 -0.9999
vn -0.0058 0.0165 -0.9998
vn -0.0010 0.0022 -1.0000
vn -0.0004 0.0002 -1.0000
vn -0.0002 -0.0059 -1.0000
vn 0.0002 -0.0060 -1.0000
vn -0.0039 -0.0008 -1.0000
vn -0.0058 -0.0017 -1.0000
vn 0.0004 1.0000 0.0060
vn 0.0084 0.9999 0.0104
vn -0.0090 0.9999 -0.0130
vn 0.0027 1.0000 -0.0009
vn 0.0026 1.0000 -0.0008
vn 0.0048 1.0000 -0.0058
vn 0.0041 1.0000 -0.0055
vn -0.0029 1.0000 -0.0044
vn 0.9998 0.0130 0.0144
vn 1.0000 -0.0027 0.0092
vn 1.0000 -0.0021 0.0087
vn 1.0000 -0.0043 0.0001
vn 1.0000 -0.0044 0.0004
vn 0.9999 0.0083 0.0106
vn 0.9999 0.0044 -0.0100
vn 1.0000 -0.0033 -0.0033
vn 1.0000 -0.0012 -0.0011
vn 0.9998 0.0153 -0.0100
vn 0.9995 -0.0282 -0.0105
vn 1.0000 -0.0032 -0.0087
vn -0.0006 0.0055 1.0000
vn 0.0019 -0.0032 1.0000
vn 0.0199 -0.0021 0.9998
vn -0.0056 -0.0001 1.0000
vn -0.0050 0.0001 1.0000
vn 0.0003 0.0075 1.0000
vn -1.0000 0.0066 -0.0003
vn -0.9997 -0.0240 0.0030
vn -1.0000 0.0001 -0.0071
vn -1.0000 0.0003 0.0060
vn -1.0000 -0.0003 0.0099
vn -1.0000 -0.0041 -0.0030
vn -1.0000 -0.0035 -0.0029
vn -0.9998 -0.0218 0.0032
vn -1.0000 0.0048 -0.0005
vn -1.0000 0.0023 -0.0001
vn -0.9997 -0.0015 0.0228
vn -1.0000 -0.0006 -0.0066
vn 0.0220 -0.0000 -0.9998
vn -0.6849 -0.0000 -0.7286
vn 0.0049 -1.0000 -0.0064
vn 0.0028 -1.0000 0.0011
vn 0.0035 -1.0000 0.0006
vn 0.0002 -1.0000 -0.0068
vn 0.0003 -1.0000 0.0058
vn -0.0025 -1.0000 0.0064
vn -0.0042 -1.0000 0.0034
vn -0.0053 -1.0000 0.0048
vn -0.9999 0.0098 0.0093
vn -0.3000 0.1671 -0.9392
vn 0.0076 -0.0064 -1.0000
vn 0.0125 0.0072 -0.9999
vn 0.0026 0.0156 -0.9999
vn 0.0013 0.0212 -0.9998
vn -0.0075 -0.0096 -0.9999
vn 0.0095 -0.0094 -0.9999
vn 0.0079 0.0047 -1.0000
vn 0.0003 1.0000 -0.0092
vn 0.0080 1.0000 -0.0055
vn 0.0079 1.0000 0.0024
vn -0.0034 1.0000 0.0013
vn 0.9999 -0.0025 -0.0127
vn 0.9999 -0.0092 -0.0062
vn 0.9999 -0.0080 0.0066
vn 0.9999 0.0035 0.0142
vn 1.0000 0.0078 0.0011
vn -0.0022 -0.0042 1.0000
vn -0.0101 0.0106 0.9999
vn 0.0067 0.0069 1.0000
vn -0.9999 0.0103 -0.0099
vn -0.9999 -0.0098 -0.0079
vn -0.9999 -0.0075 0.0081
vn -1.0000 0.0019 -0.0066
vn -1.0000 -0.0085 0.0043
vn -0.5468 -0.6755 0.4946
vn 0.5324 -0.7222 0.4415
vn -0.7844 -0.5779 -0.2255
vn -0.3908 -0.6102 -0.6892
vn 0.0134 -0.5625 -0.8267
vn -0.7388 -0.6732 -0.0319
vn -0.5782 -0.5960 -0.5572
vn -0.3172 -0.6063 0.7293
vn 0.1495 -0.6110 0.7774
vn -0.2840 -0.6511 0.7039
vn -0.6904 -0.6854 -0.2315
vn -0.1360 -0.5788 -0.8040
vn 0.4206 -0.5975 -0.6827
vn 0.7837 -0.5791 -0.2247
vn 0.6828 -0.6110 0.4006
vn 0.2154 -0.5774 0.7875
vn 0.5098 -0.6565 0.5560
vn 0.5256 -0.7465 -0.4080
vn 0.4817 -0.6449 -0.5934
vn -0.0021 -1.0000 -0.0020
vn -0.0095 -1.0000 -0.0003
vn -0.0049 -0.9999 0.0112
vn 0.0057 -1.0000 0.0062
vn -0.4624 -0.8376 -0.2910
vn 0.0286 -0.9604 -0.2771
vn -0.8724 -0.3974 -0.2848
vn -0.9590 -0.0677 -0.2753
vn -0.8639 0.4036 -0.3012
vn -0.3319 0.8970 -0.2919
vn 0.3723 0.8796 -0.2962
vn 0.8832 0.3641 -0.2955
vn 0.9241 -0.2561 -0.2837
vn 0.4556 -0.8335 -0.3127
vn 0.6978 -0.5817 -0.4180
vn 0.8206 0.4863 -0.3003
vn 0.1460 0.9321 -0.3314
vn 0.3949 0.8334 -0.3867
vn 0.7963 -0.4534 -0.4004
vn -0.8160 0.4381 -0.3772
vn 0.0480 0.9516 -0.3035
vn -0.5761 -0.7356 -0.3564
vn 0.6386 -0.6648 -0.3875
vn 0.8043 0.4817 -0.3479
vn -0.2456 -0.4883 -0.8374
vn 0.0136 -0.5455 -0.8380
vn -0.5074 -0.2298 -0.8305
vn -0.5305 -0.0351 -0.8470
vn -0.5092 0.2139 -0.8337
vn -0.2095 0.5056 -0.8369
vn 0.1946 0.5144 -0.8352
vn 0.4997 0.2290 -0.8354
vn 0.5356 -0.1497 -0.8311
vn 0.2874 -0.4756 -0.8314
vn 0.2926 -0.2444 -0.9245
vn 0.3670 0.2111 -0.9060
vn 0.0676 0.4086 -0.9102
vn 0.2271 0.4754 -0.8500
vn 0.4493 -0.2618 -0.8542
vn 0.0278 0.4207 -0.9068
vn -0.2489 -0.3244 -0.9126
vn 0.2924 -0.2810 -0.9141
vn 0.3529 0.2102 -0.9117
vn 0.9056 0.3844 0.1794
vn 0.2740 0.2850 0.9185
vn 0.1739 0.3778 -0.9094
vn 0.0310 0.3497 -0.9364
vn 0.7844 0.2918 -0.5473
vn 0.8946 0.3581 0.2675
vn 0.9155 0.3492 0.2000
vn 0.4995 0.3199 -0.8051
vn -0.6980 0.4338 -0.5698
vn -0.5507 0.3547 0.7556
vn -0.5997 0.7642 0.2375
vn -0.8748 0.3352 -0.3500
vn -0.7954 0.2908 0.5317
vn -0.2996 0.2869 0.9099
vn 0.5386 0.8398 0.0684
vn 0.1602 0.8304 0.5336
vn 0.0961 0.8463 -0.5240
vn 0.0159 0.9126 -0.4086
vn 0.3679 0.8937 -0.2568
vn 0.3925 0.9122 0.1180
vn 0.5434 0.8329 0.1047
vn 0.2988 0.8310 -0.4692
vn -0.3907 0.8658 -0.3126
vn -0.3109 0.8338 0.4562
vn -0.3083 0.9428 0.1270
vn -0.5174 0.8309 -0.2046
vn -0.4655 0.8375 0.2861
vn -0.1893 0.8396 0.5091
vn 0.3657 -0.9147 0.1722
vn 0.2963 -0.2449 0.9232
vn 0.3585 -0.2693 -0.8938
vn 0.3468 -0.1783 -0.9208
vn 0.4254 -0.8994 0.1008
vn 0.3067 -0.8304 0.4651
vn 0.3403 -0.7832 -0.5204
vn 0.3527 -0.7742 -0.5256
vn 0.3479 -0.7286 0.5900
vn 0.3185 0.2438 0.9161
vn 0.3724 -0.0041 0.9281
vn 0.3799 -0.9249 0.0162
vn 0.2906 -0.4063 -0.8663
vn 0.3072 0.3561 -0.8825
vn 0.2951 0.8974 -0.3280
vn 0.3060 0.8372 0.4532
vn 0.3886 0.9083 0.1546
vn 0.3252 0.9448 -0.0398
vn 0.3054 0.5209 0.7971
vn 0.8414 -0.5314 0.0984
vn 0.8352 -0.1203 0.5366
vn 0.8345 -0.1398 -0.5330
vn 0.9126 -0.0788 -0.4012
vn 0.9571 -0.2889 0.0200
vn 0.8328 -0.4718 0.2896
vn 0.8332 -0.4601 -0.3067
vn 0.9129 -0.3394 -0.2267
vn 0.9126 -0.3166 0.2586
vn 0.9101 0.0978 0.4027
vn 0.8371 -0.0317 0.5462
vn 0.8470 -0.5316 0.0051
vn 0.8376 -0.2506 -0.4853
vn 0.8323 0.1868 -0.5219
vn 0.8356 0.5082 -0.2084
vn 0.8326 0.4972 0.2440
vn 0.9141 0.4023 0.0515
vn 0.8309 0.5558 -0.0270
vn 0.8327 0.3210 0.4511
vn -0.8990 0.1873 0.3959
vn -0.2332 0.9296 0.2853
vn -0.1765 -0.9131 0.3677
vn -0.4007 -0.7465 0.5312
vn -0.6310 0.6629 0.4029
vn -0.6018 0.7067 0.3721
vn -0.6840 -0.6124 0.3964
vn 0.6843 -0.6042 0.4083
vn 0.5633 0.7354 0.3766
vn 0.6271 0.6421 0.4410
vn 0.7082 0.5888 0.3896
vn -0.5124 0.1019 0.8527
vn -0.1365 0.5402 0.8304
vn -0.0782 -0.5428 0.8362
vn -0.1666 -0.3152 0.9343
vn -0.2651 0.2793 0.9229
vn -0.3503 0.4058 0.8441
vn -0.3870 -0.3489 0.8535
vn 0.3899 -0.3368 0.8571
vn 0.3055 0.4519 0.8381
vn 0.2608 0.2685 0.9273
vn 0.4027 0.3371 0.8510
vn -0.2837 0.9279 0.2421
vn -0.3226 0.4403 0.8379
vn -0.3749 0.6531 -0.6579
vn -0.3900 0.6427 -0.6595
vn -0.3951 0.6145 -0.6829
vn -0.3863 -0.7242 -0.5712
vn -0.4083 -0.7113 -0.5722
vn -0.3690 -0.6757 -0.6382
vn -0.3722 -0.6736 0.6385
vn -0.3650 -0.6258 0.6893
vn -0.3474 -0.6415 0.6839
vn -0.4066 0.6721 0.6189
vn -0.6377 0.2054 -0.7424
vn -0.5661 -0.7354 0.3724
vn -0.8315 0.5379 0.1390
vn -0.8308 0.2544 0.4949
vn -0.8451 0.3740 -0.3821
vn -0.9143 0.2947 -0.2778
vn -0.8525 0.3461 -0.3918
vn -0.8499 -0.4148 -0.3250
vn -0.9235 -0.2987 -0.2408
vn -0.8426 -0.3927 -0.3686
vn -0.8372 -0.3762 0.3970
vn -0.9136 -0.2786 0.2962
vn -0.8327 -0.3696 0.4123
vn -0.9553 0.2165 0.2015
vn -0.9396 0.0884 -0.3306
vn -0.9365 -0.3116 0.1609
vn -0.4178 -0.8394 0.3477
vn 0.3865 -0.8663 0.3165
vn -0.5310 -0.8333 -0.1536
vn 0.0072 -0.8833 -0.4688
vn -0.2797 -0.8307 -0.4813
vn -0.3345 -0.8829 -0.3295
vn -0.4055 -0.9141 -0.0069
vn -0.1702 -0.9083 0.3820
vn 0.0169 -0.9974 0.0695
vn -0.2163 -0.8337 0.5081
vn -0.4992 -0.8502 -0.1675
vn -0.0915 -0.8319 -0.5474
vn 0.2819 -0.8325 -0.4770
vn 0.5343 -0.8314 -0.1522
vn 0.4829 -0.8307 0.2770
vn 0.1446 -0.8341 0.5323
vn 0.2785 -0.9135 0.2964
vn 0.2852 -0.9361 -0.2059
vn 0.3550 -0.8331 -0.4241
vn -0.0026 -1.0000 -0.0024
vn 0.0069 -0.9009 -0.4340
vn -0.1683 -0.9010 -0.3998
vn -0.0046 -0.9999 -0.0134
vn -0.3000 -0.8975 -0.3231
vn -0.5501 -0.5815 -0.5994
vn 0.0186 -0.5354 -0.8444
vn 0.0131 -0.5782 -0.8158
vn -0.5713 -0.5373 -0.6205
vn -0.3005 -0.6035 -0.7386
vn -0.4827 -0.5559 -0.6768
vn -0.1276 -0.5575 -0.8203
vt 0.546277 0.648271
vt 0.541836 0.642399
vt 0.548712 0.639700
vt 0.549919 0.644724
vt 0.555969 0.639006
vt 0.554799 0.646185
vt 0.551966 0.652940
vt 0.312370 0.670264
vt 0.305138 0.668883
vt 0.308432 0.662272
vt 0.312696 0.665191
vt 0.313353 0.656892
vt 0.317296 0.663004
vt 0.319721 0.669916
vt 0.044407 0.576182
vt 0.046658 0.569396
vt 0.052853 0.572981
vt 0.049523 0.576956
vt 0.057770 0.578198
vt 0.051327 0.581652
vt 0.044203 0.583494
vt 0.280234 0.535581
vt 0.275623 0.541240
vt 0.271230 0.535391
vt 0.275792 0.532934
vt 0.268634 0.528608
vt 0.275879 0.527836
vt 0.283153 0.528780
vt 0.435039 0.657180
vt 0.439825 0.651706
vt 0.444005 0.657725
vt 0.439365 0.660041
vt 0.446353 0.664607
vt 0.439050 0.665217
vt 0.431916 0.663809
vt 0.163354 0.551581
vt 0.156534 0.553633
vt 0.155923 0.546489
vt 0.161095 0.546909
vt 0.157378 0.539461
vt 0.163986 0.542684
vt 0.169392 0.547583
vt 0.214655 0.638254
vt 0.221522 0.639841
vt 0.218486 0.646261
vt 0.214259 0.643364
vt 0.213678 0.651415
vt 0.209636 0.645576
vt 0.207577 0.638835
vt 0.382061 0.581182
vt 0.376984 0.586244
vt 0.373351 0.579900
vt 0.377994 0.577964
vt 0.371310 0.572830
vt 0.378625 0.572829
vt 0.385471 0.574889
vt 0.438473 0.683617
vt 0.429793 0.682821
vt 0.447215 0.683353
vt 0.356344 0.587276
vt 0.353542 0.579049
vt 0.360404 0.595063
vt 0.255307 0.544592
vt 0.251394 0.536794
vt 0.260154 0.551876
vt 0.532917 0.661253
vt 0.527380 0.654588
vt 0.539442 0.667084
vt 0.408711 0.676394
vt 0.415250 0.655183
vt 0.171603 0.568261
vt 0.163582 0.571896
vt 0.179146 0.563737
vt 0.215477 0.619555
vt 0.224316 0.620433
vt 0.206568 0.619670
vt 0.391627 0.598663
vt 0.374325 0.612439
vt 0.397244 0.591924
vt 0.402070 0.584525
vt 0.419393 0.647481
vt 0.424422 0.640361
vt 0.026029 0.573281
vt 0.027681 0.564631
vt 0.025370 0.582047
vt 0.189372 0.646120
vt 0.185327 0.624795
vt 0.193032 0.654214
vt 0.197585 0.661871
vt 0.137313 0.545970
vt 0.138260 0.537256
vt 0.137386 0.554800
vt 0.142362 0.575980
vt 0.293105 0.652113
vt 0.298333 0.645130
vt 0.288748 0.659695
vt 0.275939 0.509203
vt 0.284575 0.509919
vt 0.267203 0.509788
vt 0.245740 0.515447
vt 0.049920 0.601429
vt 0.027945 0.604071
vt 0.058222 0.598859
vt 0.066121 0.595019
vt 0.333992 0.654768
vt 0.337208 0.662824
vt 0.329564 0.647211
vt 0.314902 0.630535
vt 0.569697 0.659397
vt 0.558456 0.678437
vt 0.572710 0.651263
vt 0.574489 0.642686
vt 0.516491 0.635396
vt 0.535830 0.624594
vt 0.302580 0.687618
vt 0.281635 0.680674
vt 0.311156 0.688854
vt 0.319907 0.688807
vt 0.341627 0.684488
vt 0.180926 0.532431
vt 0.195684 0.548888
vt 0.173869 0.527270
vt 0.166202 0.523008
vt 0.144994 0.516236
vt 0.463879 0.656940
vt 0.468853 0.678410
vt 0.460228 0.649024
vt 0.455628 0.641585
vt 0.440529 0.625318
vt 0.552707 0.620209
vt 0.574785 0.620484
vt 0.544145 0.621888
vt 0.036568 0.544939
vt 0.056756 0.553074
vt 0.291390 0.552059
vt 0.275797 0.567631
vt 0.296179 0.544776
vt 0.300068 0.536948
vt 0.305903 0.515586
vt 0.389701 0.555786
vt 0.409635 0.564116
vt 0.381009 0.554377
vt 0.372228 0.553964
vt 0.350284 0.557157
vt 0.229090 0.663539
vt 0.212644 0.677705
vt 0.234269 0.656322
vt 0.238624 0.648550
vt 0.244807 0.627592
vt 0.070596 0.563910
vt 0.083880 0.581591
vt 0.064016 0.558106
vt 0.605985 0.964924
vt 0.604577 0.964925
vt 0.604576 0.957333
vt 0.605984 0.957333
vt 0.620514 0.778704
vt 0.621921 0.778704
vt 0.621922 0.786295
vt 0.620515 0.786295
vt 0.621923 0.793887
vt 0.620516 0.793887
vt 0.600009 0.948642
vt 0.601416 0.948642
vt 0.601416 0.956234
vt 0.600008 0.956234
vt 0.601416 0.963825
vt 0.600008 0.963825
vt 0.615371 0.949182
vt 0.616778 0.949182
vt 0.616779 0.956773
vt 0.615372 0.956773
vt 0.616780 0.964365
vt 0.615372 0.964365
vt 0.604575 0.949741
vt 0.605983 0.949741
vt 0.596912 0.862490
vt 0.598319 0.862490
vt 0.598319 0.870081
vt 0.596912 0.870081
vt 0.599724 0.877612
vt 0.598319 0.877612
vt 0.598319 0.870033
vt 0.599724 0.870033
vt 0.598319 0.862454
vt 0.599724 0.862454
vt 0.622395 0.877611
vt 0.620990 0.877611
vt 0.620990 0.870032
vt 0.622395 0.870032
vt 0.620990 0.862453
vt 0.622395 0.862453
vt 0.603852 0.794037
vt 0.602447 0.794037
vt 0.602447 0.786459
vt 0.603852 0.786458
vt 0.602447 0.778880
vt 0.603852 0.778880
vt 0.598319 0.877673
vt 0.596912 0.877673
vt 0.599734 0.862454
vt 0.601139 0.862454
vt 0.601139 0.870033
vt 0.599734 0.870033
vt 0.605264 0.794037
vt 0.603859 0.794037
vt 0.603859 0.786458
vt 0.605264 0.786458
vt 0.603859 0.778880
vt 0.605264 0.778880
vt 0.612488 0.877612
vt 0.611083 0.877612
vt 0.611083 0.870033
vt 0.612488 0.870033
vt 0.611083 0.862454
vt 0.612488 0.862454
vt 0.623809 0.877611
vt 0.622404 0.877611
vt 0.622404 0.870032
vt 0.623809 0.870032
vt 0.622404 0.862453
vt 0.623809 0.862453
vt 0.601139 0.877612
vt 0.599734 0.877612
vt 0.622554 0.778547
vt 0.623962 0.778547
vt 0.623962 0.786138
vt 0.622555 0.786139
vt 0.610366 0.964184
vt 0.608958 0.964185
vt 0.608957 0.956593
vt 0.610364 0.956593
vt 0.608955 0.949001
vt 0.610363 0.949001
vt 0.614683 0.964241
vt 0.613275 0.964240
vt 0.613276 0.956649
vt 0.614683 0.956649
vt 0.613276 0.949057
vt 0.614683 0.949057
vt 0.601417 0.710499
vt 0.600010 0.710499
vt 0.600009 0.702908
vt 0.601416 0.702907
vt 0.600008 0.695316
vt 0.601415 0.695316
vt 0.623963 0.793730
vt 0.622556 0.793730
vt 0.612272 0.793432
vt 0.610865 0.793432
vt 0.610866 0.785841
vt 0.612273 0.785841
vt 0.604038 0.696018
vt 0.605446 0.696018
vt 0.605446 0.703610
vt 0.604038 0.703610
vt 0.605446 0.711201
vt 0.604038 0.711201
vt 0.602060 0.695443
vt 0.603468 0.695443
vt 0.603467 0.703035
vt 0.602060 0.703035
vt 0.603467 0.710626
vt 0.602060 0.710626
vt 0.617543 0.949244
vt 0.618951 0.949232
vt 0.619018 0.956823
vt 0.617611 0.956835
vt 0.619086 0.964414
vt 0.617679 0.964427
vt 0.610867 0.778249
vt 0.612274 0.778249
vt 0.602554 0.877612
vt 0.601149 0.877612
vt 0.601149 0.870033
vt 0.602554 0.870033
vt 0.616728 0.877611
vt 0.615323 0.877611
vt 0.615323 0.870032
vt 0.616728 0.870032
vt 0.615323 0.862454
vt 0.616728 0.862454
vt 0.613901 0.877611
vt 0.612496 0.877611
vt 0.612496 0.870033
vt 0.613901 0.870033
vt 0.612496 0.862454
vt 0.613901 0.862454
vt 0.602561 0.862454
vt 0.603966 0.862454
vt 0.603966 0.870033
vt 0.602561 0.870033
vt 0.603966 0.877612
vt 0.602561 0.877612
vt 0.601149 0.862454
vt 0.602554 0.862454
vt 0.615311 0.877612
vt 0.613906 0.877612
vt 0.613906 0.870033
vt 0.615311 0.870033
vt 0.618149 0.877612
vt 0.616744 0.877612
vt 0.616744 0.870033
vt 0.618149 0.870033
vt 0.616744 0.862454
vt 0.618149 0.862454
vt 0.619567 0.877611
vt 0.618162 0.877611
vt 0.618162 0.870033
vt 0.619567 0.870033
vt 0.618162 0.862454
vt 0.619567 0.862454
vt 0.620981 0.877611
vt 0.619575 0.877611
vt 0.619575 0.870033
vt 0.620981 0.870033
vt 0.619575 0.862454
vt 0.620981 0.862454
vt 0.613906 0.862454
vt 0.615311 0.862454
vt 0.606230 0.696168
vt 0.607638 0.696168
vt 0.607636 0.703760
vt 0.606229 0.703760
vt 0.614178 0.793336
vt 0.612771 0.793336
vt 0.612770 0.785744
vt 0.614178 0.785744
vt 0.612770 0.778153
vt 0.614178 0.778153
vt 0.610290 0.793612
vt 0.608883 0.793612
vt 0.608883 0.786021
vt 0.610290 0.786021
vt 0.608882 0.778429
vt 0.610289 0.778429
vt 0.620026 0.793865
vt 0.618618 0.793866
vt 0.618617 0.786274
vt 0.620024 0.786274
vt 0.618616 0.778682
vt 0.620023 0.778682
vt 0.607635 0.711352
vt 0.606228 0.711351
vt 0.619799 0.957103
vt 0.621206 0.957095
vt 0.621248 0.964687
vt 0.619841 0.964695
vt 0.619757 0.949512
vt 0.621165 0.949504
vt 0.611098 0.948930
vt 0.612506 0.948931
vt 0.612505 0.956522
vt 0.611098 0.956522
vt 0.612505 0.964114
vt 0.611098 0.964114
vt 0.597885 0.695808
vt 0.599292 0.695808
vt 0.599295 0.703399
vt 0.597888 0.703400
vt 0.599298 0.710991
vt 0.597890 0.710991
vt 0.616518 0.778456
vt 0.617925 0.778456
vt 0.617924 0.786048
vt 0.616517 0.786047
vt 0.617924 0.793639
vt 0.616516 0.793639
vt 0.598207 0.786459
vt 0.599612 0.786459
vt 0.599612 0.794037
vt 0.598207 0.794037
vt 0.598207 0.778880
vt 0.599612 0.778880
vt 0.601026 0.794038
vt 0.599621 0.794038
vt 0.599621 0.786459
vt 0.601026 0.786459
vt 0.599621 0.778880
vt 0.601026 0.778880
vt 0.605378 0.877612
vt 0.603973 0.877612
vt 0.603973 0.870033
vt 0.605378 0.870033
vt 0.603973 0.862454
vt 0.605378 0.862454
vt 0.606800 0.877612
vt 0.605395 0.877612
vt 0.605395 0.870033
vt 0.606800 0.870033
vt 0.605395 0.862454
vt 0.606800 0.862454
vt 0.606819 0.870033
vt 0.608224 0.870033
vt 0.608224 0.877612
vt 0.606819 0.877612
vt 0.606819 0.862454
vt 0.608224 0.862454
vt 0.602440 0.794038
vt 0.601035 0.794038
vt 0.601035 0.786459
vt 0.602440 0.786459
vt 0.601035 0.778880
vt 0.602440 0.778880
vt 0.609642 0.877612
vt 0.608237 0.877612
vt 0.608237 0.870033
vt 0.609642 0.870033
vt 0.608237 0.862454
vt 0.609642 0.862454
vt 0.611065 0.877612
vt 0.609660 0.877612
vt 0.609660 0.870033
vt 0.611065 0.870033
vt 0.609660 0.862454
vt 0.611065 0.862454
vt 0.622056 0.957445
vt 0.623464 0.957445
vt 0.623463 0.965037
vt 0.622056 0.965037
vt 0.622057 0.949854
vt 0.623464 0.949854
vt 0.616068 0.793455
vt 0.614661 0.793455
vt 0.614661 0.785863
vt 0.616068 0.785863
vt 0.614660 0.778272
vt 0.616068 0.778272
vt 0.608111 0.964348
vt 0.606704 0.964348
vt 0.606703 0.956757
vt 0.608111 0.956757
vt 0.606703 0.949165
vt 0.608111 0.949165
vt 0.603807 0.964671
vt 0.602400 0.964671
vt 0.602400 0.957080
vt 0.603808 0.957080
vt 0.602401 0.949488
vt 0.603808 0.949488
vt 0.317846 0.545772
vt 0.313132 0.554425
vt 0.308104 0.563054
vt 0.276780 0.641448
vt 0.282336 0.633131
vt 0.271542 0.649810
vt 0.075872 0.542664
vt 0.083746 0.548844
vt 0.067935 0.536809
vt 0.005576 0.580424
vt 0.006722 0.570645
vt 0.008170 0.560787
vt 0.373294 0.534133
vt 0.383102 0.535004
vt 0.392996 0.536174
vt 0.117647 0.555041
vt 0.117854 0.545194
vt 0.118357 0.535214
vt 0.402775 0.637277
vt 0.408091 0.628812
vt 0.397776 0.645782
vt 0.255799 0.658249
vt 0.250683 0.666710
vt 0.245231 0.675111
vt 0.180576 0.585551
vt 0.171677 0.590056
vt 0.189234 0.580839
vt 0.175829 0.663235
vt 0.171279 0.654313
vt 0.180598 0.671896
vt 0.216265 0.600147
vt 0.226267 0.600668
vt 0.206380 0.599946
vt 0.413012 0.603342
vt 0.407056 0.611386
vt 0.418642 0.595244
vt 0.310030 0.708247
vt 0.300076 0.707541
vt 0.319872 0.708635
vt 0.184306 0.510832
vt 0.192722 0.516307
vt 0.175834 0.505692
vt 0.477373 0.639735
vt 0.482047 0.648571
vt 0.472508 0.631154
vt 0.539179 0.603031
vt 0.548877 0.600583
vt 0.529687 0.605726
vt 0.268878 0.765365
vt 0.268569 0.773698
vt 0.219790 0.773699
vt 0.219463 0.765230
vt 0.219462 0.782066
vt 0.268888 0.782132
vt 0.106400 0.750882
vt 0.106090 0.759214
vt 0.057311 0.759207
vt 0.056985 0.750738
vt 0.106407 0.767649
vt 0.056981 0.767574
vt 0.431696 0.837370
vt 0.431386 0.845702
vt 0.382607 0.845698
vt 0.382281 0.837229
vt 0.431704 0.854137
vt 0.382278 0.854065
vt 0.377689 0.856528
vt 0.377435 0.864862
vt 0.328657 0.865182
vt 0.328274 0.856715
vt 0.377808 0.873295
vt 0.328383 0.873551
vt 0.274220 0.935631
vt 0.273939 0.927196
vt 0.298646 0.927365
vt 0.298609 0.935766
vt 0.273864 0.943959
vt 0.298572 0.944167
vt 0.490885 0.949315
vt 0.491195 0.940981
vt 0.539982 0.940996
vt 0.540307 0.949465
vt 0.490881 0.932545
vt 0.540313 0.932629
vt 0.004204 0.961924
vt 0.004510 0.953615
vt 0.053147 0.953617
vt 0.053473 0.962060
vt 0.004194 0.945206
vt 0.053475 0.945276
vt 0.108106 0.929064
vt 0.107799 0.937398
vt 0.059012 0.937396
vt 0.058685 0.928927
vt 0.108116 0.945833
vt 0.058683 0.945763
vt 0.376368 0.766485
vt 0.376060 0.774819
vt 0.327279 0.774815
vt 0.326952 0.766347
vt 0.326949 0.783180
vt 0.376376 0.783256
vt 0.220018 0.871076
vt 0.220326 0.862742
vt 0.269106 0.862744
vt 0.269433 0.871212
vt 0.220009 0.854305
vt 0.269436 0.854379
vt 0.165633 0.855015
vt 0.165856 0.846678
vt 0.214634 0.846183
vt 0.215048 0.854647
vt 0.165453 0.838245
vt 0.214879 0.837815
vt 0.052722 0.764298
vt 0.052413 0.772632
vt 0.003633 0.772622
vt 0.003307 0.764154
vt 0.052729 0.781068
vt 0.003301 0.780987
vt 0.275887 0.489784
vt 0.285876 0.489885
vt 0.266028 0.489999
vt 0.065543 0.616813
vt 0.056201 0.620473
vt 0.074638 0.612888
vt 0.351343 0.646064
vt 0.355714 0.655064
vt 0.346742 0.637325
vt 0.591421 0.656433
vt 0.588632 0.666042
vt 0.593863 0.646864
vt 0.322006 0.747531
vt 0.321698 0.755863
vt 0.272918 0.755866
vt 0.272591 0.747397
vt 0.272590 0.764233
vt 0.322016 0.764298
vt 0.593969 0.855608
vt 0.593658 0.863941
vt 0.544879 0.863931
vt 0.544554 0.855461
vt 0.544549 0.872297
vt 0.593975 0.872375
vt 0.112120 0.872087
vt 0.112430 0.863755
vt 0.161209 0.863760
vt 0.161535 0.872230
vt 0.161538 0.855394
vt 0.112112 0.855320
vt 0.544707 0.781224
vt 0.545061 0.772881
vt 0.593837 0.773256
vt 0.594121 0.781715
vt 0.594190 0.764911
vt 0.544776 0.764424
vt 0.053897 0.855104
vt 0.053590 0.863438
vt 0.004803 0.863442
vt 0.004475 0.854974
vt 0.004476 0.871809
vt 0.053909 0.871873
vt 0.593499 0.946162
vt 0.593191 0.954496
vt 0.544404 0.954489
vt 0.544078 0.946020
vt 0.544074 0.962856
vt 0.593507 0.962932
vt 0.166294 0.945133
vt 0.166652 0.936806
vt 0.191041 0.936946
vt 0.191001 0.945347
vt 0.166373 0.928370
vt 0.191079 0.928544
vt 0.437240 0.961596
vt 0.437592 0.953251
vt 0.486375 0.953623
vt 0.486660 0.962081
vt 0.486727 0.945279
vt 0.437308 0.944793
vt 0.538399 0.752303
vt 0.538091 0.760638
vt 0.489311 0.760635
vt 0.488983 0.752167
vt 0.488980 0.769000
vt 0.538408 0.769074
vt 0.111454 0.783153
vt 0.111762 0.774819
vt 0.160542 0.774822
vt 0.160870 0.783289
vt 0.160872 0.766456
vt 0.111445 0.766383
vt 0.436565 0.871973
vt 0.436874 0.863639
vt 0.485654 0.863645
vt 0.485981 0.872113
vt 0.485985 0.855280
vt 0.436558 0.855203
vt 0.380688 0.762947
vt 0.381037 0.754602
vt 0.429813 0.754957
vt 0.430101 0.763414
vt 0.430163 0.746614
vt 0.380750 0.746144
vt 0.342781 0.604078
vt 0.338603 0.595097
vt 0.238479 0.554432
vt 0.233513 0.545739
vt 0.243633 0.562860
vt 0.519083 0.674890
vt 0.512168 0.667694
vt 0.526126 0.681776
vt 0.437946 0.703110
vt 0.427957 0.702739
vt 0.447810 0.703187
vt 0.164847 0.765342
vt 0.165176 0.756975
vt 0.213955 0.756983
vt 0.214273 0.765418
vt 0.540242 0.841820
vt 0.539931 0.850153
vt 0.491152 0.850142
vt 0.490827 0.841673
vt 0.540248 0.858588
vt 0.490822 0.858509
vt 0.110137 0.693319
vt 0.110490 0.684976
vt 0.159265 0.685344
vt 0.159550 0.693803
vt 0.159617 0.676999
vt 0.110203 0.676519
vt 0.058324 0.856778
vt 0.058689 0.848436
vt 0.107465 0.848881
vt 0.107736 0.857340
vt 0.058417 0.839978
vt 0.107830 0.840537
vt 0.431673 0.928161
vt 0.431344 0.936527
vt 0.382557 0.936529
vt 0.382240 0.928093
vt 0.220409 0.961218
vt 0.220658 0.952882
vt 0.269444 0.952544
vt 0.269830 0.961010
vt 0.220282 0.944448
vt 0.269715 0.944175
vt 0.328413 0.962767
vt 0.328770 0.954439
vt 0.353158 0.954573
vt 0.353121 0.962974
vt 0.328488 0.946004
vt 0.353194 0.946172
vt 0.112746 0.961717
vt 0.113097 0.953373
vt 0.161880 0.953737
vt 0.162166 0.962195
vt 0.112811 0.944915
vt 0.162231 0.945393
vt 0.484536 0.765422
vt 0.484206 0.773787
vt 0.435426 0.773785
vt 0.435109 0.765349
vt 0.323741 0.837362
vt 0.323431 0.845696
vt 0.274651 0.845682
vt 0.274325 0.837215
vt 0.323746 0.854133
vt 0.274319 0.854048
vt 0.105355 0.660844
vt 0.105005 0.669188
vt 0.056230 0.668832
vt 0.055941 0.660375
vt 0.055879 0.677174
vt 0.105292 0.677647
vt 0.002137 0.690726
vt 0.002487 0.682382
vt 0.051262 0.682738
vt 0.051551 0.691195
vt 0.002200 0.673923
vt 0.051614 0.674395
vt 0.435118 0.782120
vt 0.484534 0.782255
vt 0.382250 0.944863
vt 0.431672 0.944996
vt 0.214266 0.748650
vt 0.164851 0.748506
vt 0.334682 0.585861
vt 0.378746 0.864859
vt 0.379247 0.873375
vt 0.529152 0.604399
vt 0.538851 0.601781
vt 0.548695 0.599170
vt 0.379127 0.856429
vt 0.309950 0.709535
vt 0.299809 0.708941
vt 0.270316 0.765275
vt 0.269880 0.773702
vt 0.319966 0.710062
vt 0.270326 0.782221
vt 0.185000 0.509743
vt 0.193638 0.515216
vt 0.107838 0.750793
vt 0.107401 0.759219
vt 0.176442 0.504398
vt 0.107845 0.767738
vt 0.478511 0.639122
vt 0.483377 0.648061
vt 0.433134 0.837280
vt 0.432697 0.845707
vt 0.473671 0.630322
vt 0.433143 0.854226
vt 0.109110 0.937402
vt 0.109554 0.945924
vt 0.326943 0.873633
vt 0.327345 0.865185
vt 0.326833 0.856651
vt 0.109545 0.928973
vt 0.218479 0.773694
vt 0.218022 0.765157
vt 0.322998 0.935900
vt 0.323352 0.927533
vt 0.324791 0.927449
vt 0.324309 0.935911
vt 0.218021 0.782139
vt 0.323279 0.944376
vt 0.324720 0.944457
vt 0.055999 0.759201
vt 0.055544 0.750664
vt 0.489447 0.949405
vt 0.489884 0.940975
vt 0.055541 0.767647
vt 0.489442 0.932454
vt 0.381296 0.845693
vt 0.380840 0.837156
vt 0.002770 0.962014
vt 0.003203 0.953611
vt 0.380838 0.854138
vt 0.002760 0.945115
vt 0.053724 0.772637
vt 0.054167 0.781159
vt 0.057242 0.945836
vt 0.057700 0.937391
vt 0.057244 0.928854
vt 0.054161 0.764208
vt 0.272909 0.935621
vt 0.272499 0.927117
vt 0.377806 0.766394
vt 0.377371 0.774824
vt 0.272425 0.944041
vt 0.377814 0.783346
vt 0.541294 0.941002
vt 0.541748 0.949539
vt 0.218579 0.871167
vt 0.219014 0.862737
vt 0.541754 0.932557
vt 0.218570 0.854214
vt 0.054455 0.953623
vt 0.054910 0.962133
vt 0.164196 0.855120
vt 0.164545 0.846687
vt 0.054911 0.945203
vt 0.164014 0.838170
vt 0.314253 0.555066
vt 0.309241 0.563912
vt 0.001861 0.781059
vt 0.002321 0.772616
vt 0.001866 0.764082
vt 0.319167 0.546320
vt 0.325968 0.774809
vt 0.325511 0.766275
vt 0.068651 0.535572
vt 0.076657 0.541638
vt 0.325509 0.783252
vt 0.084749 0.547832
vt 0.270417 0.862749
vt 0.270874 0.871284
vt 0.257093 0.658854
vt 0.251773 0.667403
vt 0.270877 0.854307
vt 0.246322 0.676025
vt 0.215945 0.846175
vt 0.216489 0.854704
vt 0.373277 0.532703
vt 0.383249 0.533720
vt 0.216318 0.837728
vt 0.393337 0.534792
vt 0.543750 0.772871
vt 0.543336 0.764344
vt 0.595278 0.647071
vt 0.592663 0.656782
vt 0.589944 0.666598
vt 0.543268 0.781305
vt 0.275890 0.488494
vt 0.286059 0.488471
vt 0.323444 0.747441
vt 0.323009 0.755868
vt 0.265849 0.488581
vt 0.323455 0.764387
vt 0.066024 0.618010
vt 0.056558 0.621853
vt 0.595407 0.855519
vt 0.594969 0.863946
vt 0.075338 0.614133
vt 0.595414 0.872465
vt 0.352499 0.645490
vt 0.357061 0.654597
vt 0.110682 0.872177
vt 0.111119 0.863750
vt 0.347931 0.636531
vt 0.110674 0.855230
vt 0.436281 0.953241
vt 0.435867 0.944712
vt 0.595629 0.764829
vt 0.595149 0.773267
vt 0.595561 0.781796
vt 0.435801 0.961678
vt 0.271607 0.755861
vt 0.271150 0.747324
vt 0.055335 0.855013
vt 0.054901 0.863442
vt 0.271150 0.764306
vt 0.055347 0.871964
vt 0.543568 0.863925
vt 0.543113 0.855388
vt 0.594938 0.946072
vt 0.594502 0.954501
vt 0.543109 0.872370
vt 0.594945 0.963023
vt 0.162520 0.863766
vt 0.162975 0.872303
vt 0.164855 0.945215
vt 0.165341 0.936795
vt 0.162979 0.855321
vt 0.164933 0.928291
vt 0.379726 0.754592
vt 0.379310 0.746063
vt 0.488166 0.945196
vt 0.487687 0.953633
vt 0.488100 0.962162
vt 0.379249 0.763030
vt 0.003492 0.863437
vt 0.003035 0.854900
vt 0.539837 0.752213
vt 0.539402 0.760643
vt 0.003035 0.871882
vt 0.539846 0.769165
vt 0.543092 0.954483
vt 0.542637 0.945947
vt 0.110016 0.783244
vt 0.110451 0.774814
vt 0.542634 0.962929
vt 0.110007 0.766292
vt 0.215709 0.945561
vt 0.215429 0.937086
vt 0.216740 0.937096
vt 0.217149 0.945643
vt 0.435127 0.872064
vt 0.435563 0.863634
vt 0.215786 0.928718
vt 0.217225 0.928635
vt 0.435119 0.855112
vt 0.401676 0.636599
vt 0.406984 0.627915
vt 0.431602 0.746532
vt 0.431124 0.754967
vt 0.431542 0.763493
vt 0.396474 0.645190
vt 0.487999 0.760629
vt 0.487542 0.752095
vt 0.419898 0.595924
vt 0.414060 0.604097
vt 0.487540 0.769072
vt 0.408095 0.612360
vt 0.161854 0.774827
vt 0.162310 0.783362
vt 0.206257 0.598523
vt 0.216321 0.598856
vt 0.162313 0.766385
vt 0.226513 0.599266
vt 0.486965 0.863651
vt 0.487422 0.872185
vt 0.190039 0.582021
vt 0.181162 0.586702
vt 0.487425 0.855208
vt 0.172156 0.591397
vt 0.341556 0.604813
vt 0.337420 0.595612
vt 0.215267 0.756988
vt 0.215711 0.765507
vt 0.215704 0.748562
vt 0.333312 0.586257
vt 0.237363 0.555082
vt 0.232200 0.546291
vt 0.541681 0.841731
vt 0.541242 0.850158
vt 0.242498 0.563730
vt 0.541687 0.858677
vt 0.518160 0.675793
vt 0.511032 0.668555
vt 0.108698 0.693400
vt 0.109178 0.684966
vt 0.525240 0.682897
vt 0.108763 0.676439
vt 0.437908 0.704401
vt 0.427733 0.704146
vt 0.056885 0.856857
vt 0.057378 0.848423
vt 0.447949 0.704610
vt 0.056977 0.839895
vt 0.380812 0.944954
vt 0.381246 0.936524
vt 0.163865 0.756969
vt 0.163410 0.748432
vt 0.163406 0.765415
vt 0.380801 0.928003
vt 0.489841 0.850136
vt 0.489387 0.841599
vt 0.218971 0.961318
vt 0.219347 0.952886
vt 0.489381 0.858581
vt 0.218843 0.944368
vt 0.160576 0.685354
vt 0.160990 0.693884
vt 0.326974 0.962849
vt 0.327458 0.954429
vt 0.161056 0.676917
vt 0.327048 0.945924
vt 0.108776 0.848893
vt 0.109176 0.857423
vt 0.111308 0.961800
vt 0.111786 0.953363
vt 0.109269 0.840456
vt 0.111371 0.944833
vt 0.433680 0.782210
vt 0.434115 0.773781
vt 0.432656 0.936533
vt 0.433113 0.945070
vt 0.433113 0.928087
vt 0.433670 0.765259
vt 0.270756 0.952540
vt 0.271271 0.961073
vt 0.325180 0.837272
vt 0.324742 0.845701
vt 0.271155 0.944092
vt 0.325184 0.854223
vt 0.377829 0.963182
vt 0.377547 0.954707
vt 0.378858 0.954717
vt 0.379269 0.963264
vt 0.106794 0.660761
vt 0.106316 0.669198
vt 0.377901 0.946339
vt 0.379340 0.946256
vt 0.106732 0.677728
vt 0.163191 0.953747
vt 0.163607 0.962276
vt 0.000698 0.690809
vt 0.001176 0.682372
vt 0.163670 0.945310
vt 0.000760 0.673842
vt 0.179427 0.672714
vt 0.174683 0.663832
vt 0.485517 0.773793
vt 0.485975 0.782327
vt 0.485977 0.765350
vt 0.169942 0.654800
vt 0.273340 0.845676
vt 0.272885 0.837142
vt 0.004146 0.580401
vt 0.005443 0.570462
vt 0.272878 0.854119
vt 0.006797 0.560408
vt 0.054918 0.668822
vt 0.054501 0.660295
vt 0.270256 0.649184
vt 0.275699 0.640740
vt 0.054440 0.677256
vt 0.281254 0.632205
vt 0.052574 0.682748
vt 0.052991 0.691275
vt 0.116224 0.555168
vt 0.116563 0.545145
vt 0.053052 0.674314
vt 0.116952 0.534979
vt 0.545650 0.803929
vt 0.545768 0.802728
vt 0.593086 0.802650
vt 0.593210 0.803870
vt 0.545672 0.801518
vt 0.593179 0.801431
vt 0.438203 0.984301
vt 0.438321 0.983101
vt 0.485629 0.983017
vt 0.485753 0.984237
vt 0.438225 0.981892
vt 0.485722 0.981797
vt 0.381656 0.785646
vt 0.381775 0.784447
vt 0.429091 0.784354
vt 0.429215 0.785575
vt 0.381678 0.783238
vt 0.429184 0.783133
vt 0.430620 0.814683
vt 0.430509 0.815885
vt 0.383195 0.816275
vt 0.383063 0.815056
vt 0.430612 0.817094
vt 0.383108 0.817495
vt 0.005294 0.984540
vt 0.005406 0.983343
vt 0.052565 0.982950
vt 0.052696 0.984166
vt 0.005302 0.982139
vt 0.052651 0.981733
vt 0.166957 0.877684
vt 0.167057 0.876482
vt 0.214364 0.875612
vt 0.214507 0.876832
vt 0.166941 0.875276
vt 0.214437 0.874390
vt 0.537334 0.789421
vt 0.537231 0.790634
vt 0.489925 0.789878
vt 0.489840 0.788661
vt 0.537344 0.791850
vt 0.489796 0.791083
vt 0.052839 0.892225
vt 0.052735 0.893438
vt 0.005439 0.892683
vt 0.005352 0.891467
vt 0.052849 0.894654
vt 0.005309 0.893887
vt 0.320963 0.784647
vt 0.320860 0.785861
vt 0.273553 0.785107
vt 0.273467 0.783892
vt 0.320973 0.787079
vt 0.273423 0.786311
vt 0.051653 0.801415
vt 0.051549 0.802628
vt 0.004243 0.801865
vt 0.004158 0.800649
vt 0.051662 0.803844
vt 0.004113 0.803070
vt 0.107044 0.966185
vt 0.106940 0.967398
vt 0.059644 0.966637
vt 0.059557 0.965421
vt 0.107053 0.968615
vt 0.059513 0.967841
vt 0.376887 0.893650
vt 0.376792 0.894865
vt 0.329482 0.894419
vt 0.329387 0.893204
vt 0.376913 0.896082
vt 0.329359 0.895623
vt 0.059234 0.879485
vt 0.059354 0.878284
vt 0.106672 0.878273
vt 0.106794 0.879494
vt 0.059260 0.877073
vt 0.106767 0.877054
vt 0.113713 0.984422
vt 0.113831 0.983222
vt 0.161138 0.983131
vt 0.161263 0.984351
vt 0.113734 0.982013
vt 0.161232 0.981911
vt 0.003105 0.713426
vt 0.003224 0.712226
vt 0.050540 0.712135
vt 0.050664 0.713356
vt 0.003127 0.711018
vt 0.050633 0.710914
vt 0.105326 0.728195
vt 0.105214 0.729397
vt 0.057900 0.729784
vt 0.057769 0.728564
vt 0.105317 0.730606
vt 0.057813 0.731004
vt 0.491973 0.972001
vt 0.492086 0.970800
vt 0.539390 0.970419
vt 0.539521 0.971639
vt 0.491982 0.969592
vt 0.539477 0.969198
vt 0.221111 0.893757
vt 0.221223 0.892557
vt 0.268536 0.892169
vt 0.268667 0.893390
vt 0.221119 0.891349
vt 0.268622 0.890948
vt 0.436181 0.745003
vt 0.436285 0.743789
vt 0.483591 0.744544
vt 0.483676 0.745760
vt 0.436171 0.742573
vt 0.483720 0.743339
vt 0.383310 0.907742
vt 0.383414 0.906528
vt 0.430711 0.907287
vt 0.430797 0.908502
vt 0.383301 0.905312
vt 0.430841 0.906082
vt 0.213215 0.785767
vt 0.213111 0.786981
vt 0.165805 0.786217
vt 0.165719 0.785002
vt 0.213224 0.788198
vt 0.165675 0.787421
vt 0.166318 0.817889
vt 0.166409 0.816675
vt 0.213721 0.816947
vt 0.213818 0.818163
vt 0.166284 0.815460
vt 0.213837 0.815741
vt 0.005263 0.924917
vt 0.005367 0.923707
vt 0.052518 0.924466
vt 0.052604 0.925678
vt 0.005254 0.922494
vt 0.052648 0.923266
vt 0.430648 0.874486
vt 0.430545 0.875700
vt 0.383238 0.874940
vt 0.383152 0.873725
vt 0.430657 0.876918
vt 0.383108 0.876143
vt 0.267800 0.742679
vt 0.267689 0.743880
vt 0.220374 0.744276
vt 0.220243 0.743056
vt 0.267792 0.745090
vt 0.220288 0.745496
vt 0.274972 0.906360
vt 0.274851 0.905150
vt 0.298628 0.904933
vt 0.298627 0.906143
vt 0.274877 0.907570
vt 0.298627 0.907358
vt 0.375275 0.743804
vt 0.375163 0.745004
vt 0.327850 0.745390
vt 0.327719 0.744169
vt 0.375267 0.746212
vt 0.327764 0.746611
vt 0.592896 0.832922
vt 0.592785 0.834123
vt 0.545470 0.834508
vt 0.545339 0.833288
vt 0.592888 0.835332
vt 0.545383 0.835728
vt 0.592408 0.923476
vt 0.592296 0.924677
vt 0.544991 0.925066
vt 0.544860 0.923846
vt 0.592399 0.925885
vt 0.544905 0.926287
vt 0.112546 0.805834
vt 0.112659 0.804634
vt 0.159972 0.804247
vt 0.160103 0.805468
vt 0.112555 0.803426
vt 0.160058 0.803026
vt 0.221082 0.833958
vt 0.221186 0.832745
vt 0.268491 0.833501
vt 0.268577 0.834718
vt 0.221072 0.831529
vt 0.268621 0.832296
vt 0.491958 0.912194
vt 0.492063 0.910980
vt 0.539359 0.911755
vt 0.539445 0.912970
vt 0.491949 0.909764
vt 0.539489 0.910551
vt 0.105349 0.787998
vt 0.105246 0.789212
vt 0.057939 0.788449
vt 0.057854 0.787233
vt 0.105358 0.790430
vt 0.057809 0.789652
vt 0.437632 0.834856
vt 0.437736 0.833643
vt 0.485041 0.834402
vt 0.485126 0.835618
vt 0.437622 0.832427
vt 0.485171 0.833197
vt 0.167315 0.908744
vt 0.167410 0.907535
vt 0.191066 0.907323
vt 0.191066 0.908538
vt 0.167290 0.906324
vt 0.191067 0.906113
vt 0.113170 0.834971
vt 0.113273 0.833757
vt 0.160579 0.834519
vt 0.160665 0.835734
vt 0.113160 0.832539
vt 0.160709 0.833315
vt 0.376463 0.833849
vt 0.376359 0.835051
vt 0.329048 0.835756
vt 0.328909 0.834537
vt 0.376470 0.836260
vt 0.328970 0.836976
vt 0.107012 0.906378
vt 0.106900 0.907578
vt 0.059596 0.907973
vt 0.059464 0.906753
vt 0.107004 0.908786
vt 0.059509 0.909194
vt 0.051633 0.741617
vt 0.051521 0.742817
vt 0.004207 0.743196
vt 0.004077 0.741975
vt 0.051625 0.744025
vt 0.004121 0.744418
vt 0.539170 0.819134
vt 0.539058 0.820335
vt 0.491744 0.820719
vt 0.491613 0.819499
vt 0.539161 0.821545
vt 0.491657 0.821939
vt 0.221661 0.983895
vt 0.221764 0.982694
vt 0.269065 0.981970
vt 0.269205 0.983189
vt 0.221652 0.981487
vt 0.269143 0.980749
vt 0.322654 0.814681
vt 0.322542 0.815881
vt 0.275228 0.816257
vt 0.275097 0.815036
vt 0.322645 0.817089
vt 0.275142 0.817479
vt 0.375303 0.803602
vt 0.375199 0.804815
vt 0.327893 0.804058
vt 0.327808 0.802841
vt 0.375312 0.806031
vt 0.327764 0.805263
vt 0.274935 0.965445
vt 0.274839 0.964236
vt 0.298586 0.964174
vt 0.298587 0.965388
vt 0.274815 0.966644
vt 0.298590 0.966598
vt 0.267834 0.802481
vt 0.267731 0.803696
vt 0.220424 0.802941
vt 0.220338 0.801725
vt 0.267844 0.804913
vt 0.220294 0.804144
vt 0.104358 0.697364
vt 0.104265 0.698583
vt 0.056947 0.698678
vt 0.056851 0.697468
vt 0.104389 0.699803
vt 0.056829 0.699879
vt 0.329425 0.926378
vt 0.329520 0.925168
vt 0.353176 0.924950
vt 0.353176 0.926165
vt 0.329399 0.923957
vt 0.353177 0.923740
vt 0.111127 0.656800
vt 0.111220 0.655579
vt 0.158536 0.655499
vt 0.158633 0.656708
vt 0.111096 0.654358
vt 0.158655 0.654300
vt 0.111083 0.716024
vt 0.111201 0.714823
vt 0.158518 0.714738
vt 0.158643 0.715958
vt 0.111105 0.713612
vt 0.158612 0.713519
vt 0.329365 0.985452
vt 0.329485 0.984252
vt 0.353137 0.984195
vt 0.353139 0.985405
vt 0.329388 0.983044
vt 0.353136 0.982981
vt 0.104388 0.638144
vt 0.104269 0.639344
vt 0.056953 0.639435
vt 0.056829 0.638214
vt 0.104366 0.640553
vt 0.056860 0.640656
vt 0.113195 0.894774
vt 0.113306 0.893572
vt 0.160620 0.893184
vt 0.160752 0.894403
vt 0.113203 0.892363
vt 0.160707 0.891963
vt 0.167240 0.967819
vt 0.167360 0.966619
vt 0.191012 0.966568
vt 0.191014 0.967778
vt 0.167264 0.965411
vt 0.191011 0.965353
vt 0.437656 0.894654
vt 0.437768 0.893454
vt 0.485082 0.893071
vt 0.485213 0.894292
vt 0.437665 0.892246
vt 0.485168 0.891849
vt 0.003134 0.654207
vt 0.003227 0.652987
vt 0.050545 0.652892
vt 0.050641 0.654102
vt 0.003102 0.651767
vt 0.050663 0.651690
vt 0.113746 0.925198
vt 0.113840 0.923979
vt 0.161147 0.923888
vt 0.161244 0.925097
vt 0.113715 0.922758
vt 0.161265 0.922688
vt 0.059372 0.820261
vt 0.059466 0.819040
vt 0.106783 0.819035
vt 0.106878 0.820244
vt 0.059345 0.817818
vt 0.106904 0.817836
vt 0.381683 0.726427
vt 0.381776 0.725208
vt 0.429094 0.725110
vt 0.429190 0.726321
vt 0.381652 0.723988
vt 0.429212 0.723909
vt 0.438246 0.925077
vt 0.438339 0.923857
vt 0.485646 0.923774
vt 0.485743 0.924983
vt 0.438215 0.922637
vt 0.485765 0.922574
vt 0.545702 0.744706
vt 0.545795 0.743485
vt 0.593111 0.743411
vt 0.593208 0.744620
vt 0.545672 0.742264
vt 0.593230 0.742212
vt 0.322669 0.874479
vt 0.322565 0.875692
vt 0.275259 0.874926
vt 0.275174 0.873709
vt 0.322678 0.876908
vt 0.275130 0.876131
vt 0.221213 0.924090
vt 0.221309 0.922876
vt 0.268609 0.923308
vt 0.268704 0.924523
vt 0.221187 0.921660
vt 0.268731 0.922103
vt 0.539189 0.878936
vt 0.539085 0.880151
vt 0.491779 0.879384
vt 0.491693 0.878169
vt 0.539198 0.881368
vt 0.491649 0.880587
vt 0.320927 0.724844
vt 0.320816 0.726046
vt 0.273501 0.726443
vt 0.273370 0.725224
vt 0.320919 0.727255
vt 0.273415 0.727664
vt 0.052799 0.832418
vt 0.052688 0.833618
vt 0.005384 0.834019
vt 0.005252 0.832799
vt 0.052792 0.834826
vt 0.005298 0.835240
vt 0.537306 0.729622
vt 0.537194 0.730823
vt 0.489880 0.731209
vt 0.489750 0.729988
vt 0.537298 0.732031
vt 0.489795 0.732431
vt 0.213192 0.725964
vt 0.213081 0.727166
vt 0.165766 0.727552
vt 0.165635 0.726332
vt 0.213184 0.728375
vt 0.165680 0.728772
vt 0.383346 0.967549
vt 0.383458 0.966349
vt 0.430762 0.965950
vt 0.430893 0.967170
vt 0.383354 0.965140
vt 0.430848 0.964730
vt 0.436211 0.804801
vt 0.436323 0.803601
vt 0.483637 0.803213
vt 0.483767 0.804434
vt 0.436220 0.802393
vt 0.483722 0.801991
vt 0.112518 0.746036
vt 0.112622 0.744823
vt 0.159928 0.745578
vt 0.160013 0.746795
vt 0.112508 0.743607
vt 0.160057 0.744373
vt 0.592432 0.983283
vt 0.592328 0.984497
vt 0.545032 0.983730
vt 0.544946 0.982514
vt 0.592441 0.985713
vt 0.544902 0.984934
vt 0.592916 0.892724
vt 0.592813 0.893938
vt 0.545507 0.893172
vt 0.545421 0.891957
vt 0.592925 0.895156
vt 0.545377 0.894376
vt 0.292297 0.581012
vt 0.291684 0.581755
vt 0.259976 0.581598
vt 0.259364 0.580856
vt 0.291464 0.582913
vt 0.260196 0.582742
vt 0.506120 0.616312
vt 0.507281 0.616409
vt 0.498619 0.646877
vt 0.497562 0.646354
vt 0.508160 0.616021
vt 0.499170 0.647667
vt 0.016228 0.538493
vt 0.016515 0.537576
vt 0.045857 0.525872
vt 0.046699 0.526332
vt 0.016281 0.536421
vt 0.045226 0.524892
vt 0.277006 0.701389
vt 0.276067 0.701173
vt 0.262074 0.672755
vt 0.262466 0.671879
vt 0.274933 0.701493
vt 0.261148 0.673462
vt 0.596509 0.621103
vt 0.595845 0.622060
vt 0.573776 0.599250
vt 0.574760 0.598599
vt 0.595742 0.623016
vt 0.572815 0.599330
vt 0.326786 0.521560
vt 0.325904 0.522319
vt 0.310236 0.494795
vt 0.311351 0.494407
vt 0.325565 0.523217
vt 0.309286 0.494635
vt 0.099401 0.567049
vt 0.100052 0.567760
vt 0.095522 0.599225
vt 0.094702 0.599731
vt 0.101168 0.568140
vt 0.096686 0.599162
vt 0.345552 0.705865
vt 0.344480 0.705413
vt 0.362175 0.679110
vt 0.363017 0.679938
vt 0.343525 0.705510
vt 0.361896 0.678186
vt 0.456636 0.610746
vt 0.456816 0.611897
vt 0.425136 0.610663
vt 0.425397 0.609512
vt 0.457401 0.612658
vt 0.424498 0.611385
vt 0.415508 0.543604
vt 0.416433 0.543864
vt 0.428955 0.572867
vt 0.428519 0.573721
vt 0.417581 0.543599
vt 0.429917 0.572209
vt 0.249333 0.606703
vt 0.250275 0.606907
vt 0.264666 0.635151
vt 0.264286 0.636034
vt 0.251406 0.606572
vt 0.265583 0.634432
vt 0.209913 0.533101
vt 0.210624 0.533756
vt 0.208787 0.565467
vt 0.208015 0.566038
vt 0.211771 0.534042
vt 0.209939 0.565309
vt 0.389297 0.627545
vt 0.388604 0.628216
vt 0.357025 0.624571
vt 0.356496 0.623766
vt 0.388256 0.629343
vt 0.357121 0.625733
vt 0.240525 0.494349
vt 0.241624 0.494733
vt 0.225552 0.522096
vt 0.224661 0.521321
vt 0.242572 0.494577
vt 0.225886 0.523001
vt 0.547040 0.696931
vt 0.546547 0.695878
vt 0.577309 0.688218
vt 0.577380 0.689396
vt 0.545774 0.695310
vt 0.577722 0.687345
vt 0.388039 0.669731
vt 0.388945 0.668999
vt 0.403717 0.697052
vt 0.402590 0.697402
vt 0.389312 0.668112
vt 0.404661 0.697243
vt 0.473419 0.699645
vt 0.472333 0.699226
vt 0.489241 0.672408
vt 0.490107 0.673208
vt 0.471381 0.699352
vt 0.488935 0.671494
vt 0.347497 0.535590
vt 0.348543 0.536097
vt 0.329476 0.561460
vt 0.328679 0.560587
vt 0.349501 0.536050
vt 0.329706 0.562399
vt 0.164973 0.631320
vt 0.164678 0.630401
vt 0.181944 0.603816
vt 0.182898 0.603704
vt 0.163822 0.629589
vt 0.180862 0.603382
vt 0.032608 0.624789
vt 0.031663 0.624992
vt 0.006845 0.605221
vt 0.006825 0.604262
vt 0.030768 0.625765
vt 0.006308 0.606252
vt 0.331440 0.616434
vt 0.331588 0.617589
vt 0.299921 0.615453
vt 0.300215 0.614310
vt 0.332152 0.618368
vt 0.299262 0.616156
vt 0.148800 0.596318
vt 0.147885 0.596613
vt 0.121425 0.579365
vt 0.121317 0.578412
vt 0.147074 0.597469
vt 0.120986 0.580443
vt 0.151908 0.495637
vt 0.152633 0.496552
vt 0.124365 0.511024
vt 0.124028 0.509895
vt 0.153519 0.496929
vt 0.124162 0.511966
vt 0.228472 0.692069
vt 0.227824 0.692783
vt 0.196168 0.691124
vt 0.195593 0.690353
vt 0.227548 0.693931
vt 0.196333 0.692277
vt 0.605987 0.984060
vt 0.604579 0.983764
vt 0.604395 0.986240
vt 0.605807 0.986530
vt 0.603111 0.998547
vt 0.601636 0.998237
vt 0.620512 0.759864
vt 0.621919 0.759569
vt 0.621926 0.813022
vt 0.620518 0.812727
vt 0.620334 0.815203
vt 0.621745 0.815492
vt 0.619049 0.827510
vt 0.617575 0.827199
vt 0.600009 0.929803
vt 0.601416 0.929507
vt 0.601415 0.982960
vt 0.600008 0.982665
vt 0.599823 0.985141
vt 0.601235 0.985431
vt 0.598537 0.997448
vt 0.597062 0.997137
vt 0.615369 0.930342
vt 0.616777 0.930047
vt 0.616782 0.983500
vt 0.615374 0.983204
vt 0.615190 0.985680
vt 0.616601 0.985970
vt 0.613905 0.997987
vt 0.612431 0.997677
vt 0.604573 0.930902
vt 0.605980 0.930606
vt 0.596912 0.843657
vt 0.598319 0.843657
vt 0.598319 0.841184
vt 0.596912 0.841184
vt 0.596912 0.828890
vt 0.598319 0.828890
vt 0.599724 0.896414
vt 0.598319 0.896414
vt 0.598319 0.843652
vt 0.599724 0.843652
vt 0.599724 0.841183
vt 0.598319 0.841184
vt 0.599724 0.828890
vt 0.622395 0.896412
vt 0.620990 0.896412
vt 0.620990 0.843652
vt 0.622395 0.843652
vt 0.622395 0.841183
vt 0.620990 0.841183
vt 0.620990 0.828890
vt 0.622395 0.828890
vt 0.603852 0.812838
vt 0.602447 0.812838
vt 0.602447 0.760078
vt 0.603852 0.760078
vt 0.603852 0.757610
vt 0.602447 0.757610
vt 0.602447 0.745317
vt 0.603852 0.745317
vt 0.598319 0.896506
vt 0.596912 0.896506
vt 0.599734 0.843652
vt 0.601139 0.843652
vt 0.601139 0.841184
vt 0.599734 0.841184
vt 0.599734 0.828890
vt 0.601139 0.828890
vt 0.605264 0.812838
vt 0.603859 0.812838
vt 0.603859 0.760079
vt 0.605264 0.760079
vt 0.605264 0.757610
vt 0.603859 0.757610
vt 0.603859 0.745317
vt 0.605264 0.745317
vt 0.612488 0.896413
vt 0.611083 0.896413
vt 0.611083 0.843652
vt 0.612488 0.843652
vt 0.612488 0.841183
vt 0.611083 0.841183
vt 0.611083 0.828890
vt 0.612488 0.828890
vt 0.623809 0.896412
vt 0.622404 0.896412
vt 0.622404 0.843652
vt 0.623809 0.843652
vt 0.623809 0.841183
vt 0.622404 0.841183
vt 0.622404 0.828890
vt 0.623809 0.828890
vt 0.601139 0.896414
vt 0.599734 0.896414
vt 0.622552 0.759707
vt 0.623960 0.759412
vt 0.623779 0.756942
vt 0.622367 0.757231
vt 0.619606 0.745236
vt 0.621080 0.744925
vt 0.610369 0.983320
vt 0.608962 0.983024
vt 0.608952 0.930162
vt 0.610359 0.929866
vt 0.610178 0.927396
vt 0.608767 0.927686
vt 0.606004 0.915690
vt 0.607478 0.915379
vt 0.614682 0.983376
vt 0.613275 0.983080
vt 0.613276 0.930217
vt 0.614684 0.929922
vt 0.614503 0.927452
vt 0.613092 0.927742
vt 0.610332 0.915745
vt 0.611806 0.915435
vt 0.601419 0.729634
vt 0.600012 0.729339
vt 0.600006 0.676476
vt 0.601413 0.676180
vt 0.601233 0.673710
vt 0.599821 0.674000
vt 0.597059 0.662004
vt 0.598534 0.661693
vt 0.623965 0.812865
vt 0.622557 0.812570
vt 0.612270 0.812568
vt 0.610863 0.812272
vt 0.610678 0.814748
vt 0.612089 0.815038
vt 0.609391 0.827055
vt 0.607916 0.826744
vt 0.604039 0.677179
vt 0.605446 0.676883
vt 0.605445 0.730336
vt 0.604038 0.730041
vt 0.603853 0.732517
vt 0.605265 0.732806
vt 0.602567 0.744823
vt 0.601092 0.744513
vt 0.602060 0.676603
vt 0.603468 0.676308
vt 0.603467 0.729761
vt 0.602059 0.729466
vt 0.601875 0.731942
vt 0.603286 0.732231
vt 0.600589 0.744248
vt 0.599114 0.743938
vt 0.617376 0.930405
vt 0.618780 0.930097
vt 0.619257 0.983549
vt 0.617846 0.983266
vt 0.617684 0.985743
vt 0.619098 0.986020
vt 0.616508 0.998061
vt 0.615030 0.997763
vt 0.610869 0.759409
vt 0.612276 0.759114
vt 0.602554 0.896413
vt 0.601149 0.896413
vt 0.601149 0.898882
vt 0.602554 0.898882
vt 0.602554 0.911272
vt 0.601149 0.911272
vt 0.616728 0.896413
vt 0.615323 0.896413
vt 0.615323 0.843652
vt 0.616728 0.843652
vt 0.616728 0.841183
vt 0.615323 0.841183
vt 0.615323 0.828890
vt 0.616728 0.828890
vt 0.613901 0.896413
vt 0.612496 0.896413
vt 0.612496 0.843652
vt 0.613901 0.843652
vt 0.613901 0.841183
vt 0.612496 0.841183
vt 0.612496 0.828890
vt 0.613901 0.828890
vt 0.602561 0.843652
vt 0.603966 0.843652
vt 0.603966 0.896414
vt 0.602561 0.896414
vt 0.602561 0.898883
vt 0.603966 0.898883
vt 0.603966 0.911272
vt 0.602561 0.911272
vt 0.601149 0.843652
vt 0.602554 0.843652
vt 0.615311 0.896413
vt 0.613906 0.896413
vt 0.613906 0.898882
vt 0.615311 0.898882
vt 0.615311 0.911272
vt 0.613906 0.911272
vt 0.618149 0.896413
vt 0.616744 0.896413
vt 0.616744 0.843652
vt 0.618149 0.843652
vt 0.618149 0.841183
vt 0.616744 0.841183
vt 0.616744 0.828890
vt 0.618149 0.828890
vt 0.619567 0.896413
vt 0.618162 0.896413
vt 0.618162 0.843652
vt 0.619567 0.843652
vt 0.619567 0.841183
vt 0.618162 0.841183
vt 0.618162 0.828890
vt 0.619567 0.828890
vt 0.620981 0.896413
vt 0.619575 0.896413
vt 0.619575 0.843652
vt 0.620981 0.843652
vt 0.620981 0.841183
vt 0.619575 0.841183
vt 0.619575 0.828890
vt 0.620981 0.828890
vt 0.613906 0.843652
vt 0.615311 0.843652
vt 0.606233 0.677328
vt 0.607641 0.677033
vt 0.607461 0.674563
vt 0.606049 0.674852
vt 0.603291 0.662856
vt 0.604765 0.662545
vt 0.614178 0.812471
vt 0.612771 0.812176
vt 0.612770 0.759313
vt 0.614177 0.759018
vt 0.613997 0.756547
vt 0.612585 0.756837
vt 0.609824 0.744841
vt 0.611299 0.744530
vt 0.610291 0.812747
vt 0.608884 0.812452
vt 0.608881 0.759589
vt 0.610288 0.759294
vt 0.610108 0.756824
vt 0.608696 0.757114
vt 0.605935 0.745118
vt 0.607409 0.744807
vt 0.620028 0.813001
vt 0.618620 0.812706
vt 0.618614 0.759842
vt 0.620021 0.759547
vt 0.619840 0.757077
vt 0.618429 0.757367
vt 0.615667 0.745371
vt 0.617141 0.745060
vt 0.607632 0.730487
vt 0.606224 0.730191
vt 0.621353 0.983822
vt 0.619944 0.983534
vt 0.619773 0.986011
vt 0.621186 0.986293
vt 0.618555 0.998324
vt 0.617079 0.998022
vt 0.611099 0.930091
vt 0.612506 0.929795
vt 0.612505 0.983249
vt 0.611097 0.982954
vt 0.610913 0.985430
vt 0.612324 0.985720
vt 0.609626 0.997737
vt 0.608152 0.997426
vt 0.597878 0.676969
vt 0.599285 0.676673
vt 0.599305 0.730126
vt 0.597897 0.729831
vt 0.597714 0.732307
vt 0.599125 0.732596
vt 0.596432 0.744614
vt 0.594957 0.744304
vt 0.616520 0.759616
vt 0.617927 0.759321
vt 0.617922 0.812774
vt 0.616515 0.812479
vt 0.616330 0.814955
vt 0.617742 0.815245
vt 0.615043 0.827262
vt 0.613568 0.826951
vt 0.598207 0.760079
vt 0.599612 0.760079
vt 0.599612 0.757610
vt 0.598207 0.757610
vt 0.598207 0.745317
vt 0.599612 0.745317
vt 0.601026 0.812839
vt 0.599621 0.812839
vt 0.599621 0.760079
vt 0.601026 0.760079
vt 0.601026 0.757610
vt 0.599621 0.757610
vt 0.599621 0.745317
vt 0.601026 0.745317
vt 0.605378 0.896413
vt 0.603973 0.896413
vt 0.603973 0.843652
vt 0.605378 0.843652
vt 0.605378 0.841183
vt 0.603973 0.841183
vt 0.603973 0.828890
vt 0.605378 0.828890
vt 0.606800 0.896414
vt 0.605395 0.896414
vt 0.605395 0.843652
vt 0.606800 0.843652
vt 0.606800 0.841184
vt 0.605395 0.841184
vt 0.605395 0.828890
vt 0.606800 0.828890
vt 0.606819 0.843652
vt 0.608224 0.843652
vt 0.608224 0.841183
vt 0.606819 0.841183
vt 0.606819 0.828890
vt 0.608224 0.828890
vt 0.602440 0.812839
vt 0.601035 0.812839
vt 0.601035 0.760079
vt 0.602440 0.760079
vt 0.602440 0.757610
vt 0.601035 0.757610
vt 0.601035 0.745317
vt 0.602440 0.745317
vt 0.609642 0.896414
vt 0.608237 0.896414
vt 0.608237 0.843652
vt 0.609642 0.843652
vt 0.609642 0.841183
vt 0.608237 0.841183
vt 0.608237 0.828890
vt 0.609642 0.828890
vt 0.611065 0.896414
vt 0.609660 0.896414
vt 0.609660 0.843652
vt 0.611065 0.843652
vt 0.611065 0.841184
vt 0.609660 0.841184
vt 0.609660 0.828890
vt 0.611065 0.828890
vt 0.622057 0.931014
vt 0.623465 0.930719
vt 0.623285 0.928249
vt 0.621873 0.928538
vt 0.619113 0.916542
vt 0.620588 0.916232
vt 0.616069 0.812590
vt 0.614662 0.812295
vt 0.614659 0.759432
vt 0.616067 0.759136
vt 0.615886 0.756666
vt 0.614475 0.756956
vt 0.611714 0.744960
vt 0.613188 0.744649
vt 0.608111 0.983484
vt 0.606704 0.983188
vt 0.606703 0.930326
vt 0.608111 0.930030
vt 0.607930 0.927560
vt 0.606519 0.927850
vt 0.603758 0.915854
vt 0.605233 0.915543
vt 0.603806 0.983806
vt 0.602399 0.983511
vt 0.602402 0.930648
vt 0.603809 0.930353
vt 0.603629 0.927883
vt 0.602217 0.928172
vt 0.599457 0.916176
vt 0.600931 0.915865
vt 0.623462 0.984172
vt 0.622055 0.983876
vt 0.608224 0.896414
vt 0.606819 0.896414
vt 0.599612 0.812839
vt 0.598207 0.812839
vt 0.619654 0.930672
vt 0.621060 0.930369
vt 0.612096 0.756644
vt 0.610685 0.756933
vt 0.607926 0.744937
vt 0.609400 0.744626
vt 0.602554 0.841184
vt 0.601149 0.841184
vt 0.601149 0.828890
vt 0.602554 0.828890
vt 0.615311 0.841183
vt 0.613906 0.841183
vt 0.613906 0.828890
vt 0.615311 0.828890
vt 0.606040 0.732667
vt 0.607451 0.732957
vt 0.604751 0.744973
vt 0.603277 0.744662
vt 0.616596 0.927577
vt 0.615184 0.927866
vt 0.612423 0.915870
vt 0.613897 0.915560
vt 0.602447 0.815307
vt 0.603852 0.815307
vt 0.603852 0.827699
vt 0.602447 0.827699
vt 0.622404 0.898881
vt 0.623809 0.898881
vt 0.623809 0.911272
vt 0.622404 0.911272
vt 0.599828 0.731815
vt 0.601239 0.732104
vt 0.598543 0.744122
vt 0.597068 0.743811
vt 0.617747 0.756850
vt 0.616335 0.757140
vt 0.613576 0.745144
vt 0.615050 0.744833
vt 0.605395 0.898883
vt 0.606800 0.898883
vt 0.606800 0.911272
vt 0.605395 0.911272
vt 0.609660 0.898882
vt 0.611065 0.898882
vt 0.611065 0.911272
vt 0.609660 0.911272
vt 0.602214 0.985987
vt 0.603626 0.986276
vt 0.600928 0.998293
vt 0.599453 0.997983
vt 0.601236 0.927037
vt 0.599825 0.927327
vt 0.597064 0.915330
vt 0.598539 0.915020
vt 0.620990 0.898881
vt 0.622395 0.898881
vt 0.622395 0.911272
vt 0.620990 0.911272
vt 0.611083 0.898882
vt 0.612488 0.898882
vt 0.612488 0.911272
vt 0.611083 0.911272
vt 0.613090 0.985556
vt 0.614502 0.985846
vt 0.611804 0.997863
vt 0.610329 0.997553
vt 0.621738 0.757098
vt 0.620327 0.757388
vt 0.617565 0.745392
vt 0.619039 0.745082
vt 0.598319 0.898883
vt 0.599724 0.898883
vt 0.599724 0.911272
vt 0.598319 0.911272
vt 0.603859 0.815307
vt 0.605264 0.815307
vt 0.605264 0.827699
vt 0.603859 0.827699
vt 0.608778 0.985500
vt 0.610189 0.985790
vt 0.607494 0.997807
vt 0.606020 0.997497
vt 0.603287 0.673838
vt 0.601876 0.674127
vt 0.599115 0.662131
vt 0.600590 0.661821
vt 0.612496 0.898882
vt 0.613901 0.898882
vt 0.613901 0.911272
vt 0.612496 0.911272
vt 0.618162 0.898882
vt 0.619567 0.898882
vt 0.619567 0.911272
vt 0.618162 0.911272
vt 0.608699 0.814928
vt 0.610111 0.815217
vt 0.607414 0.827235
vt 0.605940 0.826924
vt 0.605800 0.928136
vt 0.604388 0.928426
vt 0.601627 0.916430
vt 0.603101 0.916119
vt 0.596912 0.898979
vt 0.598319 0.898979
vt 0.598319 0.911272
vt 0.596912 0.911272
vt 0.599734 0.898883
vt 0.601139 0.898883
vt 0.601139 0.911272
vt 0.599734 0.911272
vt 0.622373 0.815046
vt 0.623784 0.815335
vt 0.621088 0.827353
vt 0.619614 0.827042
vt 0.612326 0.927325
vt 0.610914 0.927615
vt 0.608154 0.915618
vt 0.609628 0.915308
vt 0.599621 0.815308
vt 0.601026 0.815308
vt 0.601026 0.827699
vt 0.599621 0.827699
vt 0.601035 0.815308
vt 0.602440 0.815308
vt 0.602440 0.827699
vt 0.601035 0.827699
vt 0.614477 0.814771
vt 0.615889 0.815060
vt 0.613192 0.827078
vt 0.611717 0.826767
vt 0.599104 0.674203
vt 0.597693 0.674493
vt 0.594928 0.662498
vt 0.596402 0.662186
vt 0.603973 0.898882
vt 0.605378 0.898882
vt 0.605378 0.911272
vt 0.603973 0.911272
vt 0.608237 0.898883
vt 0.609642 0.898883
vt 0.609642 0.911272
vt 0.608237 0.911272
vt 0.606519 0.985664
vt 0.607931 0.985954
vt 0.605233 0.997971
vt 0.603759 0.997660
vt 0.618578 0.927629
vt 0.617169 0.927931
vt 0.614302 0.915960
vt 0.615773 0.915636
vt 0.603966 0.841183
vt 0.602561 0.841183
vt 0.602561 0.828890
vt 0.603966 0.828890
vt 0.619575 0.898882
vt 0.620981 0.898882
vt 0.620981 0.911272
vt 0.619575 0.911272
vt 0.618436 0.815181
vt 0.619848 0.815471
vt 0.617152 0.827488
vt 0.615677 0.827178
vt 0.605266 0.674413
vt 0.603854 0.674703
vt 0.601094 0.662706
vt 0.602569 0.662396
vt 0.615323 0.898881
vt 0.616728 0.898881
vt 0.616728 0.911272
vt 0.615323 0.911272
vt 0.616744 0.898882
vt 0.618149 0.898882
vt 0.618149 0.911272
vt 0.616744 0.911272
vt 0.612586 0.814652
vt 0.613998 0.814941
vt 0.611301 0.826959
vt 0.609826 0.826648
vt 0.620865 0.927900
vt 0.619456 0.928198
vt 0.616629 0.916217
vt 0.618102 0.915898
vt 0.598207 0.815307
vt 0.599612 0.815307
vt 0.599612 0.827699
vt 0.598207 0.827699
vt 0.606819 0.898882
vt 0.608224 0.898882
vt 0.608224 0.911272
vt 0.606819 0.911272
vt 0.621870 0.986352
vt 0.623282 0.986642
vt 0.620583 0.998659
vt 0.619109 0.998348
vt 0.227228 0.706887
vt 0.195394 0.705822
vt 0.219218 0.819015
vt 0.270703 0.818836
vt 0.490098 0.897250
vt 0.541597 0.897095
vt 0.107193 0.802949
vt 0.055703 0.803104
vt 0.117798 0.498546
vt 0.145897 0.483461
vt 0.001125 0.639250
vt 0.052613 0.638233
vt 0.111738 0.910241
vt 0.163240 0.909235
vt 0.057409 0.805292
vt 0.108902 0.804389
vt 0.501249 0.679814
vt 0.484774 0.707074
vt 0.381015 0.802548
vt 0.432496 0.801217
vt 0.054740 0.996635
vt 0.003404 0.997962
vt 0.216665 0.889324
vt 0.165197 0.891161
vt 0.318125 0.553057
vt 0.336812 0.527237
vt 0.163588 0.713824
vt 0.215069 0.712498
vt 0.432945 0.979678
vt 0.381451 0.981012
vt 0.485797 0.816947
vt 0.434313 0.818260
vt 0.429318 0.538117
vt 0.442469 0.567038
vt 0.164301 0.802966
vt 0.215783 0.802260
vt 0.003405 0.910019
vt 0.054746 0.909851
vt 0.432493 0.889436
vt 0.381003 0.889596
vt 0.425546 0.596560
vt 0.457392 0.597198
vt 0.379674 0.711470
vt 0.431162 0.710452
vt 0.436240 0.910119
vt 0.487742 0.909121
vt 0.543717 0.729740
vt 0.595209 0.728762
vt 0.583822 0.589343
vt 0.606417 0.611831
vt 0.326778 0.822043
vt 0.378249 0.820371
vt 0.057414 0.894246
vt 0.108908 0.892915
vt 0.002049 0.729462
vt 0.053533 0.728158
vt 0.322431 0.487695
vt 0.338693 0.515056
vt 0.271320 0.712716
vt 0.322800 0.711378
vt 0.003200 0.820292
vt 0.054694 0.818955
vt 0.487720 0.717475
vt 0.539204 0.716164
vt 0.140310 0.608521
vt 0.113375 0.591679
vt 0.435769 0.819913
vt 0.487254 0.819737
vt 0.165248 0.892861
vt 0.191013 0.893129
vt 0.111325 0.820020
vt 0.162815 0.819863
vt 0.300737 0.601368
vt 0.332578 0.602912
vt 0.106367 0.712320
vt 0.054878 0.713336
vt 0.327355 0.910495
vt 0.353120 0.910757
vt 0.109140 0.641835
vt 0.160632 0.640850
vt 0.580838 0.701885
vt 0.550079 0.710151
vt 0.595183 0.816388
vt 0.543694 0.817386
vt 0.487729 0.996755
vt 0.436227 0.997754
vt 0.431175 0.798097
vt 0.379683 0.799096
vt 0.391299 0.703748
vt 0.375928 0.675850
vt 0.108749 0.892015
vt 0.057259 0.892938
vt 0.163240 0.996868
vt 0.111739 0.997875
vt 0.052623 0.725879
vt 0.001132 0.726876
vt 0.263477 0.707538
vt 0.248875 0.679253
vt 0.218193 0.730548
vt 0.269674 0.729212
vt 0.272807 0.891687
vt 0.298572 0.891950
vt 0.325690 0.731655
vt 0.377174 0.730345
vt 0.011131 0.524535
vt 0.040410 0.512200
vt 0.324529 0.889423
vt 0.273044 0.889591
vt 0.219245 0.909160
vt 0.270742 0.908633
vt 0.541032 0.893887
vt 0.489542 0.894040
vt 0.291764 0.595859
vt 0.259911 0.596312
vt 0.053515 0.816358
vt 0.002029 0.816530
vt 0.108908 0.981128
vt 0.057409 0.981297
vt 0.378831 0.908589
vt 0.327343 0.909089
vt 0.485009 0.643162
vt 0.493131 0.612384
vt 0.160617 0.728476
vt 0.109129 0.729481
vt 0.353134 0.998391
vt 0.327383 0.998901
vt 0.054870 0.625691
vt 0.106361 0.624694
vt 0.224726 0.534467
vt 0.223464 0.566340
vt 0.055721 0.716056
vt 0.107203 0.714729
vt 0.541568 0.984147
vt 0.490074 0.985463
vt 0.270697 0.905904
vt 0.219213 0.907216
vt 0.262787 0.600371
vt 0.277782 0.628472
vt 0.110654 0.731093
vt 0.162139 0.730913
vt 0.594295 0.998227
vt 0.542796 0.998390
vt 0.594760 0.907675
vt 0.543270 0.907828
vt 0.114032 0.569629
vt 0.110093 0.601300
vt 0.377166 0.818545
vt 0.325681 0.818723
vt 0.298584 0.979584
vt 0.272833 0.980094
vt 0.269681 0.817432
vt 0.218191 0.817597
vt 0.373954 0.686888
vt 0.356667 0.713639
vt 0.162799 0.906911
vt 0.111319 0.908240
vt 0.191005 0.980764
vt 0.165255 0.981267
vt 0.487242 0.906805
vt 0.435758 0.908113
vt 0.022945 0.636103
vt -0.002341 0.616698
vt 0.543292 0.820780
vt 0.594773 0.819456
vt 0.542811 0.911338
vt 0.594305 0.910013
vt 0.162133 0.817982
vt 0.110649 0.819293
vt 0.152762 0.622833
vt 0.169602 0.595797
vt 0.434316 0.730059
vt 0.485802 0.729879
vt 0.381445 0.892798
vt 0.432945 0.892626
vt 0.215059 0.800717
vt 0.163569 0.800873
vt 0.387128 0.642243
vt 0.355359 0.639194
vt 0.539198 0.804364
vt 0.487713 0.804543
vt 0.054705 0.907168
vt 0.003206 0.907344
vt 0.322810 0.799598
vt 0.271320 0.799764
vt 0.213321 0.515056
vt 0.228949 0.487275
vt 0.489566 0.806991
vt 0.541047 0.805668
vt 0.271342 0.995682
vt 0.219859 0.997371
vt 0.273070 0.802522
vt 0.324555 0.801222
vt 0.509042 0.614662
vt 0.377753 0.892968
vt 0.493703 0.611017
vt 0.505680 0.615303
vt 0.377803 0.896565
vt 0.380246 0.908187
vt 0.377347 0.836929
vt 0.571381 0.598559
vt 0.379671 0.820746
vt 0.377349 0.833296
vt 0.574637 0.597525
vt 0.582665 0.588418
vt 0.268664 0.745764
vt 0.278127 0.702563
vt 0.342263 0.706529
vt 0.268705 0.801804
vt 0.355697 0.714760
vt 0.345655 0.706961
vt 0.268731 0.805402
vt 0.271098 0.817040
vt 0.271094 0.729597
vt 0.268689 0.742131
vt 0.274722 0.702553
vt 0.264295 0.708773
vt 0.106190 0.731281
vt 0.209506 0.531523
vt 0.155122 0.496650
vt 0.106220 0.787321
vt 0.147287 0.482946
vt 0.152344 0.494627
vt 0.106246 0.790919
vt 0.108610 0.802557
vt 0.108622 0.715114
vt 0.106216 0.727648
vt 0.212479 0.533226
vt 0.224626 0.532989
vt 0.431484 0.817769
vt 0.489345 0.669921
vt 0.458931 0.613197
vt 0.431519 0.873809
vt 0.458855 0.597433
vt 0.457513 0.610081
vt 0.431545 0.877407
vt 0.433910 0.889044
vt 0.433915 0.801602
vt 0.431510 0.814136
vt 0.491121 0.672834
vt 0.501875 0.678471
vt 0.328525 0.892540
vt 0.107908 0.965499
vt 0.325867 0.908654
vt 0.328430 0.896147
vt 0.107975 0.969087
vt 0.110386 0.980700
vt 0.107870 0.909470
vt 0.328119 0.837654
vt 0.110388 0.893337
vt 0.107936 0.905846
vt 0.327977 0.834085
vt 0.325310 0.822504
vt 0.322378 0.907145
vt 0.323239 0.907836
vt 0.219432 0.746168
vt 0.219480 0.801055
vt 0.322334 0.964111
vt 0.323194 0.963444
vt 0.216717 0.817151
vt 0.219362 0.804662
vt 0.324334 0.979074
vt 0.322364 0.966552
vt 0.323290 0.967017
vt 0.325808 0.978632
vt 0.322405 0.904716
vt 0.324337 0.892212
vt 0.325814 0.892645
vt 0.323331 0.904248
vt 0.219313 0.742598
vt 0.216722 0.731000
vt 0.491116 0.968908
vt 0.056958 0.731676
vt 0.056996 0.786563
vt 0.491094 0.912879
vt 0.054229 0.802659
vt 0.056877 0.790170
vt 0.491028 0.909292
vt 0.488620 0.897678
vt 0.488593 0.985041
vt 0.491049 0.972532
vt 0.056840 0.728105
vt 0.054250 0.716507
vt 0.004439 0.981457
vt 0.382252 0.818168
vt 0.382294 0.873055
vt 0.004402 0.925601
vt 0.379529 0.889151
vt 0.382176 0.876661
vt 0.004335 0.922024
vt 0.001931 0.910446
vt 0.001928 0.997541
vt 0.004373 0.985070
vt 0.382134 0.814597
vt 0.379544 0.802999
vt 0.058699 0.964752
vt 0.052517 0.800729
vt 0.055935 0.980852
vt 0.058581 0.968359
vt 0.052584 0.804316
vt 0.054993 0.815931
vt 0.052490 0.744709
vt 0.058653 0.909866
vt 0.055014 0.728581
vt 0.052558 0.741086
vt 0.058535 0.906295
vt 0.055943 0.894698
vt 0.376133 0.746896
vt 0.274017 0.908236
vt 0.273977 0.963547
vt 0.376167 0.802916
vt 0.271355 0.979662
vt 0.273888 0.967170
vt 0.376234 0.806503
vt 0.378644 0.818117
vt 0.378654 0.730767
vt 0.376200 0.743272
vt 0.273921 0.904629
vt 0.271331 0.892130
vt 0.220253 0.890665
vt 0.540333 0.968526
vt 0.540303 0.913640
vt 0.220218 0.834644
vt 0.543071 0.897541
vt 0.540422 0.910033
vt 0.220150 0.831057
vt 0.217740 0.819443
vt 0.217732 0.906794
vt 0.220186 0.894288
vt 0.540450 0.972097
vt 0.543039 0.983695
vt 0.166069 0.874601
vt 0.053504 0.981063
vt 0.053459 0.926346
vt 0.165461 0.818584
vt 0.056215 0.910295
vt 0.053577 0.922750
vt 0.165357 0.814997
vt 0.162828 0.803409
vt 0.163712 0.890754
vt 0.166038 0.878224
vt 0.053622 0.984623
vt 0.056206 0.996185
vt 0.003293 0.799988
vt 0.293849 0.580527
vt 0.000616 0.816123
vt 0.003216 0.803605
vt 0.292318 0.583574
vt 0.293234 0.595678
vt 0.325917 0.524797
vt 0.003258 0.745081
vt 0.339266 0.516422
vt 0.327814 0.521954
vt 0.003182 0.741499
vt 0.000638 0.729876
vt 0.048305 0.526183
vt 0.326901 0.747274
vt 0.326943 0.802181
vt 0.099131 0.565438
vt 0.324267 0.818316
vt 0.326866 0.805798
vt 0.101940 0.567384
vt 0.114054 0.568148
vt 0.041841 0.511818
vt 0.045756 0.523926
vt 0.326825 0.743693
vt 0.324279 0.732070
vt 0.264582 0.637630
vt 0.269485 0.890285
vt 0.269442 0.835378
vt 0.230050 0.691675
vt 0.272116 0.819243
vt 0.269518 0.831761
vt 0.228371 0.694633
vt 0.228705 0.706777
vt 0.278292 0.629864
vt 0.266592 0.634872
vt 0.269562 0.893866
vt 0.272107 0.905489
vt 0.350816 0.535096
vt 0.215294 0.873718
vt 0.214690 0.818815
vt 0.414463 0.542369
vt 0.217200 0.802653
vt 0.214730 0.815197
vt 0.417844 0.542549
vt 0.428563 0.536843
vt 0.337840 0.526170
vt 0.347452 0.534490
vt 0.215407 0.877299
vt 0.218071 0.888895
vt 0.596475 0.624466
vt 0.544835 0.745363
vt 0.607312 0.613012
vt 0.597602 0.621229
vt 0.544780 0.741782
vt 0.542304 0.730146
vt 0.544804 0.800838
vt 0.579106 0.686495
vt 0.542276 0.816992
vt 0.544757 0.804472
vt 0.578370 0.689829
vt 0.582220 0.701350
vt 0.321791 0.727930
vt 0.308097 0.493531
vt 0.243772 0.493482
vt 0.321834 0.783970
vt 0.229849 0.486097
vt 0.240355 0.493262
vt 0.321860 0.787568
vt 0.324227 0.799205
vt 0.324220 0.711762
vt 0.321816 0.724297
vt 0.311499 0.493336
vt 0.321543 0.486510
vt 0.593760 0.836007
vt 0.034127 0.625370
vt 0.094001 0.601201
vt 0.593787 0.892048
vt 0.109709 0.602732
vt 0.097258 0.600102
vt 0.593813 0.895645
vt 0.596177 0.907283
vt 0.596193 0.819840
vt 0.593786 0.832374
vt 0.031026 0.626814
vt 0.024209 0.636875
vt 0.112331 0.891688
vt 0.362353 0.676628
vt 0.333668 0.618953
vt 0.112299 0.835648
vt 0.334033 0.603188
vt 0.332335 0.615795
vt 0.112273 0.832050
vt 0.109908 0.820412
vt 0.109899 0.907855
vt 0.112305 0.895321
vt 0.364042 0.679595
vt 0.374621 0.685565
vt 0.594069 0.745310
vt 0.437386 0.925744
vt 0.596687 0.729193
vt 0.594158 0.741686
vt 0.437289 0.922173
vt 0.434766 0.910562
vt 0.437363 0.981202
vt 0.594039 0.800765
vt 0.434749 0.997323
vt 0.437275 0.984827
vt 0.594136 0.804334
vt 0.596657 0.815946
vt 0.053658 0.835510
vt 0.272559 0.728336
vt 0.272609 0.783222
vt 0.053703 0.891539
vt 0.269846 0.799319
vt 0.272491 0.786829
vt 0.053771 0.895126
vt 0.056183 0.906739
vt 0.056175 0.819376
vt 0.053724 0.831886
vt 0.272441 0.724765
vt 0.269849 0.713168
vt 0.593265 0.926569
vt 0.544528 0.836400
vt 0.544563 0.891287
vt 0.593297 0.982597
vt 0.541796 0.907382
vt 0.544444 0.894893
vt 0.593363 0.986185
vt 0.595773 0.997799
vt 0.595786 0.910435
vt 0.593332 0.922945
vt 0.544410 0.832829
vt 0.541821 0.821231
vt 0.166403 0.964721
vt 0.161563 0.891291
vt 0.161523 0.836404
vt 0.166455 0.909410
vt 0.164289 0.820309
vt 0.161642 0.832798
vt 0.166360 0.905804
vt 0.163773 0.893303
vt 0.163777 0.980836
vt 0.166312 0.968344
vt 0.161681 0.894862
vt 0.164271 0.906460
vt 0.486605 0.925672
vt 0.380824 0.727094
vt 0.489220 0.909552
vt 0.486693 0.922048
vt 0.380725 0.723524
vt 0.378200 0.711913
vt 0.380816 0.782549
vt 0.486582 0.981130
vt 0.378205 0.798666
vt 0.380729 0.786173
vt 0.486679 0.984701
vt 0.489202 0.996312
vt 0.538163 0.732714
vt 0.004442 0.835912
vt 0.004494 0.890798
vt 0.538199 0.788735
vt 0.001732 0.906898
vt 0.004376 0.894405
vt 0.538266 0.792322
vt 0.540677 0.803936
vt 0.540685 0.716586
vt 0.538231 0.729091
vt 0.004323 0.832341
vt 0.001729 0.820744
vt 0.111689 0.802742
vt 0.544049 0.926959
vt 0.544088 0.981844
vt 0.111654 0.746722
vt 0.541322 0.997944
vt 0.543969 0.985452
vt 0.111586 0.743135
vt 0.109176 0.731521
vt 0.109168 0.818871
vt 0.111622 0.806365
vt 0.543931 0.923387
vt 0.541340 0.911790
vt 0.436799 0.891563
vt 0.214759 0.965296
vt 0.215619 0.964629
vt 0.214816 0.908331
vt 0.215677 0.909022
vt 0.436768 0.835542
vt 0.214844 0.905901
vt 0.216779 0.893398
vt 0.218255 0.893831
vt 0.215770 0.905434
vt 0.436700 0.831955
vt 0.434290 0.820341
vt 0.434277 0.907691
vt 0.436732 0.895186
vt 0.216755 0.980260
vt 0.214788 0.967738
vt 0.215714 0.968202
vt 0.218230 0.979818
vt 0.430059 0.727000
vt 0.422931 0.611817
vt 0.432580 0.710845
vt 0.430104 0.723366
vt 0.424565 0.608822
vt 0.424071 0.596690
vt 0.389013 0.666518
vt 0.430050 0.782475
vt 0.375399 0.674466
vt 0.387024 0.669304
vt 0.430107 0.786056
vt 0.432588 0.797691
vt 0.428714 0.575323
vt 0.488932 0.733094
vt 0.488975 0.788001
vt 0.390900 0.627230
vt 0.486300 0.804136
vt 0.488898 0.791618
vt 0.389033 0.630093
vt 0.388610 0.642224
vt 0.442892 0.568458
vt 0.430898 0.572712
vt 0.488855 0.729512
vt 0.486309 0.717890
vt 0.184132 0.602650
vt 0.160921 0.802363
vt 0.160878 0.747456
vt 0.248203 0.605533
vt 0.163553 0.731320
vt 0.160955 0.743839
vt 0.251603 0.605508
vt 0.261953 0.599146
vt 0.170552 0.594659
vt 0.180739 0.602288
vt 0.160998 0.805944
vt 0.163543 0.817567
vt 0.207446 0.567563
vt 0.486031 0.891186
vt 0.485991 0.836279
vt 0.150353 0.596770
vt 0.488667 0.820144
vt 0.486068 0.832662
vt 0.147433 0.598490
vt 0.141643 0.609167
vt 0.223199 0.567798
vt 0.210586 0.566199
vt 0.486107 0.894768
vt 0.488652 0.906390
vt 0.355007 0.623106
vt 0.214086 0.785090
vt 0.353918 0.638851
vt 0.356197 0.626330
vt 0.214111 0.788688
vt 0.216476 0.800325
vt 0.214056 0.729050
vt 0.329168 0.563934
vt 0.216489 0.712883
vt 0.214082 0.725417
vt 0.327637 0.560875
vt 0.317389 0.554343
vt 0.540034 0.822219
vt 0.225528 0.524589
vt 0.257817 0.580369
vt 0.540060 0.878260
vt 0.258441 0.596128
vt 0.259343 0.583437
vt 0.540085 0.881857
vt 0.542449 0.893495
vt 0.542467 0.806053
vt 0.540059 0.818586
vt 0.223660 0.521726
vt 0.212737 0.516417
vt 0.110236 0.712933
vt 0.499216 0.649289
vt 0.544155 0.695220
vt 0.110260 0.657458
vt 0.548608 0.710333
vt 0.546383 0.697814
vt 0.110204 0.653877
vt 0.107727 0.642241
vt 0.107711 0.729088
vt 0.110190 0.716567
vt 0.496695 0.647000
vt 0.484788 0.644627
vt 0.058393 0.876392
vt 0.405819 0.698385
vt 0.470149 0.700408
vt 0.058504 0.820917
vt 0.483839 0.708224
vt 0.473557 0.700737
vt 0.058454 0.817336
vt 0.055995 0.805696
vt 0.055842 0.892543
vt 0.058341 0.880026
vt 0.402408 0.698467
vt 0.392149 0.704961
vt 0.164861 0.784332
vt 0.382446 0.908428
vt 0.162095 0.800427
vt 0.164742 0.787938
vt 0.382379 0.904840
vt 0.379967 0.893227
vt 0.382488 0.964457
vt 0.164824 0.729444
vt 0.379971 0.980590
vt 0.382422 0.968081
vt 0.164706 0.725874
vt 0.162117 0.714275
vt 0.220782 0.980809
vt 0.490801 0.822611
vt 0.490835 0.877499
vt 0.220354 0.924782
vt 0.488068 0.893594
vt 0.490716 0.881105
vt 0.220261 0.921195
vt 0.217770 0.909598
vt 0.218375 0.996959
vt 0.220740 0.984433
vt 0.490683 0.819040
vt 0.488095 0.807442
vt 0.328527 0.982355
vt 0.159472 0.712852
vt 0.159494 0.657398
vt 0.328565 0.927043
vt 0.162110 0.641281
vt 0.159583 0.653774
vt 0.328470 0.923437
vt 0.325880 0.910937
vt 0.325905 0.998470
vt 0.328437 0.985977
vt 0.159569 0.716422
vt 0.162091 0.728033
vt 0.112872 0.981324
vt 0.107628 0.876389
vt 0.107738 0.820935
vt 0.112887 0.925865
vt 0.110379 0.804822
vt 0.107832 0.817311
vt 0.112789 0.922295
vt 0.110264 0.910684
vt 0.110260 0.997445
vt 0.112785 0.984949
vt 0.107720 0.879959
vt 0.110224 0.891574
vt 0.431655 0.909172
vt 0.435317 0.745689
vt 0.434419 0.893072
vt 0.431773 0.905565
vt 0.435249 0.742101
vt 0.432838 0.730487
vt 0.435354 0.801709
vt 0.431704 0.964058
vt 0.432833 0.817838
vt 0.435287 0.805332
vt 0.431823 0.967629
vt 0.434416 0.979226
vt 0.323510 0.817773
vt 0.269994 0.980071
vt 0.269566 0.925187
vt 0.323533 0.873793
vt 0.272218 0.909068
vt 0.269659 0.921579
vt 0.323600 0.877380
vt 0.326008 0.888995
vt 0.326035 0.801645
vt 0.323579 0.814150
vt 0.270137 0.983641
vt 0.272810 0.995220
vt 0.105227 0.641242
vt 0.376884 0.982918
vt 0.377744 0.982251
vt 0.376926 0.925952
vt 0.377787 0.926643
vt 0.105218 0.696696
vt 0.376954 0.923523
vt 0.378885 0.911019
vt 0.380362 0.911451
vt 0.377879 0.923054
vt 0.105316 0.700267
vt 0.107841 0.711877
vt 0.107839 0.625125
vt 0.105315 0.637618
vt 0.378884 0.997881
vt 0.376913 0.985359
vt 0.377840 0.985823
vt 0.380358 0.997438
vt 0.002265 0.710329
vt 0.162091 0.981244
vt 0.162105 0.925786
vt 0.002274 0.654873
vt 0.164718 0.909665
vt 0.162193 0.922162
vt 0.002176 0.651304
vt -0.000349 0.639693
vt -0.000346 0.726446
vt 0.002178 0.713952
vt 0.162189 0.984815
vt 0.164714 0.996425
vt 0.484541 0.746421
vt 0.164525 0.632883
vt 0.487215 0.730286
vt 0.484618 0.742804
vt 0.162803 0.629951
vt 0.152118 0.624168
vt 0.194064 0.689812
vt 0.484585 0.801328
vt 0.193933 0.705568
vt 0.195446 0.692931
vt 0.484662 0.804910
vt 0.487208 0.816532
vt 0.005908 0.602920
vt 0.274279 0.818141
vt 0.274309 0.873048
vt 0.014965 0.539503
vt 0.271631 0.889183
vt 0.274232 0.876665
vt 0.015239 0.536128
vt 0.009836 0.525254
vt -0.003379 0.615641
vt 0.005208 0.606266
vt 0.274203 0.814559
vt 0.271660 0.802936
vt 0.262210 0.670279
vt 0.055994 0.641313
vt 0.055983 0.696788
vt 0.297680 0.616545
vt 0.053461 0.712943
vt 0.055937 0.700422
vt 0.299404 0.613596
vt 0.299258 0.601456
vt 0.248383 0.677855
vt 0.260145 0.673008
vt 0.055937 0.637732
vt 0.053457 0.626098
vt 0.120269 0.577186
vt 0.051499 0.710256
vt 0.051509 0.654782
vt 0.123003 0.513114
vt 0.054031 0.638626
vt 0.051555 0.651148
vt 0.122965 0.509703
vt 0.116577 0.499385
vt 0.112239 0.590728
vt 0.119891 0.580564
vt 0.051556 0.713837
vt 0.054036 0.725472
vt 0.544726 0.802682
vt 0.437268 0.983030
vt 0.380721 0.784376
vt 0.431551 0.815924
vt 0.004355 0.983279
vt 0.166002 0.876428
vt 0.488883 0.789826
vt 0.004385 0.892606
vt 0.272500 0.785030
vt 0.003201 0.801813
vt 0.058590 0.966559
vt 0.328428 0.894348
vt 0.058312 0.878236
vt 0.112777 0.983151
vt 0.002170 0.712155
vt 0.106257 0.729437
vt 0.491032 0.970735
vt 0.220169 0.892492
vt 0.484633 0.744596
vt 0.431764 0.907364
vt 0.164752 0.786139
vt 0.214763 0.816989
vt 0.053568 0.924544
vt 0.382185 0.874862
vt 0.268731 0.743920
vt 0.322283 0.905926
vt 0.323337 0.906005
vt 0.376217 0.745069
vt 0.593827 0.834163
vt 0.593350 0.924741
vt 0.111605 0.804569
vt 0.269533 0.833553
vt 0.540412 0.911832
vt 0.056886 0.788371
vt 0.486083 0.834454
vt 0.214721 0.907112
vt 0.215776 0.907190
vt 0.161632 0.834597
vt 0.377402 0.835084
vt 0.107954 0.907643
vt 0.052575 0.742882
vt 0.540101 0.820375
vt 0.220710 0.982637
vt 0.323596 0.815946
vt 0.326851 0.804006
vt 0.273881 0.965373
vt 0.219371 0.802863
vt 0.055905 0.698632
vt 0.376831 0.924733
vt 0.377885 0.924811
vt 0.159590 0.655571
vt 0.110159 0.714777
vt 0.328431 0.984181
vt 0.105323 0.639415
vt 0.112264 0.893532
vt 0.166306 0.966547
vt 0.436714 0.893389
vt 0.051587 0.652937
vt 0.162200 0.923959
vt 0.107836 0.819108
vt 0.430136 0.725156
vt 0.486700 0.923845
vt 0.594165 0.743483
vt 0.274217 0.874873
vt 0.269663 0.923378
vt 0.490726 0.879306
vt 0.321858 0.726086
vt 0.053742 0.833683
vt 0.538248 0.730888
vt 0.214123 0.727206
vt 0.382404 0.966284
vt 0.435269 0.803536
vt 0.160970 0.745631
vt 0.543979 0.983652
vt 0.544454 0.893095
vt 0.258782 0.581910
vt 0.507300 0.615175
vt 0.046841 0.525130
vt 0.261262 0.671827
vt 0.596903 0.622697
vt 0.326770 0.523197
vt 0.095666 0.600452
vt 0.344077 0.706580
vt 0.458020 0.611625
vt 0.429725 0.573830
vt 0.265495 0.636068
vt 0.209034 0.566678
vt 0.355803 0.624749
vt 0.241955 0.493544
vt 0.545467 0.696474
vt 0.388108 0.668093
vt 0.471966 0.700404
vt 0.349007 0.534953
vt 0.182323 0.602641
vt 0.005714 0.604724
vt 0.332800 0.617353
vt 0.120251 0.578986
vt 0.153550 0.495725
vt 0.194960 0.691383
vt 0.605969 0.985310
vt 0.604561 0.985018
vt 0.377834 0.894816
vt 0.604555 0.929648
vt 0.605963 0.929356
vt 0.573164 0.598175
vt 0.620493 0.758611
vt 0.621901 0.758318
vt 0.276319 0.702383
vt 0.621908 0.814272
vt 0.620500 0.813980
vt 0.268774 0.803653
vt 0.599991 0.928549
vt 0.601399 0.928257
vt 0.211001 0.532579
vt 0.601397 0.984211
vt 0.599989 0.983918
vt 0.106289 0.789170
vt 0.615351 0.929089
vt 0.616759 0.928797
vt 0.490140 0.671559
vt 0.616764 0.984750
vt 0.615356 0.984458
vt 0.431587 0.875657
vt 0.596912 0.842420
vt 0.598319 0.842420
vt 0.107994 0.967330
vt 0.598319 0.897742
vt 0.596912 0.897742
vt 0.327996 0.835844
vt 0.599724 0.897648
vt 0.598319 0.897648
vt 0.219321 0.744357
vt 0.598319 0.842418
vt 0.599724 0.842418
vt 0.322240 0.965331
vt 0.323294 0.965257
vt 0.622395 0.897647
vt 0.620990 0.897647
vt 0.056846 0.729865
vt 0.620990 0.842418
vt 0.622395 0.842418
vt 0.491008 0.911049
vt 0.603852 0.814073
vt 0.602447 0.814073
vt 0.382141 0.816356
vt 0.602447 0.758844
vt 0.603852 0.758844
vt 0.004316 0.923775
vt 0.599734 0.842418
vt 0.601139 0.842418
vt 0.052603 0.802560
vt 0.601139 0.897648
vt 0.599734 0.897648
vt 0.058542 0.908055
vt 0.605264 0.814073
vt 0.603859 0.814073
vt 0.273918 0.906429
vt 0.603859 0.758844
vt 0.605264 0.758844
vt 0.376253 0.804747
vt 0.612488 0.897647
vt 0.611083 0.897647
vt 0.540444 0.970338
vt 0.611083 0.842418
vt 0.612488 0.842418
vt 0.220131 0.832814
vt 0.623809 0.897647
vt 0.622404 0.897647
vt 0.053615 0.982869
vt 0.622404 0.842418
vt 0.623809 0.842418
vt 0.165356 0.816754
vt 0.622534 0.758454
vt 0.623942 0.758162
vt 0.292879 0.582068
vt 0.623947 0.814115
vt 0.622539 0.813823
vt 0.003165 0.743251
vt 0.610352 0.984570
vt 0.608944 0.984278
vt 0.326807 0.745445
vt 0.608933 0.928908
vt 0.610341 0.928616
vt 0.100525 0.566617
vt 0.614664 0.984626
vt 0.613257 0.984334
vt 0.269579 0.892114
vt 0.613258 0.928964
vt 0.614666 0.928672
vt 0.229003 0.693157
vt 0.601402 0.730884
vt 0.599994 0.730592
vt 0.215406 0.875547
vt 0.599987 0.675223
vt 0.601395 0.674930
vt 0.416246 0.542643
vt 0.612252 0.813818
vt 0.610844 0.813525
vt 0.544752 0.743534
vt 0.610851 0.758156
vt 0.612259 0.757864
vt 0.578545 0.688229
vt 0.604020 0.675925
vt 0.605428 0.675633
vt 0.309914 0.493602
vt 0.605427 0.731586
vt 0.604019 0.731294
vt 0.321902 0.785819
vt 0.602042 0.675350
vt 0.603450 0.675058
vt 0.032405 0.625980
vt 0.603449 0.731011
vt 0.602041 0.730719
vt 0.593856 0.893896
vt 0.617346 0.929152
vt 0.618751 0.928847
vt 0.363099 0.678291
vt 0.619250 0.984799
vt 0.617839 0.984519
vt 0.112230 0.833799
vt 0.602554 0.897648
vt 0.601149 0.897648
vt 0.437285 0.923932
vt 0.601149 0.842418
vt 0.602554 0.842418
vt 0.594140 0.802576
vt 0.616728 0.897647
vt 0.615323 0.897647
vt 0.272448 0.726524
vt 0.615323 0.842418
vt 0.616728 0.842418
vt 0.053790 0.893370
vt 0.613901 0.897647
vt 0.612496 0.897647
vt 0.544417 0.834588
vt 0.612496 0.842418
vt 0.613901 0.842418
vt 0.593383 0.984428
vt 0.602561 0.842418
vt 0.603966 0.842418
vt 0.161674 0.893103
vt 0.603966 0.897648
vt 0.602561 0.897648
vt 0.166357 0.907603
vt 0.615311 0.897648
vt 0.613906 0.897648
vt 0.380722 0.725283
vt 0.613906 0.842418
vt 0.615311 0.842418
vt 0.486683 0.982942
vt 0.618149 0.897648
vt 0.616744 0.897648
vt 0.004330 0.834100
vt 0.616744 0.842418
vt 0.618149 0.842418
vt 0.538285 0.790565
vt 0.619567 0.897647
vt 0.618162 0.897647
vt 0.543938 0.925147
vt 0.618162 0.842418
vt 0.619567 0.842418
vt 0.111567 0.744891
vt 0.620981 0.897647
vt 0.619575 0.897647
vt 0.214665 0.966517
vt 0.215719 0.966442
vt 0.619575 0.842418
vt 0.620981 0.842418
vt 0.436681 0.833712
vt 0.606215 0.676075
vt 0.607623 0.675783
vt 0.423952 0.610309
vt 0.607614 0.731737
vt 0.606206 0.731444
vt 0.430134 0.784304
vt 0.614161 0.813721
vt 0.612753 0.813429
vt 0.488838 0.731264
vt 0.612751 0.758060
vt 0.614159 0.757768
vt 0.389761 0.628657
vt 0.610274 0.813997
vt 0.608866 0.813705
vt 0.161014 0.804192
vt 0.608863 0.758336
vt 0.610270 0.758044
vt 0.250009 0.605699
vt 0.620010 0.814251
vt 0.618602 0.813959
vt 0.486124 0.893016
vt 0.618595 0.758589
vt 0.620003 0.758297
vt 0.148714 0.597528
vt 0.621342 0.985072
vt 0.619933 0.984787
vt 0.214154 0.786938
vt 0.619629 0.929419
vt 0.621035 0.929119
vt 0.328509 0.562230
vt 0.611081 0.928837
vt 0.612488 0.928545
vt 0.224680 0.522972
vt 0.612487 0.984499
vt 0.611079 0.984207
vt 0.540128 0.880108
vt 0.597859 0.675715
vt 0.599267 0.675423
vt 0.497995 0.647943
vt 0.599287 0.731376
vt 0.597879 0.731084
vt 0.110177 0.655628
vt 0.616501 0.758363
vt 0.617909 0.758071
vt 0.404002 0.698254
vt 0.617904 0.814025
vt 0.616496 0.813732
vt 0.058424 0.819087
vt 0.598207 0.758844
vt 0.599612 0.758844
vt 0.382360 0.906597
vt 0.599612 0.814073
vt 0.598207 0.814073
vt 0.164713 0.727633
vt 0.601026 0.814074
vt 0.599621 0.814074
vt 0.490690 0.820800
vt 0.599621 0.758844
vt 0.601026 0.758844
vt 0.220254 0.922952
vt 0.605378 0.897648
vt 0.603973 0.897648
vt 0.159572 0.714663
vt 0.603973 0.842418
vt 0.605378 0.842418
vt 0.328467 0.925236
vt 0.606800 0.897648
vt 0.605395 0.897648
vt 0.107726 0.878200
vt 0.605395 0.842418
vt 0.606800 0.842418
vt 0.112786 0.924054
vt 0.606819 0.842418
vt 0.608224 0.842418
vt 0.435230 0.743858
vt 0.608224 0.897648
vt 0.606819 0.897648
vt 0.431816 0.965869
vt 0.602440 0.814074
vt 0.601035 0.814074
vt 0.270118 0.981882
vt 0.601035 0.758844
vt 0.602440 0.758844
vt 0.323619 0.875624
vt 0.609642 0.897648
vt 0.608237 0.897648
vt 0.376790 0.984138
vt 0.377844 0.984064
vt 0.608237 0.842418
vt 0.609642 0.842418
vt 0.105319 0.698508
vt 0.611065 0.897648
vt 0.609660 0.897648
vt 0.162192 0.983056
vt 0.609660 0.842418
vt 0.611065 0.842418
vt 0.002173 0.653062
vt 0.622039 0.929761
vt 0.623447 0.929469
vt 0.163765 0.631236
vt 0.623444 0.985422
vt 0.622036 0.985130
vt 0.484679 0.803158
vt 0.616051 0.813840
vt 0.614643 0.813548
vt 0.274185 0.816312
vt 0.614641 0.758179
vt 0.616049 0.757886
vt 0.015289 0.537728
vt 0.608093 0.984734
vt 0.606685 0.984442
vt 0.055910 0.639484
vt 0.606685 0.929072
vt 0.608093 0.928780
vt 0.298747 0.615065
vt 0.603789 0.985056
vt 0.602381 0.984764
vt 0.051583 0.712085
vt 0.602383 0.929395
vt 0.603791 0.929103
vt 0.123158 0.511298
vt 0.697949 0.861815
vt 0.704829 0.858924
vt 0.704098 0.864326
vt 0.699659 0.867505
vt 0.695966 0.968307
vt 0.697538 0.973880
vt 0.671008 0.997148
vt 0.672448 0.992149
vt 0.782578 0.913312
vt 0.787612 0.912293
vt 0.783757 0.950856
vt 0.779122 0.948374
vt 0.634143 0.971356
vt 0.637168 0.967527
vt 0.759345 0.993397
vt 0.761698 0.997825
vt 0.631878 0.861056
vt 0.762865 0.881285
vt 0.627616 0.859062
vt 0.765652 0.877287
vt 0.927123 0.640633
vt 0.931787 0.638599
vt 0.925704 0.690018
vt 0.921119 0.687259
vt 0.827672 0.596142
vt 0.826691 0.590807
vt 0.865328 0.592498
vt 0.864243 0.597945
vt 0.911474 0.604814
vt 0.907743 0.608643
vt 0.853498 0.707860
vt 0.852581 0.713071
vt 0.828388 0.699862
vt 0.830790 0.694805
vt 0.893114 0.710562
vt 0.894676 0.715644
vt 0.779149 0.642790
vt 0.774198 0.641467
vt 0.791537 0.608429
vt 0.794598 0.612642
vt 0.772226 0.683915
vt 0.768732 0.687574
vt 0.860858 0.968892
vt 0.859776 0.974622
vt 0.854326 0.973354
vt 0.854880 0.967309
vt 0.870097 0.868683
vt 0.882923 0.876696
vt 0.882348 0.882999
vt 0.870597 0.874114
vt 0.809593 0.983735
vt 0.813210 0.979935
vt 0.897796 0.871803
vt 0.896173 0.877104
vt 0.797689 0.943328
vt 0.792109 0.944134
vt 0.789676 0.892878
vt 0.794619 0.894472
vt 0.908668 0.991328
vt 0.910638 0.995675
vt 0.821713 0.870305
vt 0.819722 0.865173
vt 0.938252 0.951026
vt 0.932737 0.906009
vt 0.936963 0.903277
vt 0.942696 0.953210
vt 0.718296 0.846639
vt 0.717330 0.852629
vt 0.674072 0.856352
vt 0.678201 0.852997
vt 0.742051 0.856727
vt 0.742753 0.862183
vt 0.750305 0.724513
vt 0.750318 0.719230
vt 0.768540 0.733847
vt 0.765192 0.738539
vt 0.664186 0.813227
vt 0.669613 0.812374
vt 0.670569 0.745632
vt 0.675226 0.748435
vt 0.823716 0.760667
vt 0.795840 0.856157
vt 0.700829 0.729586
vt 0.698464 0.724448
vt 0.800027 0.858298
vt 0.828045 0.758316
vt 0.908215 0.839703
vt 0.908200 0.828183
vt 0.912171 0.823426
vt 0.911099 0.835520
vt 0.900844 0.827336
vt 0.898597 0.821949
vt 0.877865 0.867839
vt 0.877756 0.862417
vt 0.834391 0.858238
vt 0.836850 0.854164
vt 0.902506 0.724062
vt 0.906370 0.720870
vt 0.904302 0.748194
vt 0.900370 0.752500
vt 0.966403 0.865224
vt 0.968036 0.869333
vt 0.835118 0.715660
vt 0.988545 0.804614
vt 0.991946 0.752228
vt 0.831566 0.713606
vt 0.996058 0.748895
vt 0.993368 0.806631
vt 0.749935 0.657637
vt 0.756265 0.656872
vt 0.766400 0.675019
vt 0.760972 0.673569
vt 0.627952 0.626262
vt 0.622490 0.624231
vt 0.643017 0.586210
vt 0.644407 0.591222
vt 0.693085 0.606620
vt 0.694035 0.612995
vt 0.741129 0.712770
vt 0.744590 0.716425
vt 0.713046 0.709911
vt 0.712059 0.704383
vt 0.728605 0.593209
vt 0.729306 0.587813
vt 0.766719 0.635070
vt 0.761537 0.635756
vt 0.617287 0.694678
vt 0.655437 0.732230
vt 0.654965 0.737552
vt 0.612183 0.695499
vt 0.006321 0.441434
vt 0.029247 0.431776
vt 0.029937 0.434065
vt 0.007513 0.443941
vt 0.044356 0.449046
vt 0.046708 0.449738
vt 0.037471 0.471625
vt 0.034935 0.470498
vt 0.031219 0.436112
vt 0.009144 0.446323
vt 0.032520 0.468929
vt 0.042236 0.447800
vt 0.261212 0.431754
vt 0.260003 0.291311
vt 0.262736 0.291655
vt 0.263929 0.431404
vt 0.418954 0.272571
vt 0.418609 0.275304
vt 0.278942 0.276351
vt 0.278600 0.273612
vt 0.265036 0.290644
vt 0.266217 0.432435
vt 0.419627 0.277601
vt 0.277887 0.278631
vt 0.233243 0.205279
vt 0.232080 0.207796
vt 0.210641 0.198371
vt 0.211340 0.196022
vt 0.205525 0.235337
vt 0.202999 0.236501
vt 0.193315 0.213567
vt 0.195612 0.212872
vt 0.704041 0.038722
vt 0.705199 0.041239
vt 0.682263 0.050903
vt 0.681579 0.048618
vt 0.674107 0.011151
vt 0.676617 0.012307
vt 0.667172 0.033737
vt 0.664832 0.033051
vt 0.230469 0.210190
vt 0.209386 0.200495
vt 0.207932 0.233740
vt 0.197661 0.211581
vt 0.702451 0.036324
vt 0.680298 0.046582
vt 0.679002 0.013909
vt 0.669288 0.034976
vt 0.235250 0.280815
vt 0.235473 0.442745
vt 0.233379 0.445602
vt 0.233116 0.277969
vt 0.264858 0.245684
vt 0.432354 0.245730
vt 0.429501 0.247861
vt 0.267737 0.247779
vt 0.428264 0.250698
vt 0.268982 0.250634
vt 0.238105 0.282054
vt 0.238300 0.441494
vt 0.034213 0.472990
vt 0.036250 0.474465
vt 0.234580 0.208535
vt 0.236088 0.206513
vt 0.206265 0.237843
vt 0.204242 0.239349
vt 0.706544 0.037979
vt 0.708046 0.039996
vt 0.005003 0.444696
vt 0.003471 0.442693
vt 0.677360 0.009810
vt 0.675346 0.008308
vt 0.032028 0.472329
vt 0.233879 0.210704
vt 0.208436 0.237153
vt 0.705859 0.035814
vt 0.005729 0.446849
vt 0.679524 0.010506
vt 0.033420 0.476580
vt 0.238190 0.209383
vt 0.207094 0.241475
vt 0.710171 0.037143
vt 0.678216 0.006206
vt 0.001360 0.445583
vt 0.509948 0.269467
vt 0.500227 0.246558
vt 0.659514 0.246559
vt 0.650204 0.268441
vt 0.448548 0.049055
vt 0.471694 0.039057
vt 0.468027 0.204908
vt 0.445711 0.195772
vt 0.492957 0.427575
vt 0.470045 0.437263
vt 0.470124 0.277726
vt 0.491991 0.287057
vt 0.292110 0.033474
vt 0.282214 0.010302
vt 0.439903 0.007251
vt 0.430783 0.029266
vt 0.510309 0.272185
vt 0.649848 0.271183
vt 0.445809 0.049435
vt 0.442898 0.195338
vt 0.495675 0.427231
vt 0.494732 0.287416
vt 0.292576 0.036230
vt 0.430494 0.031969
vt 0.509288 0.274469
vt 0.650863 0.273472
vt 0.443542 0.048395
vt 0.440503 0.196396
vt 0.497959 0.428266
vt 0.497021 0.286399
vt 0.291675 0.038577
vt 0.431589 0.034189
vt 0.662772 0.245222
vt 0.660757 0.243718
vt 0.663627 0.241619
vt 0.664937 0.245917
vt 0.469442 0.208188
vt 0.470919 0.206148
vt 0.473049 0.209047
vt 0.468781 0.210412
vt 0.236983 0.444752
vt 0.237679 0.446912
vt 0.465077 0.441361
vt 0.467200 0.438507
vt 0.468710 0.440525
vt 0.469403 0.442690
vt 0.278153 0.005276
vt 0.280987 0.007417
vt 0.278937 0.008921
vt 0.276723 0.009624
vt 0.662027 0.247717
vt 0.466917 0.207479
vt 0.239473 0.444003
vt 0.471214 0.439781
vt 0.279644 0.011460
vt 0.431506 0.249356
vt 0.433649 0.250052
vt 0.430781 0.251848
vt 0.664416 0.249320
vt 0.465366 0.209928
vt 0.241074 0.446392
vt 0.472815 0.442179
vt 0.277193 0.013062
vt 0.433176 0.253444
vt 0.421301 0.273267
vt 0.423413 0.274526
vt 0.459544 0.275077
vt 0.463855 0.276432
vt 0.456113 0.275631
vt 0.652552 0.269142
vt 0.651766 0.271067
vt 0.445029 0.198123
vt 0.443017 0.197286
vt 0.263815 0.433280
vt 0.261901 0.434038
vt 0.495563 0.429108
vt 0.493653 0.429862
vt 0.290614 0.036190
vt 0.289746 0.034276
vt 0.420520 0.275183
vt 0.654676 0.270395
vt 0.653059 0.272550
vt 0.443739 0.200180
vt 0.441522 0.198570
vt 0.263186 0.436070
vt 0.265280 0.434569
vt 0.494946 0.431898
vt 0.497034 0.430399
vt 0.287641 0.035655
vt 0.289302 0.037722
vt 0.421805 0.276663
vt 0.460240 0.277270
vt 0.461763 0.279305
vt 0.692032 0.273359
vt 0.691341 0.271195
vt 0.695657 0.272510
vt 0.693542 0.275369
vt 0.265307 0.476425
vt 0.264001 0.472133
vt 0.266163 0.472824
vt 0.268175 0.474322
vt 0.441792 0.237767
vt 0.443944 0.237064
vt 0.442738 0.241440
vt 0.439804 0.239329
vt 0.246063 0.037449
vt 0.250466 0.036211
vt 0.249704 0.038392
vt 0.248116 0.040424
vt 0.497220 0.472280
vt 0.495894 0.467983
vt 0.498063 0.468676
vt 0.500084 0.470176
vt 0.457728 0.278031
vt 0.687932 0.271717
vt 0.689531 0.274111
vt 0.264521 0.468731
vt 0.266906 0.470328
vt 0.443329 0.233612
vt 0.440957 0.235254
vt 0.253924 0.036818
vt 0.252217 0.039212
vt 0.496402 0.464579
vt 0.498797 0.466178
vt 0.434034 0.285902
vt 0.431915 0.287407
vt 0.430972 0.289540
vt 0.458912 0.280554
vt 0.690700 0.276627
vt 0.269414 0.471479
vt 0.438457 0.236472
vt 0.250963 0.041743
vt 0.501315 0.467331
vt 0.435303 0.287952
vt 0.435985 0.290244
vt 0.433375 0.288707
vt 0.665210 0.284881
vt 0.663736 0.283591
vt 0.665818 0.282071
vt 0.667118 0.284111
vt 0.274224 0.447649
vt 0.275823 0.445483
vt 0.277115 0.446956
vt 0.276339 0.448887
vt 0.429801 0.210728
vt 0.431043 0.209241
vt 0.432573 0.211379
vt 0.430567 0.212676
vt 0.275106 0.047031
vt 0.277222 0.048717
vt 0.275642 0.050028
vt 0.273729 0.049224
vt 0.506068 0.443489
vt 0.507672 0.441321
vt 0.508970 0.442794
vt 0.508192 0.444726
vt 0.433254 0.290588
vt 0.662824 0.285753
vt 0.665109 0.286769
vt 0.277992 0.444535
vt 0.279022 0.446828
vt 0.428913 0.208285
vt 0.427933 0.210594
vt 0.278030 0.050983
vt 0.275693 0.052008
vt 0.509853 0.440372
vt 0.510882 0.442665
vt 0.667823 0.286403
vt 0.278678 0.449574
vt 0.428303 0.213343
vt 0.272930 0.051647
vt 0.510539 0.445411
vt 0.464021 0.444356
vt 0.461890 0.441488
vt 0.459048 0.440251
vt 0.434399 0.430657
vt 0.432109 0.431688
vt 0.437145 0.431001
vt 0.274506 0.241294
vt 0.241977 0.209342
vt 0.246400 0.210693
vt 0.273057 0.236964
vt 0.695941 0.440126
vt 0.664851 0.472264
vt 0.666119 0.467891
vt 0.691682 0.441523
vt 0.692345 0.439337
vt 0.693824 0.437297
vt 0.275280 0.237638
vt 0.277344 0.239143
vt 0.460400 0.443509
vt 0.459715 0.445679
vt 0.433092 0.476445
vt 0.430237 0.474323
vt 0.432255 0.472816
vt 0.434421 0.472124
vt 0.244166 0.206412
vt 0.245665 0.208486
vt 0.661960 0.470154
vt 0.663964 0.468619
vt 0.690985 0.436077
vt 0.689851 0.438615
vt 0.278569 0.236263
vt 0.275982 0.235106
vt 0.457899 0.442769
vt 0.428991 0.471477
vt 0.431510 0.470312
vt 0.247073 0.205159
vt 0.248232 0.207762
vt 0.660698 0.467306
vt 0.663207 0.466110
vt 0.249878 0.210223
vt 0.273511 0.233507
vt 0.665593 0.464474
vt 0.688277 0.441034
vt 0.456304 0.445163
vt 0.433908 0.468714
vt 0.668416 0.429183
vt 0.669116 0.426817
vt 0.285403 0.213333
vt 0.287753 0.214076
vt 0.271084 0.197977
vt 0.270404 0.195656
vt 0.653309 0.443702
vt 0.651012 0.444402
vt 0.667157 0.431316
vt 0.283303 0.212032
vt 0.272346 0.200055
vt 0.655365 0.442410
vt 0.275436 0.196386
vt 0.287179 0.208970
vt 0.284950 0.209872
vt 0.274483 0.198546
vt 0.651684 0.439405
vt 0.664095 0.427492
vt 0.665013 0.429699
vt 0.653844 0.440316
vt 0.273028 0.197208
vt 0.273155 0.195296
vt 0.434528 0.432572
vt 0.433055 0.433869
vt 0.420833 0.445956
vt 0.418956 0.445843
vt 0.419989 0.443558
vt 0.422124 0.444486
vt 0.652544 0.441791
vt 0.650658 0.441687
vt 0.288155 0.211297
vt 0.286228 0.211389
vt 0.666379 0.426470
vt 0.666496 0.428397
vt 0.436459 0.433349
vt 0.419301 0.448562
vt 0.421588 0.447868
vt 0.435222 0.435474
vt 0.423624 0.446576
vt 0.441078 0.004362
vt 0.474577 0.037766
vt 0.467283 0.276480
vt 0.498980 0.243714
vt 0.443912 0.002193
vt 0.465186 0.273608
vt 0.476747 0.034807
vt 0.496126 0.241592
vt 0.033323 0.434602
vt 0.043840 0.445647
vt 0.045139 0.447120
vt 0.194852 0.210959
vt 0.196151 0.209489
vt 0.679661 0.049370
vt 0.678198 0.048076
vt 0.666397 0.035667
vt 0.667688 0.037141
vt 0.208716 0.197591
vt 0.207231 0.198886
vt 0.031854 0.433307
vt 0.047056 0.446997
vt 0.679540 0.051245
vt 0.192965 0.210847
vt 0.664490 0.035796
vt 0.208597 0.195676
vt 0.031968 0.431430
vt 0.046029 0.444709
vt 0.665522 0.038087
vt 0.193995 0.208560
vt 0.677252 0.050205
vt 0.206307 0.196703
vt 0.034254 0.432464
vt 0.275745 0.277680
vt 0.264101 0.288473
vt 0.277055 0.276224
vt 0.262616 0.289751
vt 0.432389 0.031927
vt 0.433722 0.033445
vt 0.445958 0.047399
vt 0.444465 0.045986
vt 0.508424 0.272080
vt 0.507132 0.273551
vt 0.494618 0.285497
vt 0.496099 0.284205
vt 0.276301 0.274285
vt 0.260705 0.288974
vt 0.433109 0.030033
vt 0.447860 0.046558
vt 0.492695 0.284710
vt 0.507658 0.270168
vt 0.274241 0.275542
vt 0.261972 0.286871
vt 0.435256 0.031332
vt 0.446536 0.044338
vt 0.493947 0.282588
vt 0.505618 0.271463
vt 0.266465 0.251790
vt 0.265703 0.249283
vt 0.236739 0.278829
vt 0.239233 0.279558
vt 0.443121 0.005901
vt 0.442412 0.008461
vt 0.470513 0.036388
vt 0.473051 0.035635
vt 0.497707 0.247719
vt 0.496963 0.245219
vt 0.468788 0.274467
vt 0.471283 0.275213
vt 0.264069 0.253372
vt 0.263508 0.249963
vt 0.240812 0.277187
vt 0.237424 0.276705
vt 0.444801 0.010140
vt 0.445292 0.006641
vt 0.468887 0.033841
vt 0.472338 0.033364
vt 0.495313 0.249321
vt 0.494799 0.245910
vt 0.472887 0.272824
vt 0.469484 0.272301
vt 0.001361 0.277758
vt 0.003462 0.280628
vt 0.513309 0.008364
vt 0.510419 0.006252
vt 0.198220 0.474340
vt 0.201078 0.476460
vt 0.710128 0.204949
vt 0.708027 0.202080
vt 0.039381 0.241429
vt 0.042256 0.239331
vt 0.236069 0.044432
vt 0.238177 0.041534
vt 0.514566 0.011215
vt 0.006305 0.281866
vt 0.196965 0.471497
vt 0.043502 0.236489
vt 0.705184 0.200839
vt 0.233220 0.045699
vt 0.028199 0.291148
vt 0.524223 0.034163
vt 0.187243 0.448592
vt 0.052837 0.214606
vt 0.210298 0.055429
vt 0.683277 0.191571
vt 0.004967 0.278604
vt 0.005664 0.276432
vt 0.200233 0.472836
vt 0.202400 0.472149
vt 0.511311 0.009893
vt 0.509165 0.010613
vt 0.234533 0.042432
vt 0.233804 0.040281
vt 0.040239 0.237824
vt 0.038071 0.237125
vt 0.706527 0.204090
vt 0.705837 0.206251
vt 0.007464 0.279343
vt 0.512069 0.012403
vt 0.199484 0.470336
vt 0.232024 0.043196
vt 0.040986 0.235328
vt 0.704032 0.203345
vt 0.009069 0.276944
vt 0.509695 0.014028
vt 0.201882 0.468745
vt 0.230388 0.040817
vt 0.038594 0.233721
vt 0.702436 0.205727
vt 0.521941 0.034842
vt 0.209607 0.053138
vt 0.519901 0.036112
vt 0.208323 0.051091
vt 0.479532 0.038146
vt 0.483776 0.036774
vt 0.206092 0.010601
vt 0.207484 0.014851
vt 0.487171 0.037280
vt 0.206993 0.018254
vt 0.030941 0.291498
vt 0.524561 0.036889
vt 0.186883 0.445873
vt 0.053192 0.211864
vt 0.207577 0.055782
vt 0.680531 0.191230
vt 0.033231 0.290473
vt 0.523517 0.039180
vt 0.187906 0.443586
vt 0.052173 0.209574
vt 0.678238 0.192263
vt 0.205290 0.054755
vt 0.522690 0.036766
vt 0.207690 0.053901
vt 0.028890 0.288791
vt 0.030817 0.289576
vt 0.188766 0.445986
vt 0.189531 0.447900
vt 0.050484 0.213910
vt 0.051271 0.211984
vt 0.682593 0.193906
vt 0.680661 0.193134
vt 0.521400 0.038229
vt 0.206220 0.052609
vt 0.030132 0.286657
vt 0.032293 0.288272
vt 0.191570 0.446614
vt 0.190058 0.444521
vt 0.048356 0.212662
vt 0.049975 0.210505
vt 0.681357 0.196017
vt 0.679189 0.194422
vt 0.033207 0.249188
vt 0.031039 0.249881
vt 0.032381 0.245549
vt 0.035233 0.247679
vt 0.232014 0.444488
vt 0.227714 0.445799
vt 0.228410 0.443637
vt 0.229912 0.441623
vt 0.010950 0.209589
vt 0.011639 0.211756
vt 0.007317 0.210420
vt 0.009444 0.207568
vt 0.678482 0.233230
vt 0.680644 0.232544
vt 0.679332 0.236853
vt 0.676472 0.234734
vt 0.483118 0.038954
vt 0.481643 0.040983
vt 0.205300 0.014195
vt 0.203263 0.012720
vt 0.031540 0.253299
vt 0.033945 0.251696
vt 0.224310 0.445281
vt 0.225913 0.442896
vt 0.015054 0.211250
vt 0.013457 0.208848
vt 0.680121 0.229139
vt 0.677731 0.230730
vt 0.485607 0.039685
vt 0.204578 0.016689
vt 0.508291 0.047053
vt 0.510453 0.048652
vt 0.197285 0.039403
vt 0.195685 0.041560
vt 0.511408 0.050827
vt 0.193501 0.042500
vt 0.036469 0.250526
vt 0.227070 0.440387
vt 0.675219 0.231889
vt 0.012292 0.206326
vt 0.484482 0.042211
vt 0.202044 0.015562
vt 0.507052 0.049163
vt 0.195163 0.038156
vt 0.506369 0.051507
vt 0.192808 0.037467
vt 0.194386 0.040084
vt 0.508982 0.049943
vt 0.044565 0.276044
vt 0.043268 0.277519
vt 0.041771 0.275440
vt 0.043815 0.274139
vt 0.203235 0.435595
vt 0.201077 0.433991
vt 0.202557 0.432701
vt 0.204483 0.433478
vt 0.037830 0.198196
vt 0.039302 0.199493
vt 0.037214 0.200995
vt 0.035918 0.198952
vt 0.667006 0.206368
vt 0.668293 0.204906
vt 0.669795 0.207007
vt 0.667764 0.208286
vt 0.192467 0.040210
vt 0.509114 0.051855
vt 0.045404 0.278426
vt 0.046445 0.276151
vt 0.200147 0.431819
vt 0.202436 0.430793
vt 0.040222 0.197350
vt 0.037938 0.196315
vt 0.666161 0.203959
vt 0.665130 0.206249
vt 0.046108 0.273437
vt 0.035220 0.196659
vt 0.205178 0.431136
vt 0.665482 0.208972
vt 0.512254 0.233397
vt 0.514272 0.234901
vt 0.511403 0.237004
vt 0.510088 0.232700
vt 0.479385 0.206006
vt 0.481509 0.203150
vt 0.483012 0.205169
vt 0.483699 0.207338
vt 0.199449 0.249738
vt 0.197446 0.248233
vt 0.200326 0.246143
vt 0.201605 0.250436
vt 0.232037 0.277028
vt 0.229910 0.279875
vt 0.228415 0.277864
vt 0.227740 0.275703
vt 0.038241 0.010731
vt 0.041100 0.012852
vt 0.039091 0.014355
vt 0.036929 0.015039
vt 0.011047 0.043491
vt 0.009548 0.045501
vt 0.007448 0.042629
vt 0.011738 0.041329
vt 0.515507 0.232057
vt 0.512993 0.230898
vt 0.484355 0.201902
vt 0.485515 0.204425
vt 0.196193 0.251071
vt 0.198692 0.252230
vt 0.042354 0.015697
vt 0.039842 0.016856
vt 0.227062 0.281118
vt 0.225914 0.278606
vt 0.012391 0.046745
vt 0.013542 0.044238
vt 0.510604 0.229294
vt 0.487106 0.206827
vt 0.201065 0.253833
vt 0.224337 0.276214
vt 0.037452 0.018445
vt 0.015138 0.041855
vt 0.524051 0.205126
vt 0.525084 0.207415
vt 0.523174 0.207539
vt 0.521881 0.206060
vt 0.509883 0.193760
vt 0.509999 0.191879
vt 0.512284 0.192912
vt 0.511347 0.195055
vt 0.187515 0.277985
vt 0.186492 0.275687
vt 0.188393 0.275563
vt 0.189672 0.277040
vt 0.201513 0.289247
vt 0.201385 0.291120
vt 0.199093 0.290087
vt 0.200057 0.287958
vt 0.050545 0.041225
vt 0.052417 0.041343
vt 0.051384 0.043633
vt 0.049259 0.042688
vt 0.039353 0.055351
vt 0.037056 0.056378
vt 0.036924 0.054472
vt 0.038396 0.053184
vt 0.507279 0.192228
vt 0.507969 0.194518
vt 0.524745 0.210159
vt 0.522400 0.209466
vt 0.186845 0.272941
vt 0.189173 0.273634
vt 0.204111 0.290774
vt 0.203436 0.288494
vt 0.052067 0.038621
vt 0.049789 0.039307
vt 0.034307 0.056030
vt 0.034991 0.053694
vt 0.509254 0.196558
vt 0.191273 0.274876
vt 0.520279 0.208220
vt 0.202167 0.286463
vt 0.047762 0.040589
vt 0.036224 0.051583
vt 0.621818 0.426238
vt 0.563312 0.429819
vt 0.651957 0.284962
vt 0.508780 0.285863
vt 0.642864 0.347136
vt 0.505769 0.395615
vt 0.552978 0.354096
vt 0.540974 0.346574
vt 0.552894 0.342551
vt 0.514911 0.344801
vt 0.611705 0.343291
vt 0.400157 0.174114
vt 0.413274 0.115801
vt 0.287084 0.166407
vt 0.332283 0.197618
vt 0.369417 0.197261
vt 0.408791 0.112899
vt 0.432340 0.046036
vt 0.330871 0.038183
vt 0.332629 0.055323
vt 0.294615 0.090463
vt 0.321668 0.113676
vt 0.049227 0.323092
vt 0.048532 0.368511
vt 0.183297 0.324932
vt 0.183540 0.376297
vt 0.087048 0.434021
vt 0.149647 0.429292
vt 0.156219 0.377419
vt 0.162008 0.323688
vt 0.166752 0.294420
vt 0.099607 0.287726
vt 0.099215 0.323182
vt 0.540899 0.074326
vt 0.541138 0.121596
vt 0.546458 0.159315
vt 0.569981 0.048743
vt 0.619622 0.048372
vt 0.645606 0.074053
vt 0.646237 0.111890
vt 0.634885 0.131530
vt 0.652430 0.184402
vt 0.572080 0.188312
vt 0.608444 0.193371
vt 0.378023 0.288433
vt 0.323849 0.293820
vt 0.404201 0.316862
vt 0.403267 0.364550
vt 0.289090 0.329169
vt 0.317095 0.357277
vt 0.316069 0.362987
vt 0.290523 0.403422
vt 0.393534 0.371784
vt 0.402888 0.385207
vt 0.379311 0.426567
vt 0.331660 0.433563
vt 0.060983 0.194781
vt 0.181600 0.197439
vt 0.062936 0.132220
vt 0.075426 0.107935
vt 0.057829 0.074551
vt 0.101245 0.054613
vt 0.167200 0.060677
vt 0.183896 0.087623
vt 0.169827 0.142451
vt 0.184450 0.134254
vt 0.501162 0.487412
vt 0.502251 0.487380
vt 0.502378 0.491774
vt 0.501344 0.491825
vt 0.503338 0.487352
vt 0.503426 0.491743
vt 0.712841 0.212544
vt 0.713522 0.211724
vt 0.716923 0.215207
vt 0.716303 0.215932
vt 0.714351 0.211053
vt 0.717734 0.214643
vt 0.501341 0.492889
vt 0.471319 0.494215
vt 0.471251 0.493180
vt 0.712063 0.211873
vt 0.699426 0.236040
vt 0.698516 0.235663
vt 0.713691 0.210261
vt 0.739277 0.196859
vt 0.739623 0.197806
vt 0.503484 0.492826
vt 0.534963 0.491422
vt 0.534936 0.492484
vt 0.698641 0.238043
vt 0.698983 0.237025
vt 0.703631 0.238545
vt 0.703353 0.239483
vt 0.704029 0.237658
vt 0.469126 0.493267
vt 0.469183 0.494327
vt 0.439655 0.496254
vt 0.439401 0.495196
vt 0.697683 0.237821
vt 0.693708 0.265977
vt 0.692638 0.266523
vt 0.470195 0.493219
vt 0.469964 0.488804
vt 0.471030 0.488747
vt 0.468900 0.488862
vt 0.534948 0.487012
vt 0.536027 0.487013
vt 0.536013 0.491418
vt 0.537107 0.487017
vt 0.537064 0.491429
vt 0.740585 0.197451
vt 0.741971 0.202064
vt 0.741108 0.202421
vt 0.741596 0.197254
vt 0.742891 0.201893
vt 0.741374 0.196272
vt 0.771840 0.193601
vt 0.771903 0.194575
vt 0.537081 0.492494
vt 0.571208 0.491987
vt 0.571200 0.493044
vt 0.571335 0.487576
vt 0.572392 0.487597
vt 0.572285 0.492034
vt 0.573450 0.487620
vt 0.573350 0.492072
vt 0.772886 0.194488
vt 0.772998 0.199308
vt 0.772015 0.199399
vt 0.773869 0.194437
vt 0.773970 0.199263
vt 0.773853 0.193468
vt 0.815120 0.191868
vt 0.814779 0.192906
vt 0.573333 0.493097
vt 0.615500 0.493086
vt 0.615391 0.494136
vt 0.615566 0.488672
vt 0.616645 0.488707
vt 0.616534 0.493095
vt 0.887551 0.501671
vt 0.886470 0.501804
vt 0.885950 0.497449
vt 0.887010 0.497283
vt 0.815920 0.193251
vt 0.813928 0.197725
vt 0.812945 0.197487
vt 0.816951 0.193844
vt 0.814790 0.198261
vt 0.817509 0.192943
vt 0.837464 0.213189
vt 0.836553 0.213699
vt 0.885756 0.496340
vt 0.856263 0.500781
vt 0.856194 0.499711
vt 0.856758 0.505205
vt 0.855663 0.505312
vt 0.855229 0.500906
vt 0.854570 0.505415
vt 0.854178 0.501014
vt 0.837134 0.214713
vt 0.832573 0.216660
vt 0.832060 0.215802
vt 0.837511 0.215819
vt 0.832838 0.217653
vt 0.838502 0.215518
vt 0.842088 0.254469
vt 0.841048 0.254259
vt 0.854044 0.499926
vt 0.813145 0.504225
vt 0.813125 0.503156
vt 0.813492 0.508664
vt 0.812388 0.508728
vt 0.812117 0.504320
vt 0.811287 0.508789
vt 0.811063 0.504393
vt 0.840834 0.255423
vt 0.836142 0.253923
vt 0.836318 0.252938
vt 0.840384 0.256512
vt 0.835672 0.254833
vt 0.841341 0.256950
vt 0.824604 0.277576
vt 0.823985 0.276727
vt 0.810967 0.503287
vt 0.783421 0.505437
vt 0.783442 0.504368
vt 0.783588 0.509890
vt 0.782485 0.509913
vt 0.782388 0.505490
vt 0.781384 0.509932
vt 0.781332 0.505520
vt 0.823054 0.277412
vt 0.820628 0.273196
vt 0.821435 0.272601
vt 0.821996 0.277886
vt 0.819659 0.273547
vt 0.822414 0.278849
vt 0.793994 0.283029
vt 0.794006 0.282022
vt 0.781279 0.504414
vt 0.751572 0.505535
vt 0.751606 0.504465
vt 0.751543 0.509980
vt 0.750457 0.509968
vt 0.750511 0.505529
vt 0.749369 0.509953
vt 0.749451 0.505508
vt 0.792862 0.281960
vt 0.793425 0.277124
vt 0.794418 0.277153
vt 0.791742 0.281724
vt 0.792459 0.276881
vt 0.791525 0.282714
vt 0.767968 0.271850
vt 0.768735 0.271064
vt 0.749444 0.504437
vt 0.722865 0.504764
vt 0.722988 0.503682
vt 0.722780 0.509218
vt 0.721658 0.509159
vt 0.721864 0.504777
vt 0.720537 0.509096
vt 0.720811 0.504757
vt 0.767842 0.270303
vt 0.771511 0.267035
vt 0.772272 0.267694
vt 0.767185 0.269327
vt 0.771026 0.266130
vt 0.766266 0.269966
vt 0.757983 0.235583
vt 0.758799 0.234770
vt 0.720831 0.503597
vt 0.685570 0.502233
vt 0.685525 0.501131
vt 0.685360 0.506690
vt 0.684237 0.506650
vt 0.684376 0.502170
vt 0.683109 0.506629
vt 0.683195 0.502163
vt 0.758222 0.233792
vt 0.761826 0.228988
vt 0.762498 0.230002
vt 0.757228 0.233369
vt 0.760725 0.228553
vt 0.756749 0.234349
vt 0.749824 0.234539
vt 0.749608 0.233535
vt 0.683289 0.501062
vt 0.675715 0.502292
vt 0.675659 0.501216
vt 0.675850 0.506747
vt 0.674786 0.506778
vt 0.674644 0.502336
vt 0.673720 0.506813
vt 0.673557 0.502393
vt 0.748655 0.233747
vt 0.747028 0.228960
vt 0.748255 0.228742
vt 0.747777 0.234183
vt 0.746010 0.229401
vt 0.748207 0.235138
vt 0.737286 0.243603
vt 0.736449 0.242932
vt 0.673552 0.501292
vt 0.658886 0.503062
vt 0.658757 0.501996
vt 0.659173 0.507505
vt 0.658100 0.507582
vt 0.657776 0.503123
vt 0.657030 0.507665
vt 0.656670 0.503211
vt 0.735851 0.243745
vt 0.731573 0.240931
vt 0.732379 0.240057
vt 0.735517 0.244727
vt 0.731112 0.241968
vt 0.736453 0.245287
vt 0.731031 0.271790
vt 0.730196 0.270902
vt 0.656638 0.502137
vt 0.628946 0.505701
vt 0.628996 0.504649
vt 0.629272 0.510145
vt 0.628067 0.510216
vt 0.627857 0.505779
vt 0.626861 0.510272
vt 0.626774 0.505794
vt 0.729291 0.271914
vt 0.726310 0.267177
vt 0.726879 0.266347
vt 0.728038 0.272386
vt 0.725375 0.267433
vt 0.728501 0.273441
vt 0.694446 0.269063
vt 0.695270 0.268149
vt 0.626615 0.504716
vt 0.590627 0.505935
vt 0.590812 0.504895
vt 0.590604 0.510391
vt 0.589436 0.510369
vt 0.589486 0.505892
vt 0.437966 0.490855
vt 0.439121 0.490761
vt 0.438285 0.495294
vt 0.694211 0.267269
vt 0.698746 0.263881
vt 0.699570 0.264425
vt 0.698500 0.262904
vt 0.762787 0.603229
vt 0.762934 0.604502
vt 0.759309 0.606313
vt 0.758657 0.604358
vt 0.763788 0.605437
vt 0.760351 0.608077
vt 0.795947 0.245275
vt 0.796800 0.245895
vt 0.795230 0.250263
vt 0.794305 0.249639
vt 0.797824 0.246025
vt 0.796402 0.250401
vt 0.757317 0.604619
vt 0.759254 0.592545
vt 0.760519 0.593132
vt 0.796421 0.244501
vt 0.792900 0.239491
vt 0.793777 0.239354
vt 0.797945 0.245111
vt 0.804790 0.242564
vt 0.805484 0.243155
vt 0.759350 0.608998
vt 0.773222 0.614401
vt 0.773104 0.615781
vt 0.792782 0.237656
vt 0.792699 0.238579
vt 0.788259 0.238779
vt 0.788342 0.237582
vt 0.788452 0.239856
vt 0.763070 0.590368
vt 0.762214 0.589258
vt 0.773407 0.584250
vt 0.773537 0.585577
vt 0.793671 0.237743
vt 0.794941 0.231789
vt 0.795634 0.232469
vt 0.761697 0.591637
vt 0.765490 0.594659
vt 0.764830 0.595707
vt 0.766478 0.593854
vt 0.773073 0.609279
vt 0.774272 0.609382
vt 0.775251 0.614019
vt 0.775337 0.608881
vt 0.777161 0.613234
vt 0.806185 0.242497
vt 0.810303 0.245088
vt 0.809535 0.245898
vt 0.806470 0.241581
vt 0.810710 0.244009
vt 0.805621 0.241231
vt 0.804740 0.232179
vt 0.805497 0.231638
vt 0.777910 0.614428
vt 0.787536 0.599444
vt 0.788868 0.599762
vt 0.782464 0.598762
vt 0.782735 0.597590
vt 0.787297 0.597323
vt 0.782249 0.596504
vt 0.786672 0.595280
vt 0.804903 0.230787
vt 0.808098 0.227250
vt 0.808811 0.228055
vt 0.803940 0.230344
vt 0.806966 0.226793
vt 0.803483 0.231135
vt 0.796957 0.231557
vt 0.796514 0.230752
vt 0.787947 0.594756
vt 0.777544 0.586077
vt 0.778095 0.584816
vt 0.775922 0.591119
vt 0.774773 0.590675
vt 0.775554 0.585649
vt 0.773519 0.590856
vt 0.795616 0.231113
vt 0.793082 0.227503
vt 0.794161 0.227014
vt 0.792240 0.228302
vt 0.717257 0.216519
vt 0.705139 0.238258
vt 0.718316 0.216528
vt 0.705555 0.239131
vt 0.718304 0.215546
vt 0.741659 0.203464
vt 0.742552 0.203978
vt 0.704626 0.239634
vt 0.699459 0.262615
vt 0.700466 0.262598
vt 0.743008 0.203066
vt 0.772240 0.200719
vt 0.772973 0.201361
vt 0.773763 0.200616
vt 0.812809 0.198534
vt 0.813229 0.199443
vt 0.814144 0.199073
vt 0.831192 0.216484
vt 0.830855 0.217449
vt 0.831783 0.217828
vt 0.835229 0.252913
vt 0.834340 0.253431
vt 0.834786 0.254291
vt 0.820651 0.271838
vt 0.819638 0.271607
vt 0.819373 0.272541
vt 0.794294 0.275988
vt 0.793644 0.275219
vt 0.792845 0.275782
vt 0.772822 0.266807
vt 0.772891 0.265770
vt 0.771929 0.265692
vt 0.763512 0.229710
vt 0.760744 0.227461
vt 0.748230 0.227688
vt 0.745424 0.228609
vt 0.731764 0.239193
vt 0.730091 0.241759
vt 0.726094 0.265739
vt 0.725170 0.265395
vt 0.725134 0.266448
vt 0.700131 0.263577
vt 0.793942 0.251019
vt 0.787715 0.240218
vt 0.796063 0.251507
vt 0.809904 0.246720
vt 0.787458 0.237291
vt 0.791382 0.227927
vt 0.811623 0.243995
vt 0.809739 0.227922
vt 0.806995 0.225830
vt 0.794126 0.226151
vt 0.726346 0.580828
vt 0.725192 0.580894
vt 0.724995 0.576646
vt 0.726034 0.576576
vt 0.724038 0.580946
vt 0.723961 0.576659
vt 0.981541 0.133392
vt 0.980463 0.134281
vt 0.978012 0.129450
vt 0.978659 0.128748
vt 0.979111 0.134615
vt 0.977064 0.129594
vt 0.726087 0.575577
vt 0.765466 0.571959
vt 0.765606 0.572979
vt 0.982276 0.134332
vt 0.995037 0.099042
vt 0.996027 0.099271
vt 0.979437 0.135772
vt 0.944115 0.125401
vt 0.944925 0.124553
vt 0.723813 0.575673
vt 0.686262 0.576624
vt 0.686408 0.575631
vt 0.995266 0.096879
vt 0.995239 0.097972
vt 0.990376 0.097329
vt 0.990372 0.096389
vt 0.990167 0.098241
vt 0.563699 0.524782
vt 0.563654 0.525801
vt 0.535177 0.525725
vt 0.535142 0.524696
vt 0.996281 0.096917
vt 0.991589 0.070710
vt 0.992564 0.070401
vt 0.766625 0.572870
vt 0.767052 0.577114
vt 0.766029 0.577219
vt 0.564718 0.524793
vt 0.563723 0.520546
vt 0.564747 0.520555
vt 0.686161 0.580883
vt 0.685014 0.580835
vt 0.685219 0.576594
vt 0.683870 0.580773
vt 0.684186 0.576510
vt 0.943972 0.123672
vt 0.948352 0.120387
vt 0.949047 0.120953
vt 0.943510 0.122434
vt 0.948134 0.119467
vt 0.942460 0.122991
vt 0.945627 0.099224
vt 0.946679 0.098929
vt 0.684142 0.575476
vt 0.661943 0.574635
vt 0.661961 0.573597
vt 0.661634 0.578890
vt 0.660589 0.578820
vt 0.660858 0.574552
vt 0.659546 0.578757
vt 0.659773 0.574502
vt 0.946637 0.097765
vt 0.951828 0.096073
vt 0.951904 0.097254
vt 0.946179 0.096735
vt 0.951276 0.095023
vt 0.945211 0.097158
vt 0.939602 0.090763
vt 0.940230 0.089961
vt 0.659880 0.573471
vt 0.651612 0.574231
vt 0.651612 0.573208
vt 0.651502 0.578496
vt 0.650486 0.578472
vt 0.650576 0.574206
vt 0.649470 0.578452
vt 0.649538 0.574191
vt 0.939448 0.089256
vt 0.942227 0.085217
vt 0.943088 0.085969
vt 0.938566 0.088688
vt 0.941241 0.084621
vt 0.938036 0.089550
vt 0.929600 0.085579
vt 0.929637 0.084437
vt 0.649582 0.573167
vt 0.640303 0.574105
vt 0.640218 0.573075
vt 0.640359 0.578370
vt 0.639320 0.578388
vt 0.639224 0.574102
vt 0.638286 0.578413
vt 0.638149 0.574133
vt 0.928670 0.084300
vt 0.928045 0.079076
vt 0.929263 0.079243
vt 0.927757 0.084570
vt 0.926869 0.079369
vt 0.928038 0.085673
vt 0.880150 0.121111
vt 0.879977 0.119982
vt 0.638187 0.573105
vt 0.576458 0.576982
vt 0.576516 0.575970
vt 0.576618 0.581242
vt 0.575497 0.581267
vt 0.575423 0.577016
vt 0.574374 0.581284
vt 0.574395 0.577003
vt 0.878657 0.120162
vt 0.878708 0.114928
vt 0.879638 0.114653
vt 0.877357 0.119841
vt 0.877776 0.114667
vt 0.877116 0.120932
vt 0.856952 0.105361
vt 0.857885 0.104792
vt 0.574304 0.575997
vt 0.548757 0.576449
vt 0.548850 0.575410
vt 0.548594 0.580704
vt 0.547509 0.580653
vt 0.547740 0.576406
vt 0.546422 0.580595
vt 0.546733 0.576331
vt 0.857269 0.103682
vt 0.862063 0.101939
vt 0.862611 0.102763
vt 0.856981 0.102439
vt 0.861918 0.100972
vt 0.855909 0.102661
vt 0.866767 0.010570
vt 0.867647 0.011461
vt 0.546745 0.575300
vt 0.451758 0.568452
vt 0.452058 0.567422
vt 0.451383 0.572709
vt 0.450251 0.572589
vt 0.450662 0.568312
vt 0.343732 0.514803
vt 0.344854 0.514953
vt 0.344186 0.519181
vt 0.343111 0.519044
vt 0.868707 0.010282
vt 0.872165 0.015251
vt 0.871581 0.016112
vt 0.870218 0.009780
vt 0.873221 0.015073
vt 0.869703 0.008608
vt 0.908074 0.020966
vt 0.907261 0.021777
vt 0.344240 0.520236
vt 0.382235 0.525185
vt 0.381962 0.526154
vt 0.382973 0.521010
vt 0.384072 0.521222
vt 0.383252 0.525367
vt 0.385172 0.521442
vt 0.384252 0.525598
vt 0.908209 0.022810
vt 0.903786 0.025855
vt 0.903047 0.025208
vt 0.908712 0.024140
vt 0.904047 0.026832
vt 0.909791 0.023718
vt 0.904377 0.054716
vt 0.903224 0.055938
vt 0.384134 0.526588
vt 0.415444 0.532450
vt 0.415617 0.533643
vt 0.415964 0.528196
vt 0.417087 0.528329
vt 0.416815 0.532676
vt 0.418214 0.528338
vt 0.418083 0.532688
vt 0.903469 0.057098
vt 0.897749 0.067452
vt 0.897125 0.066186
vt 0.904507 0.056833
vt 0.898988 0.067574
vt 0.904823 0.055365
vt 0.929418 0.032799
vt 0.929787 0.033859
vt 0.417820 0.533862
vt 0.453400 0.528768
vt 0.453456 0.529804
vt 0.452913 0.524543
vt 0.454003 0.524433
vt 0.454409 0.528654
vt 0.455098 0.524329
vt 0.455413 0.528583
vt 0.930897 0.033451
vt 0.931767 0.038401
vt 0.930930 0.038827
vt 0.932076 0.033432
vt 0.932689 0.038419
vt 0.932051 0.032324
vt 0.972485 0.044989
vt 0.971964 0.045886
vt 0.455563 0.529600
vt 0.501290 0.525613
vt 0.501304 0.526635
vt 0.501044 0.521385
vt 0.502090 0.521336
vt 0.502281 0.525550
vt 0.503134 0.521290
vt 0.503287 0.525505
vt 0.972905 0.046433
vt 0.970046 0.050448
vt 0.969220 0.049993
vt 0.973725 0.047155
vt 0.970745 0.051125
vt 0.974403 0.046372
vt 0.991681 0.068278
vt 0.990779 0.068748
vt 0.503359 0.526543
vt 0.533130 0.524727
vt 0.533120 0.525752
vt 0.533044 0.520493
vt 0.534083 0.520478
vt 0.534134 0.524704
vt 0.535122 0.520467
vt 0.991271 0.069692
vt 0.986721 0.071555
vt 0.986278 0.070726
vt 0.986967 0.072508
vt 0.977932 0.127981
vt 0.989042 0.097840
vt 0.977069 0.127460
vt 0.988395 0.097041
vt 0.976919 0.128498
vt 0.949687 0.120119
vt 0.950068 0.119165
vt 0.989196 0.096467
vt 0.985885 0.072715
vt 0.984960 0.072369
vt 0.949109 0.119149
vt 0.952980 0.097420
vt 0.952098 0.094243
vt 0.943862 0.085270
vt 0.941618 0.083655
vt 0.929671 0.078251
vt 0.926285 0.078470
vt 0.879342 0.113663
vt 0.878745 0.112866
vt 0.878116 0.113672
vt 0.863449 0.102162
vt 0.863928 0.101317
vt 0.862965 0.100924
vt 0.872460 0.016713
vt 0.873483 0.017124
vt 0.873464 0.016077
vt 0.902417 0.026026
vt 0.902109 0.026988
vt 0.903062 0.027085
vt 0.896097 0.066076
vt 0.899555 0.068426
vt 0.931364 0.039734
vt 0.932105 0.040371
vt 0.932585 0.039451
vt 0.968806 0.051038
vt 0.968975 0.052065
vt 0.969944 0.051855
vt 0.985351 0.071398
vt 0.519734 0.544141
vt 0.520859 0.544098
vt 0.520978 0.548314
vt 0.519948 0.548361
vt 0.521985 0.544069
vt 0.522003 0.548316
vt 0.855223 0.074268
vt 0.854528 0.075428
vt 0.850568 0.071817
vt 0.850963 0.070970
vt 0.853416 0.076203
vt 0.849750 0.072278
vt 0.519891 0.549359
vt 0.485267 0.551766
vt 0.485141 0.550720
vt 0.856222 0.074873
vt 0.855964 0.040066
vt 0.856999 0.039871
vt 0.854115 0.077154
vt 0.825496 0.079737
vt 0.825896 0.078668
vt 0.522121 0.549297
vt 0.549745 0.548696
vt 0.549608 0.549690
vt 0.855205 0.037885
vt 0.855700 0.038938
vt 0.850915 0.040412
vt 0.850490 0.039535
vt 0.851059 0.041396
vt 0.483173 0.550941
vt 0.483224 0.551953
vt 0.447378 0.555928
vt 0.447190 0.554863
vt 0.856179 0.037464
vt 0.834260 0.012016
vt 0.834925 0.011168
vt 0.484144 0.550821
vt 0.483750 0.546642
vt 0.484794 0.546547
vt 0.482706 0.546741
vt 0.549894 0.544479
vt 0.551010 0.544535
vt 0.550775 0.548734
vt 0.552130 0.544600
vt 0.551793 0.548822
vt 0.824671 0.078220
vt 0.827333 0.073581
vt 0.828261 0.073834
vt 0.823720 0.077305
vt 0.826690 0.072827
vt 0.822963 0.078201
vt 0.813843 0.050166
vt 0.814665 0.049461
vt 0.551818 0.549817
vt 0.580181 0.551325
vt 0.580159 0.552353
vt 0.580508 0.547107
vt 0.581541 0.547177
vt 0.581256 0.551413
vt 0.582573 0.547239
vt 0.582330 0.551473
vt 0.814165 0.048479
vt 0.817951 0.044696
vt 0.818523 0.045739
vt 0.813365 0.047796
vt 0.817014 0.043972
vt 0.812726 0.048616
vt 0.808268 0.046559
vt 0.808063 0.045436
vt 0.582217 0.552487
vt 0.587267 0.551677
vt 0.587335 0.552726
vt 0.587328 0.547449
vt 0.588406 0.547461
vt 0.588399 0.551717
vt 0.589481 0.547453
vt 0.589524 0.551707
vt 0.807033 0.045409
vt 0.804642 0.039937
vt 0.805912 0.039915
vt 0.806300 0.046041
vt 0.803683 0.040647
vt 0.806950 0.046934
vt 0.797924 0.065516
vt 0.797134 0.064740
vt 0.589455 0.552753
vt 0.611088 0.550809
vt 0.611055 0.551810
vt 0.610862 0.546602
vt 0.611918 0.546572
vt 0.612049 0.550733
vt 0.612972 0.546548
vt 0.613050 0.550683
vt 0.796403 0.065593
vt 0.793269 0.061766
vt 0.793884 0.061011
vt 0.795481 0.066221
vt 0.792430 0.062263
vt 0.796080 0.067129
vt 0.783324 0.071154
vt 0.783456 0.070060
vt 0.613115 0.551764
vt 0.625838 0.550716
vt 0.625744 0.551721
vt 0.625895 0.546481
vt 0.626988 0.546508
vt 0.626867 0.550726
vt 0.628082 0.546545
vt 0.627891 0.550772
vt 0.782267 0.070000
vt 0.783659 0.065112
vt 0.784598 0.065136
vt 0.781199 0.069485
vt 0.782856 0.064612
vt 0.780734 0.070504
vt 0.765951 0.052104
vt 0.766466 0.051150
vt 0.627933 0.551771
vt 0.651573 0.552022
vt 0.651591 0.553053
vt 0.651741 0.547796
vt 0.652779 0.547831
vt 0.652655 0.552068
vt 0.653816 0.547860
vt 0.653734 0.552079
vt 0.765645 0.050570
vt 0.767638 0.045515
vt 0.768629 0.046110
vt 0.764649 0.050420
vt 0.766439 0.045374
vt 0.764443 0.051466
vt 0.757329 0.052896
vt 0.756810 0.051975
vt 0.653660 0.553105
vt 0.660948 0.552072
vt 0.661025 0.553095
vt 0.660862 0.547828
vt 0.661901 0.547804
vt 0.662025 0.552057
vt 0.662935 0.547771
vt 0.663101 0.552012
vt 0.755838 0.052444
vt 0.752768 0.048162
vt 0.753846 0.047640
vt 0.755111 0.053256
vt 0.751967 0.049076
vt 0.755836 0.054033
vt 0.749300 0.067125
vt 0.748298 0.066851
vt 0.663088 0.553039
vt 0.677283 0.551136
vt 0.677380 0.552200
vt 0.676858 0.546944
vt 0.677875 0.546854
vt 0.678264 0.551011
vt 0.678892 0.546757
vt 0.679295 0.550856
vt 0.748083 0.067882
vt 0.742926 0.067239
vt 0.743262 0.066057
vt 0.748190 0.068947
vt 0.742972 0.068408
vt 0.749314 0.069048
vt 0.754143 0.089886
vt 0.753021 0.089482
vt 0.679354 0.551963
vt 0.699821 0.548787
vt 0.699801 0.549782
vt 0.699435 0.544574
vt 0.700559 0.544485
vt 0.700852 0.548695
vt 0.701685 0.544410
vt 0.701879 0.548652
vt 0.752683 0.090746
vt 0.748051 0.087995
vt 0.748180 0.087012
vt 0.751833 0.091710
vt 0.747384 0.088682
vt 0.752737 0.092452
vt 0.728439 0.102461
vt 0.728657 0.101276
vt 0.702041 0.549631
vt 0.727093 0.547889
vt 0.726961 0.548877
vt 0.727001 0.543664
vt 0.728097 0.543653
vt 0.728167 0.547896
vt 0.350176 0.507376
vt 0.351271 0.507259
vt 0.351658 0.511509
vt 0.350593 0.511629
vt 0.727316 0.101081
vt 0.729382 0.096045
vt 0.730296 0.096086
vt 0.726206 0.100308
vt 0.728696 0.095452
vt 0.725587 0.101292
vt 0.711685 0.071681
vt 0.712689 0.071431
vt 0.351908 0.512515
vt 0.384559 0.508555
vt 0.384601 0.509577
vt 0.384203 0.504330
vt 0.385247 0.504255
vt 0.385550 0.508463
vt 0.386291 0.504182
vt 0.386555 0.508390
vt 0.712433 0.070348
vt 0.717363 0.069586
vt 0.717602 0.070530
vt 0.712384 0.069231
vt 0.717375 0.068577
vt 0.711352 0.069293
vt 0.716235 0.029219
vt 0.717245 0.029672
vt 0.386655 0.509427
vt 0.429845 0.506150
vt 0.429812 0.507158
vt 0.429599 0.501911
vt 0.430665 0.501881
vt 0.430806 0.506071
vt 0.431730 0.501855
vt 0.431809 0.506016
vt 0.717652 0.028635
vt 0.721966 0.030995
vt 0.721655 0.031878
vt 0.718309 0.027734
vt 0.722571 0.030266
vt 0.717432 0.027101
vt 0.737062 0.010820
vt 0.737533 0.011761
vt 0.431876 0.507104
vt 0.459496 0.505935
vt 0.459442 0.506954
vt 0.459482 0.501688
vt 0.460534 0.501704
vt 0.460483 0.505919
vt 0.461585 0.501723
vt 0.461490 0.505923
vt 0.738481 0.011261
vt 0.740307 0.015869
vt 0.739494 0.016305
vt 0.739518 0.010975
vt 0.741243 0.015687
vt 0.739226 0.009965
vt 0.772266 0.008347
vt 0.772064 0.009416
vt 0.461504 0.506978
vt 0.497655 0.507190
vt 0.497538 0.508193
vt 0.497778 0.502945
vt 0.498837 0.503006
vt 0.498624 0.507195
vt 0.499894 0.503070
vt 0.499632 0.507229
vt 0.773081 0.009567
vt 0.771901 0.014315
vt 0.770994 0.014165
vt 0.774029 0.009986
vt 0.772736 0.014775
vt 0.774396 0.008963
vt 0.786025 0.017708
vt 0.785846 0.018793
vt 0.499604 0.508313
vt 0.515405 0.508449
vt 0.515423 0.509501
vt 0.515624 0.504200
vt 0.516681 0.504247
vt 0.516521 0.508517
vt 0.517739 0.504279
vt 0.517632 0.508542
vt 0.786645 0.019012
vt 0.786905 0.024704
vt 0.785880 0.024552
vt 0.787407 0.018635
vt 0.787988 0.024258
vt 0.787136 0.017550
vt 0.799344 0.005569
vt 0.799723 0.006611
vt 0.517537 0.509579
vt 0.535920 0.508592
vt 0.535855 0.509628
vt 0.535974 0.504346
vt 0.537055 0.504370
vt 0.536939 0.508604
vt 0.538139 0.504400
vt 0.537950 0.508652
vt 0.800671 0.006160
vt 0.801790 0.010995
vt 0.800991 0.011470
vt 0.801702 0.006049
vt 0.802682 0.010911
vt 0.801571 0.004974
vt 0.832840 0.009868
vt 0.832352 0.010856
vt 0.537968 0.509679
vt 0.572136 0.510493
vt 0.571988 0.511493
vt 0.572327 0.506249
vt 0.573365 0.506318
vt 0.573123 0.510528
vt 0.445681 0.550867
vt 0.446709 0.550743
vt 0.446185 0.555026
vt 0.833377 0.011316
vt 0.830802 0.015536
vt 0.829921 0.015195
vt 0.831519 0.016160
vt 0.849045 0.070433
vt 0.849240 0.071385
vt 0.828500 0.072828
vt 0.828403 0.071814
vt 0.850023 0.070542
vt 0.849980 0.041454
vt 0.849052 0.040997
vt 0.849548 0.040108
vt 0.830770 0.016909
vt 0.829801 0.017235
vt 0.827477 0.072149
vt 0.819535 0.045426
vt 0.817401 0.042954
vt 0.805017 0.038336
vt 0.802734 0.037391
vt 0.803228 0.039090
vt 0.793020 0.060415
vt 0.792012 0.060321
vt 0.791983 0.061333
vt 0.784576 0.064140
vt 0.784199 0.063257
vt 0.783401 0.063784
vt 0.769471 0.045403
vt 0.766294 0.044292
vt 0.753700 0.046593
vt 0.751009 0.048610
vt 0.742316 0.065549
vt 0.741949 0.068692
vt 0.747190 0.086793
vt 0.746251 0.086895
vt 0.746675 0.087872
vt 0.730382 0.095053
vt 0.730186 0.094100
vt 0.729364 0.094650
vt 0.718657 0.070072
vt 0.719300 0.069174
vt 0.718464 0.068631
vt 0.722702 0.032132
vt 0.723720 0.031888
vt 0.723351 0.030964
vt 0.740142 0.017208
vt 0.741090 0.017656
vt 0.741421 0.016738
vt 0.770985 0.015245
vt 0.771457 0.016208
vt 0.772268 0.015678
vt 0.785317 0.025469
vt 0.788665 0.025179
vt 0.801460 0.012351
vt 0.802239 0.012896
vt 0.802667 0.011945
vt 0.829610 0.016223
vt 0.963668 0.473265
vt 0.964758 0.473342
vt 0.964496 0.477533
vt 0.963432 0.477439
vt 0.996324 0.460431
vt 0.995191 0.460429
vt 0.995276 0.456072
vt 0.996373 0.456068
vt 0.735986 0.106925
vt 0.736918 0.105811
vt 0.740337 0.110360
vt 0.739778 0.111197
vt 0.738252 0.105244
vt 0.741326 0.110097
vt 0.963213 0.478405
vt 0.913523 0.475828
vt 0.913539 0.474819
vt 0.735077 0.106106
vt 0.728351 0.155303
vt 0.727330 0.155310
vt 0.737717 0.104162
vt 0.773610 0.110868
vt 0.772908 0.111791
vt 0.995118 0.455018
vt 0.959378 0.455236
vt 0.959535 0.454226
vt 0.728595 0.157589
vt 0.728383 0.156457
vt 0.733287 0.155918
vt 0.733498 0.156854
vt 0.733295 0.154960
vt 0.911559 0.474750
vt 0.911499 0.475752
vt 0.871096 0.475118
vt 0.870966 0.474104
vt 0.727603 0.157820
vt 0.742696 0.192015
vt 0.742021 0.192951
vt 0.912548 0.474777
vt 0.912697 0.470618
vt 0.913720 0.470655
vt 0.911675 0.470585
vt 0.959197 0.459558
vt 0.958048 0.459489
vt 0.958320 0.455189
vt 0.956896 0.459411
vt 0.957274 0.455087
vt 0.773955 0.112573
vt 0.770092 0.116331
vt 0.769277 0.115836
vt 0.774580 0.113745
vt 0.770476 0.117248
vt 0.775584 0.113109
vt 0.775097 0.134953
vt 0.774114 0.135747
vt 0.957252 0.454073
vt 0.935245 0.452972
vt 0.935166 0.451863
vt 0.935005 0.457315
vt 0.933885 0.457261
vt 0.934002 0.452879
vt 0.932765 0.457244
vt 0.932783 0.452878
vt 0.774404 0.136836
vt 0.769731 0.142189
vt 0.769237 0.140994
vt 0.775370 0.137147
vt 0.770883 0.142671
vt 0.775907 0.136089
vt 0.816813 0.128537
vt 0.817440 0.129438
vt 0.932910 0.451769
vt 0.889383 0.455314
vt 0.889200 0.454262
vt 0.889764 0.459641
vt 0.888696 0.459748
vt 0.888228 0.455412
vt 0.887631 0.459871
vt 0.887086 0.455555
vt 0.818014 0.128897
vt 0.822526 0.132750
vt 0.821634 0.133522
vt 0.818082 0.127921
vt 0.822910 0.131577
vt 0.817068 0.127379
vt 0.813618 0.089158
vt 0.814672 0.089776
vt 0.887031 0.454489
vt 0.849150 0.461145
vt 0.849129 0.460127
vt 0.849734 0.465438
vt 0.848580 0.465578
vt 0.848102 0.461284
vt 0.847425 0.465704
vt 0.847056 0.461367
vt 0.815350 0.088530
vt 0.819454 0.092251
vt 0.819145 0.093122
vt 0.816470 0.087686
vt 0.820210 0.091782
vt 0.815777 0.086766
vt 0.848599 0.083342
vt 0.848066 0.084423
vt 0.846846 0.460335
vt 0.812453 0.463633
vt 0.812546 0.462613
vt 0.812628 0.467957
vt 0.811437 0.467984
vt 0.811396 0.463670
vt 0.810245 0.467995
vt 0.810350 0.463644
vt 0.849423 0.085069
vt 0.845787 0.089354
vt 0.844818 0.089026
vt 0.850360 0.086237
vt 0.846303 0.090219
vt 0.851239 0.085461
vt 0.870064 0.196760
vt 0.868925 0.196279
vt 0.810227 0.462590
vt 0.690195 0.459184
vt 0.690425 0.458185
vt 0.689993 0.463516
vt 0.688854 0.463445
vt 0.689086 0.459094
vt 0.710310 0.476844
vt 0.711407 0.476762
vt 0.711639 0.480962
vt 0.710581 0.481047
vt 0.868376 0.197701
vt 0.863589 0.194628
vt 0.863821 0.193636
vt 0.867241 0.198726
vt 0.862742 0.195217
vt 0.868076 0.199563
vt 0.833624 0.205952
vt 0.834031 0.204834
vt 0.711880 0.481965
vt 0.747624 0.479086
vt 0.747539 0.480065
vt 0.747491 0.474915
vt 0.748614 0.474899
vt 0.748644 0.479057
vt 0.749738 0.474897
vt 0.749657 0.479081
vt 0.832740 0.204333
vt 0.835591 0.199615
vt 0.836477 0.199840
vt 0.831769 0.203319
vt 0.835024 0.198841
vt 0.830936 0.204222
vt 0.824581 0.171191
vt 0.825392 0.170302
vt 0.749757 0.480052
vt 0.782194 0.479905
vt 0.782292 0.480942
vt 0.782197 0.475716
vt 0.783245 0.475706
vt 0.783340 0.479917
vt 0.784291 0.475675
vt 0.784474 0.479872
vt 0.825082 0.169444
vt 0.828138 0.163903
vt 0.828849 0.164872
vt 0.824392 0.169289
vt 0.827049 0.163595
vt 0.824122 0.170387
vt 0.744956 0.194430
vt 0.745254 0.193263
vt 0.784426 0.480913
vt 0.868939 0.474151
vt 0.868869 0.475135
vt 0.868688 0.469977
vt 0.869830 0.469934
vt 0.869956 0.474098
vt 0.870972 0.469906
vt 0.743838 0.192928
vt 0.746149 0.187869
vt 0.747127 0.187952
vt 0.745454 0.187178
vt 0.741637 0.112082
vt 0.741617 0.111067
vt 0.768766 0.116750
vt 0.768567 0.117769
vt 0.740638 0.111759
vt 0.734482 0.155101
vt 0.735288 0.155749
vt 0.734628 0.156490
vt 0.746155 0.186442
vt 0.747035 0.185892
vt 0.769530 0.117677
vt 0.768167 0.140981
vt 0.770982 0.143697
vt 0.821885 0.134551
vt 0.823938 0.131606
vt 0.820084 0.093541
vt 0.821028 0.093634
vt 0.820753 0.092674
vt 0.844477 0.089985
vt 0.844368 0.091021
vt 0.845409 0.090740
vt 0.862801 0.193403
vt 0.861712 0.193429
vt 0.862137 0.194395
vt 0.836755 0.198826
vt 0.836757 0.197822
vt 0.835843 0.198167
vt 0.829822 0.164534
vt 0.826862 0.162570
vt 0.747225 0.186929
vt 0.788382 0.495778
vt 0.787308 0.495823
vt 0.787135 0.491426
vt 0.788184 0.491381
vt 0.786232 0.495867
vt 0.786088 0.491456
vt 0.806085 0.302664
vt 0.806980 0.303474
vt 0.803404 0.306823
vt 0.802642 0.306167
vt 0.807744 0.304398
vt 0.804008 0.307621
vt 0.788163 0.490321
vt 0.856519 0.486720
vt 0.856662 0.487777
vt 0.806742 0.301897
vt 0.750657 0.268677
vt 0.750849 0.267589
vt 0.808563 0.303805
vt 0.821375 0.330196
vt 0.820198 0.330109
vt 0.786027 0.490399
vt 0.755939 0.492079
vt 0.756058 0.491048
vt 0.748048 0.268637
vt 0.749352 0.268476
vt 0.749321 0.273558
vt 0.748331 0.273762
vt 0.750307 0.273788
vt 0.580146 0.524058
vt 0.580267 0.523044
vt 0.624155 0.524776
vt 0.624225 0.525760
vt 0.747860 0.267557
vt 0.710286 0.290825
vt 0.709360 0.290194
vt 0.857735 0.487706
vt 0.857992 0.492122
vt 0.856900 0.492193
vt 0.579127 0.523992
vt 0.579955 0.528222
vt 0.578921 0.528167
vt 0.755945 0.496484
vt 0.754759 0.496468
vt 0.754862 0.492078
vt 0.753573 0.496437
vt 0.753795 0.492022
vt 0.820176 0.331467
vt 0.814926 0.329983
vt 0.814880 0.329068
vt 0.819578 0.332670
vt 0.814406 0.330736
vt 0.820649 0.333153
vt 0.777976 0.359627
vt 0.776997 0.359079
vt 0.753721 0.490954
vt 0.702882 0.489162
vt 0.702846 0.488071
vt 0.702700 0.493573
vt 0.701612 0.493542
vt 0.701715 0.489110
vt 0.700524 0.493526
vt 0.700553 0.489100
vt 0.776426 0.359851
vt 0.770942 0.357847
vt 0.771474 0.356900
vt 0.776432 0.360831
vt 0.770956 0.359081
vt 0.777532 0.361050
vt 0.787693 0.392918
vt 0.786514 0.392525
vt 0.700636 0.488022
vt 0.666556 0.489483
vt 0.666693 0.488453
vt 0.666544 0.493894
vt 0.665339 0.493870
vt 0.665476 0.489477
vt 0.664134 0.493830
vt 0.664408 0.489406
vt 0.786176 0.393866
vt 0.781231 0.391143
vt 0.781329 0.390146
vt 0.785251 0.394884
vt 0.780521 0.391806
vt 0.786169 0.395616
vt 0.748328 0.407670
vt 0.748576 0.406512
vt 0.664330 0.488328
vt 0.622108 0.486147
vt 0.622361 0.485130
vt 0.621726 0.490539
vt 0.620584 0.490425
vt 0.620992 0.486016
vt 0.786213 0.523831
vt 0.785130 0.523888
vt 0.784974 0.519712
vt 0.786026 0.519650
vt 0.747234 0.406245
vt 0.749354 0.401100
vt 0.750310 0.401181
vt 0.746141 0.405393
vt 0.748661 0.400401
vt 0.745498 0.406368
vt 0.735383 0.381313
vt 0.736095 0.380435
vt 0.784776 0.518712
vt 0.757013 0.520958
vt 0.756860 0.519940
vt 0.757294 0.525129
vt 0.756254 0.525210
vt 0.755900 0.521025
vt 0.755216 0.525307
vt 0.754800 0.521137
vt 0.735491 0.379820
vt 0.738422 0.374556
vt 0.739245 0.375334
vt 0.734552 0.379789
vt 0.737286 0.374386
vt 0.734181 0.380860
vt 0.713140 0.385376
vt 0.713565 0.384267
vt 0.754772 0.520108
vt 0.734215 0.523699
vt 0.734211 0.522717
vt 0.734669 0.527843
vt 0.733566 0.527954
vt 0.733200 0.523810
vt 0.732462 0.528052
vt 0.732187 0.523870
vt 0.712338 0.383927
vt 0.715145 0.379330
vt 0.716045 0.379469
vt 0.711404 0.383099
vt 0.714538 0.378702
vt 0.710643 0.383986
vt 0.701013 0.358931
vt 0.702159 0.359053
vt 0.732008 0.522915
vt 0.705195 0.525154
vt 0.705283 0.524174
vt 0.705298 0.529315
vt 0.704184 0.529327
vt 0.704176 0.525176
vt 0.703071 0.529324
vt 0.703163 0.525148
vt 0.702249 0.357789
vt 0.707329 0.359235
vt 0.707336 0.360148
vt 0.702891 0.356690
vt 0.707891 0.358476
vt 0.701841 0.356162
vt 0.721306 0.344247
vt 0.722233 0.344831
vt 0.703070 0.524175
vt 0.679471 0.524415
vt 0.679425 0.523394
vt 0.679403 0.528589
vt 0.678381 0.528580
vt 0.678389 0.524391
vt 0.677363 0.528580
vt 0.677308 0.524403
vt 0.722765 0.344213
vt 0.727947 0.346302
vt 0.727342 0.347217
vt 0.722811 0.343405
vt 0.728083 0.345136
vt 0.721735 0.343217
vt 0.708059 0.293018
vt 0.709169 0.293281
vt 0.677360 0.523388
vt 0.626238 0.525775
vt 0.626311 0.524786
vt 0.626314 0.529942
vt 0.625218 0.529944
vt 0.625228 0.525790
vt 0.624118 0.529940
vt 0.709503 0.291952
vt 0.714317 0.294051
vt 0.714209 0.295036
vt 0.714915 0.293274
vt 0.482831 0.585422
vt 0.481608 0.585662
vt 0.478498 0.581682
vt 0.480511 0.580425
vt 0.480881 0.586646
vt 0.476845 0.583352
vt 0.759480 0.326271
vt 0.760260 0.326935
vt 0.758384 0.332003
vt 0.757382 0.331262
vt 0.761283 0.326952
vt 0.759621 0.332086
vt 0.480196 0.579022
vt 0.502136 0.585402
vt 0.500790 0.586318
vt 0.759990 0.325495
vt 0.754758 0.314155
vt 0.755682 0.314730
vt 0.761418 0.326047
vt 0.770047 0.321662
vt 0.771069 0.321910
vt 0.475560 0.582731
vt 0.477414 0.602464
vt 0.476222 0.603436
vt 0.756286 0.312728
vt 0.755077 0.312953
vt 0.749421 0.306759
vt 0.750677 0.306386
vt 0.748897 0.307912
vt 0.502049 0.591072
vt 0.503600 0.591506
vt 0.481368 0.606530
vt 0.481421 0.604940
vt 0.756809 0.313765
vt 0.771061 0.319835
vt 0.770089 0.320160
vt 0.501758 0.588572
vt 0.497377 0.589023
vt 0.496527 0.588053
vt 0.496829 0.590225
vt 0.480174 0.599573
vt 0.481056 0.600624
vt 0.479271 0.604018
vt 0.482490 0.600493
vt 0.771635 0.320839
vt 0.778814 0.320370
vt 0.778282 0.321641
vt 0.778404 0.319159
vt 0.801986 0.307158
vt 0.749992 0.274771
vt 0.801990 0.308170
vt 0.749306 0.275499
vt 0.802983 0.308224
vt 0.813840 0.329097
vt 0.812899 0.329407
vt 0.748631 0.274754
vt 0.715691 0.293980
vt 0.716162 0.294894
vt 0.813525 0.330170
vt 0.770820 0.356045
vt 0.769832 0.359341
vt 0.780340 0.389983
vt 0.779346 0.390113
vt 0.779832 0.391045
vt 0.750375 0.400162
vt 0.750158 0.399127
vt 0.749320 0.399656
vt 0.740221 0.374841
vt 0.737153 0.373335
vt 0.716276 0.378486
vt 0.716169 0.377548
vt 0.715284 0.377993
vt 0.708385 0.360135
vt 0.709366 0.359830
vt 0.708760 0.359057
vt 0.727988 0.348091
vt 0.729161 0.344970
vt 0.715223 0.295148
vt 0.756978 0.332538
vt 0.748006 0.308150
vt 0.759098 0.333310
vt 0.778761 0.322431
vt 0.750984 0.305519
vt 0.778872 0.318379
vt 0.646632 0.540289
vt 0.645436 0.540304
vt 0.645363 0.534526
vt 0.646560 0.534511
vt 0.644239 0.540319
vt 0.644166 0.534541
vt 0.764689 0.557013
vt 0.765855 0.557003
vt 0.765902 0.562488
vt 0.764736 0.562498
vt 0.750467 0.538984
vt 0.749238 0.538999
vt 0.749165 0.533221
vt 0.750394 0.533206
vt 0.593030 0.540962
vt 0.591917 0.540976
vt 0.591844 0.535198
vt 0.592957 0.535184
vt 0.590803 0.540990
vt 0.590731 0.535212
vt 0.563277 0.541336
vt 0.562131 0.541351
vt 0.562059 0.535573
vt 0.563204 0.535558
vt 0.560986 0.541365
vt 0.560913 0.535587
vt 0.498464 0.518299
vt 0.497352 0.518333
vt 0.497264 0.512678
vt 0.498389 0.512675
vt 0.496271 0.518201
vt 0.496174 0.512842
vt 0.487388 0.518285
vt 0.486327 0.518307
vt 0.486217 0.513161
vt 0.487278 0.513139
vt 0.485267 0.518330
vt 0.485157 0.513184
vt 0.476616 0.518515
vt 0.475607 0.518537
vt 0.475497 0.513391
vt 0.476506 0.513369
vt 0.474597 0.518558
vt 0.474487 0.513412
vt 0.458199 0.518909
vt 0.457212 0.518930
vt 0.457102 0.513784
vt 0.458088 0.513763
vt 0.456225 0.518951
vt 0.456115 0.513805
vt 0.436875 0.519365
vt 0.435825 0.519387
vt 0.435715 0.514242
vt 0.436764 0.514219
vt 0.434776 0.519410
vt 0.434666 0.514264
vt 0.408954 0.519962
vt 0.407883 0.519985
vt 0.407773 0.514840
vt 0.408844 0.514817
vt 0.447987 0.559705
vt 0.449128 0.559696
vt 0.449175 0.565181
vt 0.448033 0.565191
vt 0.481826 0.559418
vt 0.482884 0.559409
vt 0.482931 0.564894
vt 0.481872 0.564903
vt 0.483942 0.559400
vt 0.483989 0.564885
vt 0.542638 0.558901
vt 0.543715 0.558892
vt 0.543761 0.564377
vt 0.542684 0.564386
vt 0.544792 0.558882
vt 0.544838 0.564368
vt 0.567555 0.558689
vt 0.568614 0.558680
vt 0.568661 0.564165
vt 0.567602 0.564174
vt 0.569673 0.558671
vt 0.569719 0.564156
vt 0.606558 0.558357
vt 0.607647 0.558348
vt 0.607693 0.563833
vt 0.606605 0.563842
vt 0.608735 0.558339
vt 0.608781 0.563824
vt 0.645447 0.558027
vt 0.646503 0.558018
vt 0.646550 0.563503
vt 0.645494 0.563512
vt 0.647559 0.558009
vt 0.647606 0.563494
vt 0.673604 0.557787
vt 0.674721 0.557778
vt 0.674768 0.563263
vt 0.673651 0.563272
vt 0.675838 0.557768
vt 0.675884 0.563253
vt 0.680843 0.557726
vt 0.681996 0.557716
vt 0.682043 0.563201
vt 0.680890 0.563211
vt 0.683149 0.557706
vt 0.683196 0.563191
vt 0.729938 0.557308
vt 0.731052 0.557299
vt 0.731098 0.562784
vt 0.729984 0.562793
vt 0.732165 0.557289
vt 0.732212 0.562775
vt 0.902266 0.266915
vt 0.902626 0.265913
vt 0.984937 0.263792
vt 0.985434 0.264715
vt 0.902689 0.264878
vt 0.984647 0.262739
vt 0.901700 0.265208
vt 0.895698 0.227752
vt 0.896443 0.227071
vt 0.900795 0.265817
vt 0.894496 0.227970
vt 0.986633 0.263193
vt 0.985675 0.262853
vt 0.980436 0.239753
vt 0.981318 0.239214
vt 0.979448 0.239929
vt 0.895735 0.226376
vt 0.900011 0.206735
vt 0.901032 0.206702
vt 0.894541 0.226134
vt 0.899051 0.206331
vt 0.937759 0.173591
vt 0.937029 0.174408
vt 0.926158 0.165316
vt 0.926777 0.164489
vt 0.923943 0.163638
vt 0.924002 0.164635
vt 0.904818 0.166566
vt 0.904336 0.165119
vt 0.900636 0.142019
vt 0.902740 0.165466
vt 0.886293 0.170931
vt 0.886086 0.170004
vt 0.902762 0.167034
vt 0.886149 0.171926
vt 0.885155 0.170462
vt 0.875994 0.154082
vt 0.876949 0.153750
vt 0.884422 0.171211
vt 0.874996 0.154135
vt 0.876358 0.152934
vt 0.899726 0.141507
vt 0.875563 0.152330
vt 0.899170 0.140436
vt 0.901131 0.141155
vt 0.951486 0.140121
vt 0.951892 0.141089
vt 0.901058 0.139963
vt 0.951576 0.139051
vt 0.952757 0.140623
vt 0.965289 0.152835
vt 0.965045 0.153788
vt 0.953345 0.139767
vt 0.966155 0.152024
vt 0.966051 0.154017
vt 0.976666 0.182932
vt 0.975830 0.183469
vt 0.967181 0.153609
vt 0.977687 0.182812
vt 0.976404 0.184242
vt 0.955241 0.207830
vt 0.954176 0.207783
vt 0.977305 0.184695
vt 0.956228 0.208558
vt 0.954108 0.208783
vt 0.954753 0.209790
vt 0.932408 0.223830
vt 0.931824 0.222950
vt 0.930505 0.226110
vt 0.931572 0.225972
vt 0.933236 0.237954
vt 0.932239 0.239283
vt 0.932788 0.241600
vt 0.933584 0.240947
vt 0.979436 0.238966
vt 0.935168 0.239410
vt 0.979787 0.238019
vt 0.729033 0.241592
vt 0.731177 0.238310
vt 0.744778 0.227795
vt 0.760708 0.226345
vt 0.748233 0.226627
vt 0.806959 0.224897
vt 0.794141 0.225266
vt 0.790479 0.227585
vt 0.786564 0.236971
vt 0.764560 0.229480
vt 0.786948 0.240630
vt 0.793708 0.252328
vt 0.794655 0.252759
vt 0.812541 0.243930
vt 0.810689 0.227849
vt 0.795714 0.252583
vt 0.810227 0.247571
vt 0.895016 0.065867
vt 0.925661 0.077594
vt 0.900244 0.069297
vt 0.941969 0.082696
vt 0.930132 0.077272
vt 0.944646 0.084592
vt 0.952878 0.093440
vt 0.954051 0.097640
vt 0.740911 0.069038
vt 0.750033 0.048189
vt 0.741382 0.065007
vt 0.766098 0.043226
vt 0.753595 0.045534
vt 0.784692 0.026354
vt 0.820566 0.045168
vt 0.817769 0.041929
vt 0.804189 0.036982
vt 0.789380 0.026020
vt 0.803395 0.037034
vt 0.770355 0.044735
vt 0.841260 0.140020
vt 0.830841 0.164263
vt 0.767061 0.140873
vt 0.826612 0.161526
vt 0.771149 0.144771
vt 0.822090 0.135610
vt 0.824991 0.131562
vt 0.748954 0.355169
vt 0.768773 0.359658
vt 0.741243 0.374401
vt 0.770206 0.355155
vt 0.758330 0.334775
vt 0.779200 0.323299
vt 0.779302 0.317493
vt 0.751387 0.304630
vt 0.730207 0.344757
vt 0.747073 0.308483
vt 0.756624 0.334188
vt 0.728581 0.349011
vt 0.736949 0.372271
vt 0.536137 0.512333
vt 0.536195 0.517845
vt 0.990689 0.270028
vt 0.898667 0.272686
vt 0.896350 0.270743
vt 0.888544 0.228062
vt 0.888607 0.225922
vt 0.894138 0.202772
vt 0.930792 0.176137
vt 0.924057 0.171082
vt 0.922286 0.170583
vt 0.905635 0.172395
vt 0.903655 0.172919
vt 0.883506 0.177904
vt 0.881131 0.176869
vt 0.868342 0.152539
vt 0.869116 0.149903
vt 0.897421 0.134697
vt 0.899680 0.134189
vt 0.953463 0.133330
vt 0.955650 0.134195
vt 0.971119 0.148717
vt 0.972318 0.150588
vt 0.983775 0.183583
vt 0.983333 0.186098
vt 0.960283 0.212810
vt 0.958702 0.214117
vt 0.938283 0.226803
vt 0.937539 0.228421
vt 0.937907 0.232828
vt 0.939252 0.233840
vt 0.983609 0.232634
vt 0.985924 0.234456
vt 0.992603 0.267640
vt 0.931925 0.241020
vt 0.931322 0.240003
vt 0.929463 0.226294
vt 0.932287 0.192629
vt 0.931285 0.222035
vt 0.923841 0.162607
vt 0.938408 0.172768
vt 0.927417 0.163674
vt 0.757346 0.334825
vt 0.794920 0.251629
vt 0.763329 0.227141
vt 0.746372 0.226943
vt 0.729708 0.239688
vt 0.786421 0.238846
vt 0.811964 0.246144
vt 0.809393 0.225737
vt 0.792002 0.225959
vt 0.954084 0.095405
vt 0.943436 0.083475
vt 0.927813 0.076835
vt 0.896538 0.069316
vt 0.819718 0.043221
vt 0.768534 0.043390
vt 0.751388 0.046377
vt 0.740699 0.066991
vt 0.787037 0.027016
vt 0.767986 0.143753
vt 0.824329 0.134127
vt 0.829396 0.161974
vt 0.768672 0.357134
vt 0.739489 0.372471
vt 0.730076 0.347210
vt 0.748092 0.305127
vt 0.780857 0.320396
vt 0.897331 0.271938
vt 0.901350 0.266622
vt 0.991928 0.269070
vt 0.986340 0.264221
vt 0.888509 0.226990
vt 0.894433 0.227048
vt 0.894718 0.201745
vt 0.899494 0.205507
vt 0.895560 0.200917
vt 0.900239 0.204924
vt 0.931246 0.177852
vt 0.931287 0.176930
vt 0.937688 0.175433
vt 0.937750 0.176508
vt 0.923218 0.170693
vt 0.925094 0.164801
vt 0.904639 0.172613
vt 0.903789 0.166750
vt 0.882207 0.177604
vt 0.885163 0.171822
vt 0.868441 0.151134
vt 0.874954 0.153132
vt 0.898530 0.134373
vt 0.900090 0.140106
vt 0.954607 0.133636
vt 0.952515 0.139254
vt 0.971781 0.149610
vt 0.966753 0.152763
vt 0.983719 0.184869
vt 0.977696 0.183790
vt 0.959535 0.213510
vt 0.955540 0.209231
vt 0.937685 0.227502
vt 0.931762 0.224769
vt 0.938375 0.233616
vt 0.933938 0.238953
vt 0.984921 0.233368
vt 0.980729 0.238398
vt 0.939712 0.177349
vt 0.939914 0.174926
vt 0.925669 0.162734
vt 0.929727 0.223822
vt 0.712806 0.211003
vt 0.502408 0.492848
vt 0.698053 0.236720
vt 0.470255 0.494264
vt 0.740305 0.196491
vt 0.536008 0.492481
vt 0.772846 0.193518
vt 0.572270 0.493069
vt 0.816356 0.192294
vt 0.616443 0.494185
vt 0.886830 0.496196
vt 0.838073 0.214311
vt 0.855125 0.499828
vt 0.841821 0.255736
vt 0.812054 0.503232
vt 0.823573 0.278302
vt 0.782368 0.504402
vt 0.792751 0.282952
vt 0.750525 0.504459
vt 0.767032 0.271024
vt 0.721928 0.503662
vt 0.757573 0.234681
vt 0.684405 0.501045
vt 0.748977 0.234715
vt 0.674612 0.501238
vt 0.736734 0.244349
vt 0.657695 0.502039
vt 0.729900 0.272861
vt 0.627804 0.504721
vt 0.693299 0.267969
vt 0.589637 0.504825
vt 0.438497 0.496342
vt 0.797080 0.245106
vt 0.758120 0.606897
vt 0.793554 0.238551
vt 0.760655 0.590784
vt 0.805440 0.242043
vt 0.775561 0.615311
vt 0.804320 0.231415
vt 0.788636 0.597201
vt 0.796146 0.231816
vt 0.775733 0.584340
vt 0.717538 0.215811
vt 0.704597 0.238845
vt 0.742245 0.202962
vt 0.773000 0.200393
vt 0.813607 0.198475
vt 0.831792 0.217006
vt 0.835343 0.253690
vt 0.820197 0.272481
vt 0.793531 0.276208
vt 0.772103 0.266496
vt 0.762526 0.228090
vt 0.746716 0.227968
vt 0.730661 0.240322
vt 0.725882 0.266499
vt 0.699385 0.263399
vt 0.787363 0.238800
vt 0.811112 0.245598
vt 0.808725 0.226516
vt 0.792547 0.226753
vt 0.980972 0.135294
vt 0.724948 0.575648
vt 0.996236 0.098102
vt 0.564677 0.525817
vt 0.766490 0.571848
vt 0.943078 0.124356
vt 0.685270 0.575587
vt 0.945627 0.098113
vt 0.660922 0.573503
vt 0.938872 0.090080
vt 0.650599 0.573176
vt 0.928783 0.085400
vt 0.639200 0.573055
vt 0.878603 0.121242
vt 0.575409 0.576005
vt 0.856284 0.104084
vt 0.547795 0.575373
vt 0.868063 0.009301
vt 0.450925 0.567265
vt 0.343120 0.520119
vt 0.909122 0.022208
vt 0.383055 0.526351
vt 0.904262 0.055684
vt 0.416739 0.533975
vt 0.930712 0.032377
vt 0.454509 0.529680
vt 0.973495 0.045599
vt 0.502327 0.526580
vt 0.992202 0.069304
vt 0.534147 0.525730
vt 0.977643 0.128681
vt 0.989443 0.097196
vt 0.949016 0.119903
vt 0.952933 0.095737
vt 0.942831 0.084341
vt 0.927936 0.077970
vt 0.878726 0.114109
vt 0.862835 0.101670
vt 0.872643 0.015940
vt 0.903113 0.026309
vt 0.897207 0.068285
vt 0.931904 0.039198
vt 0.969554 0.051168
vt 0.985908 0.071911
vt 0.855343 0.076182
vt 0.521008 0.549308
vt 0.856690 0.038626
vt 0.484237 0.551850
vt 0.824124 0.079173
vt 0.550717 0.549733
vt 0.813433 0.049235
vt 0.581186 0.552450
vt 0.807461 0.046411
vt 0.588399 0.552790
vt 0.797095 0.066411
vt 0.612071 0.551777
vt 0.781982 0.071029
vt 0.626840 0.551729
vt 0.765285 0.051555
vt 0.652625 0.553110
vt 0.756452 0.053287
vt 0.662058 0.553097
vt 0.749153 0.068048
vt 0.678351 0.552101
vt 0.753647 0.091309
vt 0.700922 0.549686
vt 0.726912 0.102131
vt 0.728067 0.548908
vt 0.350807 0.512628
vt 0.711424 0.070503
vt 0.385624 0.509492
vt 0.716718 0.028109
vt 0.430830 0.507120
vt 0.738101 0.010299
vt 0.460467 0.506956
vt 0.773345 0.008533
vt 0.498559 0.508242
vt 0.786599 0.017941
vt 0.516482 0.509580
vt 0.800431 0.005113
vt 0.536914 0.509635
vt 0.833932 0.010405
vt 0.572995 0.511576
vt 0.446355 0.556062
vt 0.849969 0.071269
vt 0.850092 0.040665
vt 0.827752 0.072873
vt 0.818800 0.043950
vt 0.803968 0.038481
vt 0.792739 0.061137
vt 0.783873 0.064358
vt 0.768069 0.044466
vt 0.752098 0.047279
vt 0.741834 0.067112
vt 0.747338 0.087564
vt 0.729691 0.095287
vt 0.718234 0.069421
vt 0.722707 0.031385
vt 0.740642 0.016664
vt 0.771706 0.015124
vt 0.786972 0.025841
vt 0.801972 0.011781
vt 0.830370 0.016258
vt 0.736231 0.104891
vt 0.964307 0.478525
vt 0.996253 0.455026
vt 0.727382 0.156584
vt 0.912510 0.475782
vt 0.774770 0.111814
vt 0.958389 0.454172
vt 0.775191 0.135913
vt 0.934032 0.451728
vt 0.817205 0.128186
vt 0.888108 0.454331
vt 0.814520 0.087776
vt 0.847988 0.460264
vt 0.850104 0.084157
vt 0.811383 0.462642
vt 0.869324 0.198359
vt 0.689282 0.458065
vt 0.710781 0.482038
vt 0.832156 0.205305
vt 0.748651 0.480037
vt 0.824542 0.170426
vt 0.783364 0.480982
vt 0.743358 0.193950
vt 0.869985 0.475090
vt 0.740821 0.111008
vt 0.734226 0.155828
vt 0.769488 0.116901
vt 0.768934 0.142932
vt 0.823388 0.133418
vt 0.820067 0.092802
vt 0.845272 0.089974
vt 0.862909 0.194181
vt 0.836040 0.198895
vt 0.828717 0.162976
vt 0.746488 0.187134
vt 0.807714 0.302798
vt 0.787095 0.490369
vt 0.749354 0.267407
vt 0.579246 0.522978
vt 0.857594 0.486635
vt 0.821264 0.331733
vt 0.754885 0.491035
vt 0.777453 0.360225
vt 0.701739 0.488004
vt 0.787174 0.394423
vt 0.665506 0.488431
vt 0.746812 0.407287
vt 0.621216 0.484974
vt 0.785862 0.518656
vt 0.734959 0.380790
vt 0.755810 0.519979
vt 0.711756 0.384879
vt 0.733110 0.522836
vt 0.701184 0.357479
vt 0.704174 0.524195
vt 0.721782 0.343832
vt 0.678391 0.523356
vt 0.708517 0.291510
vt 0.625232 0.524801
vt 0.760573 0.326114
vt 0.477659 0.580638
vt 0.755867 0.313808
vt 0.503265 0.588272
vt 0.770593 0.320875
vt 0.478628 0.605329
vt 0.802724 0.307466
vt 0.749315 0.274366
vt 0.814133 0.329761
vt 0.769830 0.357492
vt 0.780525 0.390748
vt 0.749656 0.400356
vt 0.738938 0.373551
vt 0.715561 0.378631
vt 0.708129 0.359464
vt 0.728994 0.346746
vt 0.715058 0.294387
vt 0.757910 0.333275
vt 0.748820 0.306033
vt 0.779741 0.320382
vt 0.901868 0.265950
vt 0.985719 0.263683
vt 0.895404 0.227058
vt 0.900847 0.205736
vt 0.900132 0.206004
vt 0.938739 0.176901
vt 0.938775 0.175180
vt 0.925402 0.163801
vt 0.903623 0.165206
vt 0.885531 0.171103
vt 0.875708 0.153361
vt 0.900349 0.141021
vt 0.952238 0.140032
vt 0.965944 0.153258
vt 0.976914 0.183654
vt 0.954876 0.208525
vt 0.930764 0.224312
vt 0.932656 0.240395
vt 0.980215 0.239015
vt 0.933914 0.190754
vt 0.931481 0.191839
vt 0.932530 0.191045
vt 0.933283 0.191820
vt 0.933153 0.189941
vt 0.932358 0.189225
vt 0.926539 0.186630
vt 0.930710 0.191039
vt 0.927707 0.185427
vt 0.931654 0.190192
vt 0.927211 0.186121
s 1
usemtl MP_Die_aiSS
f 5/1/1 6/2/2 1/3/3 49/4/4
f 1/3/3 2/5/5 3/6/6 49/4/4
f 3/6/6 4/7/7 5/1/1 49/4/4
f 11/8/8 12/9/9 7/10/10 50/11/11
f 7/10/10 8/12/12 9/13/13 50/11/11
f 9/13/13 10/14/14 11/8/8 50/11/11
f 17/15/15 18/16/16 13/17/17 51/18/18
f 13/17/17 14/19/19 15/20/20 51/18/18
f 15/20/20 16/21/21 17/15/15 51/18/18
f 23/22/22 24/23/23 19/24/24 52/25/25
f 19/24/24 20/26/26 21/27/27 52/25/25
f 21/27/27 22/28/28 23/22/22 52/25/25
f 29/29/29 30/30/30 25/31/31 53/32/32
f 25/31/31 26/33/33 27/34/34 53/32/32
f 27/34/34 28/35/35 29/29/29 53/32/32
f 35/36/36 36/37/37 31/38/38 54/39/39
f 31/38/38 32/40/40 33/41/41 54/39/39
f 33/41/41 34/42/42 35/36/36 54/39/39
f 41/43/43 42/44/44 37/45/45 55/46/46
f 37/45/45 38/47/47 39/48/48 55/46/46
f 39/48/48 40/49/49 41/43/43 55/46/46
f 47/50/50 48/51/51 43/52/52 56/53/53
f 43/52/52 44/54/54 45/55/55 56/53/53
f 45/55/55 46/56/56 47/50/50 56/53/53
f 28/35/35 27/34/34 59/57/57 58/58/58
f 27/34/34 26/33/33 60/59/59 59/57/57
f 43/52/52 62/60/60 61/61/61 44/54/54
f 63/62/62 62/60/60 43/52/52 48/51/51
f 20/26/26 19/24/24 65/63/63 64/64/64
f 19/24/24 24/23/23 66/65/65 65/63/63
f 5/1/1 68/66/66 67/67/67 6/2/2
f 57/68/68 68/66/66 5/1/1 4/7/7
f 58/58/58 70/69/69 69/70/70 28/35/35
f 36/37/37 35/36/36 72/71/71 71/72/72
f 73/73/73 72/71/71 35/36/36 34/42/42
f 42/44/44 41/43/43 75/74/74 74/75/75
f 76/76/76 75/74/74 41/43/43 40/49/49
f 78/77/77 77/78/78 63/62/62 48/51/51
f 48/51/51 47/50/50 79/79/79 78/77/77
f 80/80/80 79/79/79 47/50/50 46/56/56
f 30/30/30 29/29/29 82/81/81 81/82/82
f 69/70/70 82/81/81 29/29/29 28/35/35
f 85/83/63 84/84/65 18/16/16 17/15/15
f 86/85/64 85/83/63 17/15/15 16/21/21
f 40/49/49 88/86/62 87/87/78 76/76/76
f 40/49/49 39/48/48 89/88/60 88/86/62
f 90/89/61 89/88/60 39/48/48 38/47/47
f 92/90/57 91/91/59 32/40/40 31/38/38
f 93/92/58 92/90/57 31/38/38 36/37/37
f 36/37/37 71/72/72 94/93/69 93/92/58
f 8/12/12 7/10/10 96/94/66 95/95/68
f 83/96/67 96/94/66 7/10/10 12/9/9
f 21/27/27 99/97/79 98/98/80 22/28/28
f 100/99/77 99/97/79 21/27/27 20/26/26
f 64/64/64 101/100/78 100/99/77 20/26/26
f 103/101/76 102/102/78 86/85/64 16/21/21
f 15/20/20 104/103/74 103/101/76 16/21/21
f 105/104/75 104/103/74 15/20/20 14/19/19
f 9/13/13 107/105/71 106/106/73 10/14/14
f 108/107/72 107/105/71 9/13/13 8/12/12
f 95/95/68 109/108/69 108/107/72 8/12/12
f 111/109/70 110/110/69 57/68/68 4/7/7
f 3/6/6 112/111/81 111/109/70 4/7/7
f 97/112/82 112/111/81 3/6/6 2/5/5
f 67/67/67 114/113/83 113/114/84 6/2/2
f 116/115/85 115/116/83 83/96/67 12/9/9
f 11/8/8 117/117/86 116/115/85 12/9/9
f 118/118/87 117/117/86 11/8/8 10/14/14
f 106/106/73 119/119/88 118/118/87 10/14/14
f 121/120/89 120/121/88 73/73/73 34/42/42
f 34/42/42 33/41/41 122/122/90 121/120/89
f 33/41/41 32/40/40 123/123/91 122/122/90
f 91/91/59 124/124/92 123/123/91 32/40/40
f 126/125/93 125/126/92 60/59/59 26/33/33
f 26/33/33 25/31/31 127/127/94 126/125/93
f 25/31/31 30/30/30 128/128/95 127/127/94
f 81/82/82 129/129/96 128/128/95 30/30/30
f 131/130/97 130/131/96 97/112/82 2/5/5
f 2/5/5 1/3/3 132/132/98 131/130/97
f 1/3/3 6/2/2 113/114/84 132/132/98
f 18/16/16 84/84/65 134/133/83 133/134/85
f 136/135/84 135/136/83 66/65/65 24/23/23
f 137/137/98 136/135/84 24/23/23 23/22/22
f 138/138/97 137/137/98 23/22/22 22/28/28
f 98/98/80 139/139/96 138/138/97 22/28/28
f 46/56/56 141/140/95 140/141/96 80/80/80
f 142/142/94 141/140/95 46/56/56 45/55/55
f 143/143/93 142/142/94 45/55/55 44/54/54
f 61/61/61 144/144/92 143/143/93 44/54/54
f 38/47/47 146/145/91 145/146/92 90/89/61
f 147/147/90 146/145/91 38/47/47 37/45/45
f 148/148/89 147/147/90 37/45/45 42/44/44
f 42/44/44 74/75/75 149/149/88 148/148/89
f 151/150/87 150/151/88 105/104/75 14/19/19
f 14/19/19 13/17/17 152/152/86 151/150/87
f 133/134/85 152/152/86 13/17/17 18/16/16
f 634/153/99 633/154/100 635/155/98 636/156/98
f 644/157/101 643/158/102 645/159/86 646/160/86
f 646/160/86 645/159/86 647/161/103 648/162/104
f 654/163/105 653/164/106 655/165/90 656/166/90
f 656/166/90 655/165/90 657/167/107 658/168/108
f 664/169/109 663/170/110 665/171/94 666/172/94
f 666/172/94 665/171/94 667/173/111 668/174/112
f 640/175/113 639/176/114 636/156/98 635/155/98
f 673/177/115 674/178/115 675/179/98 676/180/98
f 684/181/116 683/182/116 685/183/86 686/184/86
f 686/184/86 685/183/86 687/185/117 688/186/117
f 694/187/118 693/188/118 695/189/90 696/190/90
f 696/190/90 695/189/90 697/191/119 698/192/119
f 704/193/120 703/194/120 705/195/94 706/196/94
f 706/196/94 705/195/94 707/197/121 708/198/121
f 680/199/122 679/200/122 676/180/98 675/179/98
f 713/201/115 714/202/115 715/203/98 716/204/98
f 724/205/116 723/206/116 725/207/86 726/208/86
f 726/208/86 725/207/86 727/209/117 728/210/117
f 734/211/118 733/212/118 735/213/90 736/214/90
f 736/214/90 735/213/90 737/215/119 738/216/119
f 744/217/120 743/218/120 745/219/94 746/220/94
f 746/220/94 745/219/94 747/221/121 748/222/121
f 720/223/122 719/224/122 716/204/98 715/203/98
f 753/225/123 754/226/124 755/227/98 756/228/98
f 764/229/125 763/230/126 765/231/86 766/232/86
f 766/232/86 765/231/86 767/233/127 768/234/128
f 774/235/129 773/236/130 775/237/90 776/238/90
f 776/238/90 775/237/90 777/239/131 778/240/132
f 784/241/133 783/242/134 785/243/94 786/244/94
f 786/244/94 785/243/94 787/245/135 788/246/136
f 760/247/137 759/248/138 756/228/98 755/227/98
f 794/249/139 793/250/140 795/251/81 796/252/81
f 804/253/141 803/254/142 805/255/79 806/256/79
f 806/256/79 805/255/79 807/257/143 808/258/144
f 814/259/145 813/260/146 815/261/74 816/262/74
f 816/262/74 815/261/74 817/263/147 818/264/148
f 824/265/149 823/266/150 825/267/71 826/268/71
f 826/268/71 825/267/71 827/269/151 828/270/152
f 800/271/153 799/272/154 796/252/81 795/251/81
f 833/273/155 834/274/155 835/275/81 836/276/81
f 844/277/156 843/278/156 845/279/79 846/280/79
f 846/280/79 845/279/79 847/281/157 848/282/157
f 854/283/158 853/284/158 855/285/74 856/286/74
f 856/286/74 855/285/74 857/287/159 858/288/159
f 864/289/160 863/290/160 865/291/71 866/292/71
f 866/292/71 865/291/71 867/293/161 868/294/161
f 840/295/162 839/296/162 836/276/81 835/275/81
f 873/297/155 874/298/155 875/299/81 876/300/81
f 884/301/156 883/302/156 885/303/79 886/304/79
f 886/304/79 885/303/79 887/305/157 888/306/157
f 894/307/158 893/308/158 895/309/74 896/310/74
f 896/310/74 895/309/74 897/311/159 898/312/159
f 904/313/160 903/314/160 905/315/71 906/316/71
f 906/316/71 905/315/71 907/317/161 908/318/161
f 880/319/162 879/320/162 876/300/81 875/299/81
f 913/321/163 914/322/164 915/323/81 916/324/81
f 924/325/165 923/326/166 925/327/79 926/328/79
f 926/328/79 925/327/79 927/329/167 928/330/168
f 934/331/169 933/332/170 935/333/74 936/334/74
f 936/334/74 935/333/74 937/335/171 938/336/172
f 944/337/173 943/338/174 945/339/71 946/340/71
f 946/340/71 945/339/71 947/341/175 948/342/176
f 920/343/177 919/344/178 916/324/81 915/323/81
f 953/345/60 954/346/60 955/347/179 956/348/180
f 954/346/60 953/345/60 957/349/181 958/350/182
f 964/351/183 963/352/184 965/353/63 966/354/63
f 966/354/63 965/353/63 967/355/185 968/356/186
f 974/357/187 973/358/188 975/359/66 976/360/66
f 976/360/66 975/359/66 977/361/189 978/362/190
f 984/363/191 983/364/192 985/365/57 986/366/57
f 986/366/57 985/365/57 987/367/193 988/368/194
f 993/369/60 994/370/60 995/371/195 996/372/195
f 994/370/60 993/369/60 997/373/196 998/374/196
f 1004/375/197 1003/376/197 1005/377/63 1006/378/63
f 1006/378/63 1005/377/63 1007/379/198 1008/380/198
f 1014/381/199 1013/382/199 1015/383/66 1016/384/66
f 1016/384/66 1015/383/66 1017/385/200 1018/386/200
f 1024/387/201 1023/388/201 1025/389/57 1026/390/57
f 1026/390/57 1025/389/57 1027/391/202 1028/392/202
f 1033/393/60 1034/394/60 1035/395/195 1036/396/195
f 1034/394/60 1033/393/60 1037/397/196 1038/398/196
f 1044/399/197 1043/400/197 1045/401/63 1046/402/63
f 1046/402/63 1045/401/63 1047/403/198 1048/404/198
f 1054/405/199 1053/406/199 1055/407/66 1056/408/66
f 1056/408/66 1055/407/66 1057/409/200 1058/410/200
f 1064/411/201 1063/412/201 1065/413/57 1066/414/57
f 1066/414/57 1065/413/57 1067/415/202 1068/416/202
f 1073/417/60 1074/418/60 1075/419/203 1076/420/204
f 1074/418/60 1073/417/60 1077/421/205 1078/422/206
f 1084/423/207 1083/424/208 1085/425/63 1086/426/63
f 1086/426/63 1085/425/63 1087/427/209 1088/428/210
f 1094/429/211 1093/430/212 1095/431/66 1096/432/66
f 1096/432/66 1095/431/66 1097/433/213 1098/434/214
f 1104/435/215 1103/436/216 1105/437/57 1106/438/57
f 1106/438/57 1105/437/57 1107/439/217 1108/440/218
f 246/441/219 248/442/98 137/137/98 138/138/97
f 248/442/98 226/443/220 136/135/84 137/137/98
f 95/95/68 96/94/66 423/444/66 425/445/221
f 422/446/222 423/444/66 96/94/66 83/96/67
f 151/150/87 152/152/86 229/447/86 231/448/223
f 228/449/224 229/447/86 152/152/86 133/134/85
f 416/450/225 418/451/63 85/83/63 86/85/64
f 418/451/63 419/452/226 84/84/65 85/83/63
f 240/453/227 242/454/94 142/142/94 143/143/93
f 242/454/94 243/455/228 141/140/95 142/142/94
f 428/456/229 430/457/57 92/90/57 93/92/58
f 430/457/57 431/458/230 91/91/59 92/90/57
f 81/82/82 82/81/81 343/459/81 322/460/231
f 342/461/232 343/459/81 82/81/81 69/70/70
f 234/462/233 236/463/90 147/147/90 148/148/89
f 236/463/90 237/464/234 146/145/91 147/147/90
f 71/72/72 72/71/71 337/465/71 339/466/235
f 336/467/236 337/465/71 72/71/71 73/73/73
f 88/86/62 89/88/60 412/468/60 413/469/237
f 434/470/238 412/468/60 89/88/60 90/89/61
f 74/75/75 75/74/74 331/471/74 333/472/239
f 330/473/240 331/471/74 75/74/74 76/76/76
f 78/77/77 79/79/79 325/474/79 327/475/241
f 324/476/242 325/474/79 79/79/79 80/80/80
f 116/115/85 117/117/86 158/477/86 155/478/224
f 160/479/223 158/477/86 117/117/86 118/118/87
f 121/120/89 122/122/90 163/480/90 161/481/233
f 122/122/90 123/123/91 166/482/234 163/480/90
f 126/125/93 127/127/94 169/483/94 167/484/227
f 127/127/94 128/128/95 172/485/228 169/483/94
f 131/130/97 132/132/98 175/486/98 173/487/219
f 132/132/98 113/114/84 154/488/220 175/486/98
f 156/489/243 157/490/86 182/491/86 179/492/243
f 184/493/244 182/491/86 157/490/86 159/494/244
f 162/495/245 164/496/90 187/497/90 185/498/245
f 164/496/90 165/499/246 190/500/246 187/497/90
f 168/501/247 170/502/94 193/503/94 191/504/247
f 170/502/94 171/505/248 196/506/248 193/503/94
f 174/507/249 176/508/98 199/509/98 197/510/249
f 176/508/98 153/511/250 177/512/250 199/509/98
f 206/513/86 203/514/243 2291/515/243 2292/516/86
f 208/517/244 206/513/86 2292/516/86 2293/518/244
f 186/519/245 188/520/90 211/521/90 209/522/245
f 188/520/90 189/523/246 214/524/246 211/521/90
f 192/525/247 194/526/94 217/527/94 215/528/247
f 194/526/94 195/529/248 220/530/248 217/527/94
f 198/531/249 200/532/98 223/533/98 221/534/249
f 200/532/98 178/535/250 201/536/250 223/533/98
f 204/537/243 205/538/86 230/539/86 227/540/243
f 232/541/244 230/539/86 205/538/86 207/542/244
f 210/543/245 212/544/90 235/545/90 233/546/245
f 212/544/90 213/547/246 238/548/246 235/545/90
f 216/549/247 218/550/94 241/551/94 239/552/247
f 218/550/94 219/553/248 244/554/248 241/551/94
f 222/555/249 224/556/98 247/557/98 245/558/249
f 224/556/98 202/559/250 225/560/250 247/557/98
f 98/98/80 99/97/79 254/561/79 251/562/242
f 256/563/241 254/561/79 99/97/79 100/99/77
f 103/101/76 104/103/74 260/564/74 257/565/240
f 262/566/251 260/564/74 104/103/74 105/104/75
f 106/106/73 107/105/71 266/567/71 263/568/236
f 268/569/235 266/567/71 107/105/71 108/107/72
f 111/109/70 112/111/81 272/570/81 269/571/232
f 250/572/231 272/570/81 112/111/81 97/112/82
f 252/573/252 253/574/79 278/575/79 275/576/252
f 280/577/253 278/575/79 253/574/79 255/578/253
f 258/579/254 259/580/74 284/581/74 281/582/254
f 286/583/255 284/581/74 259/580/74 261/584/255
f 264/585/256 265/586/71 290/587/71 287/588/256
f 292/589/257 290/587/71 265/586/71 267/590/257
f 270/591/258 271/592/81 296/593/81 293/594/258
f 273/595/259 296/593/81 271/592/81 249/596/259
f 276/597/252 277/598/79 302/599/79 299/600/252
f 304/601/253 302/599/79 277/598/79 279/602/253
f 282/603/254 283/604/74 308/605/74 305/606/254
f 310/607/255 308/605/74 283/604/74 285/608/255
f 288/609/256 289/610/71 2270/611/71 2271/612/256
f 289/610/71 291/613/257 2269/614/257 2270/611/71
f 294/615/258 295/616/81 320/617/81 317/618/258
f 297/619/259 320/617/81 295/616/81 274/620/259
f 300/621/252 301/622/79 326/623/79 323/624/252
f 328/625/253 326/623/79 301/622/79 303/626/253
f 306/627/254 307/628/74 332/629/74 329/630/254
f 334/631/255 332/629/74 307/628/74 309/632/255
f 312/633/256 313/634/71 338/635/71 335/636/256
f 340/637/257 338/635/71 313/634/71 315/638/257
f 318/639/258 319/640/81 344/641/81 341/642/258
f 321/643/259 344/641/81 319/640/81 298/644/259
f 348/645/237 346/646/60 62/60/60 63/62/62
f 64/64/64 65/63/63 351/647/63 349/648/225
f 65/63/63 66/65/65 354/649/226 351/647/63
f 67/67/67 68/66/66 358/650/66 355/651/222
f 360/652/221 358/650/66 68/66/66 57/68/68
f 58/58/58 59/57/57 363/653/57 361/654/229
f 59/57/57 60/59/59 366/655/230 363/653/57
f 370/656/260 367/657/60 345/658/60 347/659/260
f 350/660/261 352/661/63 373/662/63 371/663/261
f 352/661/63 353/664/262 376/665/262 373/662/63
f 356/666/263 357/667/66 380/668/66 377/669/263
f 382/670/264 380/668/66 357/667/66 359/671/264
f 362/672/265 364/673/57 385/674/57 383/675/265
f 364/673/57 365/676/266 388/677/266 385/674/57
f 392/678/260 389/679/60 368/680/60 369/681/260
f 372/682/261 374/683/63 395/684/63 393/685/261
f 374/683/63 375/686/262 398/687/262 395/684/63
f 378/688/263 379/689/66 2281/690/66 2282/691/263
f 379/689/66 381/692/264 2280/693/264 2281/690/66
f 384/694/265 386/695/57 407/696/57 405/697/265
f 386/695/57 387/698/266 410/699/266 407/696/57
f 414/700/260 411/701/60 390/702/60 391/703/260
f 394/704/261 396/705/63 417/706/63 415/707/261
f 396/705/63 397/708/262 420/709/262 417/706/63
f 400/710/263 401/711/66 424/712/66 421/713/263
f 426/714/264 424/712/66 401/711/66 403/715/264
f 406/716/265 408/717/57 429/718/57 427/719/265
f 408/717/57 409/720/266 432/721/266 429/718/57
f 436/722/267 390/702/60 411/701/60 433/723/267
f 438/724/267 368/680/60 389/679/60 435/725/267
f 440/726/267 345/658/60 367/657/60 437/727/267
f 61/61/61 62/60/60 346/646/60 439/728/238
f 153/511/69 176/508/69 635/729/69 633/730/69
f 175/486/78 154/488/78 634/731/78 636/732/78
f 173/487/78 175/486/78 636/732/78 639/733/78
f 176/508/69 174/507/69 640/734/69 635/729/69
f 155/478/78 158/477/78 645/735/78 643/736/78
f 157/490/69 156/489/69 644/737/69 646/738/69
f 158/477/78 160/479/78 647/739/78 645/735/78
f 159/494/69 157/490/69 646/738/69 648/740/69
f 161/481/78 163/480/78 655/741/78 653/742/78
f 164/496/69 162/495/69 654/743/69 656/744/69
f 163/480/78 166/482/78 657/745/78 655/741/78
f 165/499/69 164/496/69 656/744/69 658/746/69
f 167/484/78 169/483/78 665/747/78 663/748/78
f 170/502/69 168/501/69 664/749/69 666/750/69
f 169/483/78 172/485/78 667/751/78 665/747/78
f 171/505/69 170/502/69 666/750/69 668/752/69
f 178/535/69 200/532/69 675/753/69 674/754/69
f 199/509/78 177/512/78 673/755/78 676/756/78
f 197/510/78 199/509/78 676/756/78 679/757/78
f 200/532/69 198/531/69 680/758/69 675/753/69
f 179/492/78 182/491/78 685/759/78 683/760/78
f 181/761/69 180/762/69 684/763/69 686/764/69
f 182/491/78 184/493/78 687/765/78 685/759/78
f 183/766/69 181/761/69 686/764/69 688/767/69
f 185/498/78 187/497/78 695/768/78 693/769/78
f 188/520/69 186/519/69 694/770/69 696/771/69
f 187/497/78 190/500/78 697/772/78 695/768/78
f 189/523/69 188/520/69 696/771/69 698/773/69
f 191/504/78 193/503/78 705/774/78 703/775/78
f 194/526/69 192/525/69 704/776/69 706/777/69
f 193/503/78 196/506/78 707/778/78 705/774/78
f 195/529/69 194/526/69 706/777/69 708/779/69
f 202/559/69 224/556/69 715/780/69 714/781/69
f 223/533/78 201/536/78 713/782/78 716/783/78
f 221/534/78 223/533/78 716/783/78 719/784/78
f 224/556/69 222/555/69 720/785/69 715/780/69
f 203/514/78 206/513/78 725/786/78 723/787/78
f 205/538/69 204/537/69 724/788/69 726/789/69
f 206/513/78 208/517/78 727/790/78 725/786/78
f 207/542/69 205/538/69 726/789/69 728/791/69
f 209/522/78 211/521/78 735/792/78 733/793/78
f 212/544/69 210/543/69 734/794/69 736/795/69
f 211/521/78 214/524/78 737/796/78 735/792/78
f 213/547/69 212/544/69 736/795/69 738/797/69
f 215/528/78 217/527/78 745/798/78 743/799/78
f 218/550/69 216/549/69 744/800/69 746/801/69
f 217/527/78 220/530/78 747/802/78 745/798/78
f 219/553/69 218/550/69 746/801/69 748/803/69
f 226/443/69 248/442/69 755/804/69 754/805/69
f 247/557/78 225/560/78 753/806/78 756/807/78
f 245/558/78 247/557/78 756/807/78 759/808/78
f 248/442/69 246/441/69 760/809/69 755/804/69
f 227/540/78 230/539/78 765/810/78 763/811/78
f 229/447/69 228/449/69 764/812/69 766/813/69
f 230/539/78 232/541/78 767/814/78 765/810/78
f 231/448/69 229/447/69 766/813/69 768/815/69
f 233/546/78 235/545/78 775/816/78 773/817/78
f 236/463/69 234/462/69 774/818/69 776/819/69
f 235/545/78 238/548/78 777/820/78 775/816/78
f 237/464/69 236/463/69 776/819/69 778/821/69
f 239/552/78 241/551/78 785/822/78 783/823/78
f 242/454/69 240/453/69 784/824/69 786/825/69
f 241/551/78 244/554/78 787/826/78 785/822/78
f 243/455/69 242/454/69 786/825/69 788/827/69
f 249/596/83 271/592/83 795/828/83 793/829/83
f 272/570/92 250/572/92 794/830/92 796/831/92
f 269/571/92 272/570/92 796/831/92 799/832/92
f 271/592/83 270/591/83 800/833/83 795/828/83
f 251/562/92 254/561/92 805/834/92 803/835/92
f 253/574/83 252/573/83 804/836/83 806/837/83
f 254/561/92 256/563/92 807/838/92 805/834/92
f 255/578/83 253/574/83 806/837/83 808/839/83
f 257/565/92 260/564/92 815/840/92 813/841/92
f 259/580/83 258/579/83 814/842/83 816/843/83
f 260/564/92 262/566/92 817/844/92 815/840/92
f 261/584/83 259/580/83 816/843/83 818/845/83
f 263/568/92 266/567/92 825/846/92 823/847/92
f 265/586/83 264/585/83 824/848/83 826/849/83
f 266/567/92 268/569/92 827/850/92 825/846/92
f 267/590/83 265/586/83 826/849/83 828/851/83
f 274/620/83 295/616/83 835/852/83 834/853/83
f 296/593/92 273/595/92 833/854/92 836/855/92
f 293/594/92 296/593/92 836/855/92 839/856/92
f 295/616/83 294/615/83 840/857/83 835/852/83
f 275/576/92 278/575/92 845/858/92 843/859/92
f 277/598/83 276/597/83 844/860/83 846/861/83
f 278/575/92 280/577/92 847/862/92 845/858/92
f 279/602/83 277/598/83 846/861/83 848/863/83
f 281/582/92 284/581/92 855/864/92 853/865/92
f 283/604/83 282/603/83 854/866/83 856/867/83
f 284/581/92 286/583/92 857/868/92 855/864/92
f 285/608/83 283/604/83 856/867/83 858/869/83
f 287/588/92 290/587/92 865/870/92 863/871/92
f 289/610/83 288/609/83 864/872/83 866/873/83
f 290/587/92 292/589/92 867/874/92 865/870/92
f 291/613/83 289/610/83 866/873/83 868/875/83
f 298/644/83 319/640/83 875/876/83 874/877/83
f 320/617/92 297/619/92 873/878/92 876/879/92
f 317/618/92 320/617/92 876/879/92 879/880/92
f 319/640/83 318/639/83 880/881/83 875/876/83
f 299/600/92 302/599/92 885/882/92 883/883/92
f 301/622/83 300/621/83 884/884/83 886/885/83
f 302/599/92 304/601/92 887/886/92 885/882/92
f 303/626/83 301/622/83 886/885/83 888/887/83
f 305/606/92 308/605/92 895/888/92 893/889/92
f 307/628/83 306/627/83 894/890/83 896/891/83
f 308/605/92 310/607/92 897/892/92 895/888/92
f 309/632/83 307/628/83 896/891/83 898/893/83
f 311/894/92 314/895/92 905/896/92 903/897/92
f 313/634/83 312/633/83 904/898/83 906/899/83
f 314/895/92 316/900/92 907/901/92 905/896/92
f 315/638/83 313/634/83 906/899/83 908/902/83
f 322/460/83 343/459/83 915/903/83 914/904/83
f 344/641/92 321/643/92 913/905/92 916/906/92
f 341/642/92 344/641/92 916/906/92 919/907/92
f 343/459/83 342/461/83 920/908/83 915/903/83
f 323/624/92 326/623/92 925/909/92 923/910/92
f 325/474/83 324/476/83 924/911/83 926/912/83
f 326/623/92 328/625/92 927/913/92 925/909/92
f 327/475/83 325/474/83 926/912/83 928/914/83
f 329/630/92 332/629/92 935/915/92 933/916/92
f 331/471/83 330/473/83 934/917/83 936/918/83
f 332/629/92 334/631/92 937/919/92 935/915/92
f 333/472/83 331/471/83 936/918/83 938/920/83
f 335/636/92 338/635/92 945/921/92 943/922/92
f 337/465/83 336/467/83 944/923/83 946/924/83
f 338/635/92 340/637/92 947/925/92 945/921/92
f 339/466/83 337/465/83 946/924/83 948/926/83
f 346/646/88 348/645/88 955/927/88 954/928/88
f 347/659/96 345/658/96 953/929/96 956/930/96
f 345/658/96 440/726/96 957/931/96 953/929/96
f 439/728/88 346/646/88 954/928/88 958/932/88
f 349/648/88 351/647/88 965/933/88 963/934/88
f 352/661/96 350/660/96 964/935/96 966/936/96
f 351/647/88 354/649/88 967/937/88 965/933/88
f 353/664/96 352/661/96 966/936/96 968/938/96
f 355/651/88 358/650/88 975/939/88 973/940/88
f 357/667/96 356/666/96 974/941/96 976/942/96
f 358/650/88 360/652/88 977/943/88 975/939/88
f 359/671/96 357/667/96 976/942/96 978/944/96
f 361/654/88 363/653/88 985/945/88 983/946/88
f 364/673/96 362/672/96 984/947/96 986/948/96
f 363/653/88 366/655/88 987/949/88 985/945/88
f 365/676/96 364/673/96 986/948/96 988/950/96
f 368/680/96 438/724/96 995/951/96 994/952/96
f 437/727/88 367/657/88 993/953/88 996/954/88
f 367/657/88 370/656/88 997/955/88 993/953/88
f 369/681/96 368/680/96 994/952/96 998/956/96
f 371/663/88 373/662/88 1005/957/88 1003/958/88
f 374/683/96 372/682/96 1004/959/96 1006/960/96
f 373/662/88 376/665/88 1007/961/88 1005/957/88
f 375/686/96 374/683/96 1006/960/96 1008/962/96
f 377/669/88 380/668/88 1015/963/88 1013/964/88
f 379/689/96 378/688/96 1014/965/96 1016/966/96
f 380/668/88 382/670/88 1017/967/88 1015/963/88
f 381/692/96 379/689/96 1016/966/96 1018/968/96
f 383/675/88 385/674/88 1025/969/88 1023/970/88
f 386/695/96 384/694/96 1024/971/96 1026/972/96
f 385/674/88 388/677/88 1027/973/88 1025/969/88
f 387/698/96 386/695/96 1026/972/96 1028/974/96
f 390/702/96 436/722/96 1035/975/96 1034/976/96
f 435/725/88 389/679/88 1033/977/88 1036/978/88
f 389/679/88 392/678/88 1037/979/88 1033/977/88
f 391/703/96 390/702/96 1034/976/96 1038/980/96
f 393/685/88 395/684/88 1045/981/88 1043/982/88
f 396/705/96 394/704/96 1044/983/96 1046/984/96
f 395/684/88 398/687/88 1047/985/88 1045/981/88
f 397/708/96 396/705/96 1046/984/96 1048/986/96
f 399/987/88 402/988/88 1055/989/88 1053/990/88
f 401/711/96 400/710/96 1054/991/96 1056/992/96
f 402/988/88 404/993/88 1057/994/88 1055/989/88
f 403/715/96 401/711/96 1056/992/96 1058/995/96
f 405/697/88 407/696/88 1065/996/88 1063/997/88
f 408/717/96 406/716/96 1064/998/96 1066/999/96
f 407/696/88 410/699/88 1067/1000/88 1065/996/88
f 409/720/96 408/717/96 1066/999/96 1068/1001/96
f 412/468/96 434/470/96 1075/1002/96 1074/1003/96
f 433/723/88 411/701/88 1073/1004/88 1076/1005/88
f 411/701/88 414/700/88 1077/1006/88 1073/1004/88
f 413/469/96 412/468/96 1074/1003/96 1078/1007/96
f 415/707/88 417/706/88 1085/1008/88 1083/1009/88
f 418/451/96 416/450/96 1084/1010/96 1086/1011/96
f 417/706/88 420/709/88 1087/1012/88 1085/1008/88
f 419/452/96 418/451/96 1086/1011/96 1088/1013/96
f 421/713/88 424/712/88 1095/1014/88 1093/1015/88
f 423/444/96 422/446/96 1094/1016/96 1096/1017/96
f 424/712/88 426/714/88 1097/1018/88 1095/1014/88
f 425/445/96 423/444/96 1096/1017/96 1098/1019/96
f 427/719/88 429/718/88 1105/1020/88 1103/1021/88
f 430/457/96 428/456/96 1104/1022/96 1106/1023/96
f 429/718/88 432/721/88 1107/1024/88 1105/1020/88
f 431/458/96 430/457/96 1106/1023/96 1108/1025/96
f 1115/1026/268 1114/1027/71 1117/1028/71 1116/1029/268
f 1114/1027/71 1113/1030/269 1118/1031/269 1117/1028/71
f 1121/1032/268 1120/1033/71 1123/1034/71 1122/1035/268
f 1120/1033/71 1119/1036/269 1124/1037/270 1123/1034/71
f 1127/1038/268 1126/1039/71 1129/1040/71 1128/1041/268
f 1126/1039/71 1125/1042/269 1130/1043/269 1129/1040/71
f 1133/1044/271 1132/1045/90 1135/1046/90 1134/1047/271
f 1132/1045/90 1131/1048/272 1136/1049/272 1135/1046/90
f 1139/1050/271 1138/1051/90 1141/1052/90 1140/1053/271
f 1138/1051/90 1137/1054/272 1142/1055/272 1141/1052/90
f 1145/1056/271 1144/1057/90 1147/1058/90 1146/1059/271
f 1144/1057/90 1143/1060/272 1148/1061/273 1147/1058/90
f 1151/1062/274 1150/1063/74 1153/1064/74 1152/1065/274
f 1150/1063/74 1149/1066/275 1154/1067/275 1153/1064/74
f 1157/1068/274 1156/1069/74 1159/1070/74 1158/1071/274
f 1156/1069/74 1155/1072/275 1160/1073/275 1159/1070/74
f 1163/1074/274 1162/1075/74 1165/1076/74 1164/1077/274
f 1162/1075/74 1161/1078/275 1166/1079/275 1165/1076/74
f 1169/1080/276 1168/1081/86 1171/1082/86 1170/1083/277
f 1168/1081/86 1167/1084/278 1172/1085/279 1171/1082/86
f 1175/1086/277 1174/1087/86 1177/1088/86 1176/1089/277
f 1174/1087/86 1173/1090/278 1178/1091/278 1177/1088/86
f 1181/1092/277 1180/1093/86 1183/1094/86 1182/1095/277
f 1180/1093/86 1179/1096/278 1184/1097/278 1183/1094/86
f 1187/1098/280 1186/1099/66 1189/1100/66 1188/1101/280
f 1186/1099/66 1185/1102/281 1190/1103/281 1189/1100/66
f 1193/1104/280 1192/1105/66 1195/1106/66 1194/1107/280
f 1192/1105/66 1191/1108/281 1196/1109/281 1195/1106/66
f 1199/1110/280 1198/1111/66 1201/1112/66 1200/1113/280
f 1198/1111/66 1197/1114/281 1202/1115/281 1201/1112/66
f 1205/1116/282 1204/1117/86 1207/1118/86 1206/1119/282
f 1204/1117/86 1203/1120/283 1208/1121/283 1207/1118/86
f 1211/1122/282 1210/1123/86 1213/1124/86 1212/1125/282
f 1210/1123/86 1209/1126/283 1214/1127/283 1213/1124/86
f 1217/1128/284 1216/1129/86 1219/1130/86 1218/1131/282
f 1216/1129/86 1215/1132/283 1220/1133/283 1219/1130/86
f 1223/1134/285 1222/1135/63 1225/1136/63 1224/1137/285
f 1222/1135/63 1221/1138/286 1226/1139/287 1225/1136/63
f 1229/1140/285 1228/1141/63 1231/1142/63 1230/1143/285
f 1228/1141/63 1227/1144/286 1232/1145/286 1231/1142/63
f 1235/1146/285 1234/1147/63 1237/1148/63 1236/1149/285
f 1234/1147/63 1233/1150/286 1238/1151/286 1237/1148/63
f 1241/1152/288 1240/1153/98 1243/1154/98 1242/1155/289
f 1240/1153/98 1239/1156/290 1244/1157/290 1243/1154/98
f 1247/1158/289 1246/1159/98 1249/1160/98 1248/1161/289
f 1246/1159/98 1245/1162/291 1250/1163/291 1249/1160/98
f 1253/1164/289 1252/1165/98 1255/1166/98 1254/1167/289
f 1252/1165/98 1251/1168/290 1256/1169/290 1255/1166/98
f 1259/1170/292 1258/1171/98 1261/1172/98 1260/1173/293
f 1258/1171/98 1257/1174/294 1262/1175/294 1261/1172/98
f 1267/1176/98 1266/1177/293 2288/1178/295 2289/1179/98
f 1268/1180/296 1267/1176/98 2289/1179/98 2290/1181/294
f 1271/1182/293 1270/1183/98 1273/1184/98 1272/1185/293
f 1270/1183/98 1269/1186/294 1274/1187/294 1273/1184/98
f 1277/1188/297 1276/1189/79 1279/1190/79 1278/1191/298
f 1276/1189/79 1275/1192/299 1280/1193/299 1279/1190/79
f 1283/1194/298 1282/1195/79 1285/1196/79 1284/1197/298
f 1282/1195/79 1281/1198/299 1286/1199/300 1285/1196/79
f 1289/1200/298 1288/1201/79 1291/1202/79 1290/1203/298
f 1288/1201/79 1287/1204/299 1292/1205/299 1291/1202/79
f 1295/1206/301 1294/1207/94 1297/1208/94 1296/1209/301
f 1294/1207/94 1293/1210/302 1298/1211/303 1297/1208/94
f 1301/1212/304 1300/1213/94 1303/1214/94 1302/1215/301
f 1300/1213/94 1299/1216/302 1304/1217/302 1303/1214/94
f 1307/1218/301 1306/1219/94 1309/1220/94 1308/1221/301
f 1306/1219/94 1305/1222/302 1310/1223/302 1309/1220/94
f 1313/1224/305 1312/1225/81 1315/1226/81 1314/1227/306
f 1312/1225/81 1311/1228/307 1316/1229/307 1315/1226/81
f 1319/1230/305 1318/1231/81 2267/1232/81 2268/1233/306
f 1318/1231/81 1317/1234/307 2266/1235/308 2267/1232/81
f 1325/1236/309 1324/1237/81 1327/1238/81 1326/1239/306
f 1324/1237/81 1323/1240/307 1328/1241/310 1327/1238/81
f 1331/1242/311 1330/1243/94 1333/1244/94 1332/1245/311
f 1330/1243/94 1329/1246/312 1334/1247/313 1333/1244/94
f 1337/1248/314 1336/1249/94 1339/1250/94 1338/1251/314
f 1336/1249/94 1335/1252/312 1340/1253/313 1339/1250/94
f 1343/1254/311 1342/1255/94 1345/1256/94 1344/1257/311
f 1342/1255/94 1341/1258/312 1346/1259/312 1345/1256/94
f 1349/1260/315 1348/1261/60 1351/1262/60 1350/1263/316
f 1348/1261/60 1347/1264/317 1352/1265/317 1351/1262/60
f 1355/1266/316 1354/1267/60 1357/1268/60 1356/1269/316
f 1354/1267/60 1353/1270/317 1358/1271/317 1357/1268/60
f 1361/1272/316 1360/1273/60 1363/1274/60 1362/1275/316
f 1360/1273/60 1359/1276/317 1364/1277/318 1363/1274/60
f 1367/1278/319 1366/1279/90 1369/1280/90 1368/1281/319
f 1366/1279/90 1365/1282/320 1370/1283/320 1369/1280/90
f 1375/1284/90 1374/1285/319 2294/1286/319 2295/1287/90
f 1376/1288/321 1375/1284/90 2295/1287/90 2296/1289/322
f 1379/1290/323 1378/1291/90 1381/1292/90 1380/1293/319
f 1378/1291/90 1377/1294/320 1382/1295/324 1381/1292/90
f 1385/1296/325 1384/1297/57 1387/1298/57 1386/1299/325
f 1384/1297/57 1383/1300/326 1388/1301/326 1387/1298/57
f 1391/1302/325 1390/1303/57 2278/1304/57 2279/1305/325
f 1390/1303/57 1389/1306/326 2277/1307/327 2278/1304/57
f 1397/1308/325 1396/1309/57 1399/1310/57 1398/1311/325
f 1396/1309/57 1395/1312/326 1400/1313/326 1399/1310/57
f 1403/1314/328 1402/1315/63 1405/1316/63 1404/1317/328
f 1402/1315/63 1401/1318/329 1406/1319/329 1405/1316/63
f 1409/1320/328 1408/1321/63 2284/1322/63 2285/1323/330
f 1408/1321/63 1407/1324/329 2283/1325/329 2284/1322/63
f 1415/1326/328 1414/1327/63 1417/1328/63 1416/1329/328
f 1414/1327/63 1413/1330/329 1418/1331/329 1417/1328/63
f 1421/1332/331 1420/1333/74 1423/1334/74 1422/1335/331
f 1420/1333/74 1419/1336/332 1424/1337/332 1423/1334/74
f 1427/1338/331 1426/1339/74 2273/1340/74 2274/1341/333
f 1426/1339/74 1425/1342/332 2272/1343/332 2273/1340/74
f 1433/1344/331 1432/1345/74 1435/1346/74 1434/1347/331
f 1432/1345/74 1431/1348/332 1436/1349/332 1435/1346/74
f 1439/1350/334 1438/1351/60 1441/1352/60 1440/1353/334
f 1438/1351/60 1437/1354/335 1442/1355/335 1441/1352/60
f 1445/1356/334 1444/1357/60 1447/1358/60 1446/1359/334
f 1444/1357/60 1443/1360/335 1448/1361/335 1447/1358/60
f 1451/1362/334 1450/1363/60 1453/1364/60 1452/1365/334
f 1450/1363/60 1449/1366/335 1454/1367/335 1453/1364/60
f 1457/1368/336 1456/1369/79 1459/1370/79 1458/1371/337
f 1456/1369/79 1455/1372/338 1460/1373/339 1459/1370/79
f 1463/1374/336 1462/1375/79 1465/1376/79 1464/1377/337
f 1462/1375/79 1461/1378/340 1466/1379/340 1465/1376/79
f 1469/1380/337 1468/1381/79 1471/1382/79 1470/1383/337
f 1468/1381/79 1467/1384/338 1472/1385/338 1471/1382/79
f 1475/1386/341 1474/1387/66 1477/1388/66 1476/1389/341
f 1474/1387/66 1473/1390/342 1478/1391/343 1477/1388/66
f 1481/1392/344 1480/1393/66 1483/1394/66 1482/1395/341
f 1480/1393/66 1479/1396/342 1484/1397/342 1483/1394/66
f 1487/1398/341 1486/1399/66 1489/1400/66 1488/1401/341
f 1486/1399/66 1485/1402/342 1490/1403/342 1489/1400/66
f 1493/1404/345 1492/1405/81 1495/1406/81 1494/1407/345
f 1492/1405/81 1491/1408/346 1496/1409/346 1495/1406/81
f 1499/1410/347 1498/1411/81 1501/1412/81 1500/1413/345
f 1498/1411/81 1497/1414/346 1502/1415/346 1501/1412/81
f 1505/1416/345 1504/1417/81 1507/1418/81 1506/1419/345
f 1504/1417/81 1503/1420/346 1508/1421/346 1507/1418/81
f 1511/1422/348 1510/1423/57 1513/1424/57 1512/1425/348
f 1510/1423/57 1509/1426/349 1514/1427/350 1513/1424/57
f 1517/1428/351 1516/1429/57 1519/1430/57 1518/1431/348
f 1516/1429/57 1515/1432/349 1520/1433/349 1519/1430/57
f 1523/1434/348 1522/1435/57 1525/1436/57 1524/1437/348
f 1522/1435/57 1521/1438/349 1526/1439/352 1525/1436/57
f 1529/1440/353 1528/1441/71 1531/1442/71 1530/1443/354
f 1528/1441/71 1527/1444/355 1532/1445/355 1531/1442/71
f 1535/1446/353 1534/1447/71 1537/1448/71 1536/1449/354
f 1534/1447/71 1533/1450/356 1538/1451/357 1537/1448/71
f 1541/1452/358 1540/1453/71 1543/1454/71 1542/1455/354
f 1540/1453/71 1539/1456/355 1544/1457/355 1543/1454/71
f 1547/1458/359 1546/1459/360 1549/1460/360 1548/1461/359
f 1546/1459/360 1545/1462/361 1550/1463/362 1549/1460/360
f 1553/1464/363 1552/1465/364 1555/1466/364 1554/1467/365
f 1552/1465/364 1551/1468/366 1556/1469/366 1555/1466/364
f 1559/1470/367 1558/1471/368 1561/1472/368 1560/1473/367
f 1558/1471/368 1557/1474/369 1562/1475/370 1561/1472/368
f 1565/1476/371 1564/1477/372 1567/1478/372 1566/1479/371
f 1564/1477/372 1563/1480/373 1568/1481/374 1567/1478/372
f 1571/1482/375 1570/1483/376 1573/1484/376 1572/1485/377
f 1570/1483/376 1569/1486/378 1574/1487/378 1573/1484/376
f 1577/1488/379 1576/1489/380 1579/1490/380 1578/1491/381
f 1576/1489/380 1575/1492/382 1580/1493/382 1579/1490/380
f 1583/1494/383 1582/1495/384 1585/1496/384 1584/1497/383
f 1582/1495/384 1581/1498/385 1586/1499/386 1585/1496/384
f 1589/1500/387 1588/1501/388 1591/1502/388 1590/1503/389
f 1588/1501/388 1587/1504/390 1592/1505/390 1591/1502/388
f 1595/1506/391 1594/1507/392 1597/1508/392 1596/1509/393
f 1594/1507/392 1593/1510/394 1598/1511/394 1597/1508/392
f 1601/1512/395 1600/1513/396 1603/1514/396 1602/1515/395
f 1600/1513/396 1599/1516/397 1604/1517/398 1603/1514/396
f 1607/1518/399 1606/1519/400 1609/1520/400 1608/1521/399
f 1606/1519/400 1605/1522/401 1610/1523/402 1609/1520/400
f 1613/1524/403 1612/1525/404 1615/1526/405 1614/1527/403
f 1612/1525/404 1611/1528/406 1616/1529/407 1615/1526/405
f 1619/1530/408 1618/1531/409 1621/1532/409 1620/1533/408
f 1618/1531/409 1617/1534/410 1622/1535/411 1621/1532/409
f 1625/1536/412 1624/1537/413 1627/1538/413 1626/1539/414
f 1624/1537/413 1623/1540/415 1628/1541/415 1627/1538/413
f 1631/1542/416 1630/1543/417 1633/1544/417 1632/1545/418
f 1630/1543/417 1629/1546/419 1634/1547/419 1633/1544/417
f 1637/1548/420 1636/1549/421 1639/1550/421 1638/1551/422
f 1636/1549/421 1635/1552/423 1640/1553/423 1639/1550/421
f 1643/1554/424 1642/1555/425 1645/1556/425 1644/1557/426
f 1642/1555/425 1641/1558/427 1646/1559/427 1645/1556/425
f 1649/1560/428 1648/1561/429 1651/1562/429 1650/1563/430
f 1648/1561/429 1647/1564/431 1652/1565/431 1651/1562/429
f 1655/1566/432 1654/1567/433 1657/1568/433 1656/1569/432
f 1654/1567/433 1653/1570/434 1658/1571/435 1657/1568/433
f 1661/1572/436 1660/1573/437 1663/1574/437 1662/1575/436
f 1660/1573/437 1659/1576/438 1664/1577/439 1663/1574/437
f 1667/1578/440 1666/1579/441 1669/1580/441 1668/1581/442
f 1666/1579/441 1665/1582/443 1670/1583/443 1669/1580/441
f 1673/1584/444 1672/1585/445 1675/1586/445 1674/1587/444
f 1672/1585/445 1671/1588/446 1676/1589/447 1675/1586/445
f 1679/1590/448 1678/1591/449 1681/1592/449 1680/1593/450
f 1678/1591/449 1677/1594/451 1682/1595/451 1681/1592/449
f 1685/1596/452 1684/1597/453 1687/1598/453 1686/1599/452
f 1684/1597/453 1683/1600/454 1688/1601/455 1687/1598/453
f 633/154/100 634/153/99 1689/1602/456 1692/1603/457
f 1694/1604/458 1691/1605/459 637/1606/460 638/1607/460
f 643/158/102 644/157/101 1701/1608/461 1704/1609/462
f 648/162/104 647/161/103 1707/1610/463 1710/1611/464
f 1712/1612/465 1709/1613/466 649/1614/467 650/1615/467
f 653/164/106 654/163/105 1713/1616/468 1716/1617/469
f 658/168/108 657/167/107 1719/1618/470 1722/1619/471
f 1724/1620/472 1721/1621/473 659/1622/474 660/1623/474
f 663/170/110 664/169/109 1725/1624/475 1728/1625/476
f 668/174/112 667/173/111 1731/1626/477 1734/1627/478
f 1736/1628/479 1733/1629/480 669/1630/481 670/1631/481
f 639/176/114 640/175/113 1695/1632/482 1698/1633/483
f 674/178/115 673/177/115 1737/1634/484 1740/1635/485
f 1742/1636/486 1739/1637/487 677/1638/488 678/1639/488
f 683/182/116 684/181/116 1749/1640/489 1752/1641/490
f 688/186/117 687/185/117 1755/1642/491 1758/1643/492
f 1760/1644/493 1757/1645/493 689/1639/494 690/1646/494
f 693/188/118 694/187/118 1761/1647/495 1764/1648/496
f 698/192/119 697/191/119 1767/1649/497 1770/1650/498
f 1772/1651/499 1769/1652/500 699/1653/501 700/1654/501
f 703/194/120 704/193/120 1773/1655/502 1776/1656/503
f 708/198/121 707/197/121 1779/1657/504 1782/1658/505
f 1784/1659/506 1781/1660/507 709/1661/508 710/1662/508
f 679/200/122 680/199/122 1743/1663/509 1746/1664/510
f 714/202/115 713/201/115 1785/1665/484 1788/1666/485
f 1790/1667/511 1787/1668/487 717/1669/488 718/1670/488
f 723/206/116 724/205/116 1797/1671/512 1800/1672/490
f 728/210/117 727/209/117 1803/1673/491 1806/1674/492
f 1808/1675/493 1805/1676/493 729/1677/494 730/1678/494
f 733/212/118 734/211/118 1809/1679/495 1812/1680/495
f 738/216/119 737/215/119 1815/1681/513 1818/1682/498
f 1820/1683/499 1817/1684/499 739/1685/501 740/1686/501
f 743/218/120 744/217/120 1821/1687/502 1824/1688/503
f 748/222/121 747/221/121 1827/1689/504 1830/1690/505
f 1832/1691/506 1829/1692/506 749/1693/508 750/1694/508
f 719/224/122 720/223/122 1791/1695/509 1794/1696/510
f 754/226/124 753/225/123 1833/1697/514 1836/1698/515
f 1838/1699/516 1835/1700/517 757/1701/518 758/1702/518
f 763/230/126 764/229/125 1845/1703/519 1848/1704/520
f 768/234/128 767/233/127 1851/1705/521 1854/1706/522
f 1856/1707/523 1853/1708/524 769/1709/525 770/1710/525
f 773/236/130 774/235/129 1857/1711/526 1860/1712/527
f 778/240/132 777/239/131 1863/1713/528 1866/1714/529
f 1868/1715/530 1865/1716/531 779/1717/532 780/1718/532
f 783/242/134 784/241/133 1869/1719/533 1872/1720/534
f 788/246/136 787/245/135 1875/1721/535 1878/1722/536
f 1880/1723/537 1877/1724/538 789/1725/539 790/1726/539
f 759/248/138 760/247/137 1839/1727/540 1842/1728/541
f 793/250/140 794/249/139 1881/1729/542 1884/1730/543
f 1886/1731/544 1883/1732/545 797/1733/546 798/1734/546
f 803/254/142 804/253/141 1893/1735/547 1896/1736/548
f 808/258/144 807/257/143 1899/1737/549 1902/1738/550
f 1904/1739/551 1901/1740/552 809/1741/553 810/1742/553
f 813/260/146 814/259/145 1905/1743/554 1908/1744/555
f 818/264/148 817/263/147 1911/1745/556 1914/1746/557
f 1916/1747/558 1913/1748/559 819/1749/560 820/1750/560
f 823/266/150 824/265/149 1917/1751/561 1920/1752/562
f 828/270/152 827/269/151 1923/1753/563 1926/1754/564
f 1928/1755/565 1925/1756/566 829/1757/567 830/1758/567
f 799/272/154 800/271/153 1887/1759/568 1890/1760/569
f 834/274/155 833/273/155 1929/1761/570 1932/1762/571
f 1934/1763/572 1931/1764/572 837/1765/573 838/1766/573
f 843/278/156 844/277/156 1941/1767/574 1944/1768/574
f 848/282/157 847/281/157 1947/1769/575 1950/1770/576
f 1952/1771/577 1949/1772/578 849/1773/579 850/1774/579
f 853/284/158 854/283/158 1953/1775/580 1956/1776/581
f 858/288/159 857/287/159 1959/1777/582 1962/1778/583
f 1964/1779/584 1961/1780/584 859/1781/585 860/1782/585
f 863/290/160 864/289/160 1965/1783/586 1968/1784/587
f 868/294/161 867/293/161 1971/1785/588 1974/1786/589
f 1976/1787/590 1973/1788/590 869/1789/591 870/1790/591
f 839/296/162 840/295/162 1935/1791/592 1938/1792/593
f 874/298/155 873/297/155 1977/1793/594 1980/1794/571
f 1982/1795/572 1979/1796/572 877/1797/573 878/1798/573
f 883/302/156 884/301/156 1989/1799/595 1992/1800/574
f 888/306/157 887/305/157 1995/1801/575 1998/1802/576
f 2000/1803/578 1997/1804/578 889/1805/579 890/1806/579
f 893/308/158 894/307/158 2001/1807/580 2004/1808/581
f 898/312/159 897/311/159 2007/1809/583 2010/1810/582
f 2012/1811/584 2009/1812/596 899/1813/585 900/1814/585
f 903/314/160 904/313/160 2013/1815/587 2016/1816/586
f 908/318/161 907/317/161 2019/1817/597 2022/1818/589
f 2024/1819/590 2021/1820/598 909/1821/591 910/1822/591
f 879/320/162 880/319/162 1983/1823/599 1986/1824/600
f 914/322/164 913/321/163 2025/1825/601 2028/1826/602
f 2030/1827/603 2027/1828/604 917/1829/605 918/1830/605
f 923/326/166 924/325/165 2037/1831/606 2040/1832/607
f 928/330/168 927/329/167 2043/1833/608 2046/1834/609
f 2048/1835/610 2045/1836/611 929/1837/612 930/1838/612
f 933/332/170 934/331/169 2049/1839/613 2052/1840/614
f 938/336/172 937/335/171 2055/1841/615 2058/1842/616
f 2060/1843/617 2057/1844/618 939/1845/619 940/1846/619
f 943/338/174 944/337/173 2061/1847/620 2064/1848/621
f 948/342/176 947/341/175 2067/1849/622 2070/1850/623
f 2072/1851/624 2069/1852/625 949/1853/626 950/1854/626
f 919/344/178 920/343/177 2031/1855/627 2034/1856/628
f 956/348/180 955/347/179 2073/1857/629 2076/1858/630
f 2078/1859/631 2075/1860/632 959/1861/633 960/1862/633
f 963/352/184 964/351/183 2085/1863/634 2088/1864/635
f 968/356/186 967/355/185 2091/1865/636 2094/1866/637
f 2096/1867/638 2093/1868/639 969/1869/640 970/1870/640
f 973/358/188 974/357/187 2097/1871/641 2100/1872/642
f 978/362/190 977/361/189 2103/1873/643 2106/1874/644
f 2108/1875/645 2105/1876/646 979/1877/647 980/1878/647
f 983/364/192 984/363/191 2109/1879/648 2112/1880/649
f 988/368/194 987/367/193 2115/1881/650 2118/1882/651
f 2120/1883/652 2117/1884/653 989/1885/654 990/1886/654
f 998/374/196 997/373/196 2121/1887/655 2124/1888/656
f 2126/1889/657 2123/1890/657 999/1891/658 1000/1892/658
f 1003/376/197 1004/375/197 2133/1893/659 2136/1894/659
f 1008/380/198 1007/379/198 2139/1895/660 2142/1896/661
f 2144/1897/662 2141/1898/663 1009/1899/664 1010/1900/664
f 1013/382/199 1014/381/199 2145/1901/665 2148/1902/666
f 1018/386/200 1017/385/200 2151/1903/667 2154/1904/668
f 2156/1905/669 2153/1906/670 1019/1907/671 1020/1908/671
f 1023/388/201 1024/387/201 2157/1909/672 2160/1910/673
f 1028/392/202 1027/391/202 2163/1911/674 2166/1912/675
f 2168/1913/676 2165/1914/676 1029/1915/677 1030/1916/677
f 1038/398/196 1037/397/196 2169/1917/655 2172/1918/656
f 2174/1919/657 2171/1920/657 1039/1921/658 1040/1922/658
f 1043/400/197 1044/399/197 2181/1923/678 2184/1924/659
f 1048/404/198 1047/403/198 2187/1925/660 2190/1926/661
f 2192/1927/679 2189/1928/663 1049/1929/664 1050/1930/664
f 1053/406/199 1054/405/199 2193/1931/680 2196/1932/666
f 1058/410/200 1057/409/200 2199/1933/668 2202/1934/668
f 2204/1935/669 2201/1936/669 1059/1937/671 1060/1938/671
f 1063/412/201 1064/411/201 2205/1939/672 2208/1940/672
f 1068/416/202 1067/415/202 2211/1941/681 2214/1942/675
f 2216/1943/676 2213/1944/676 1069/1945/677 1070/1946/677
f 1078/422/206 1077/421/205 2217/1947/682 2220/1948/683
f 2222/1949/684 2219/1950/685 1079/1951/686 1080/1952/686
f 1083/424/208 1084/423/207 2229/1953/687 2232/1954/688
f 1088/428/210 1087/427/209 2235/1955/689 2238/1956/690
f 2240/1957/691 2237/1958/692 1089/1959/693 1090/1960/693
f 1093/430/212 1094/429/211 2241/1961/694 2244/1962/695
f 1098/434/214 1097/433/213 2247/1963/696 2250/1964/697
f 2252/1965/698 2249/1966/699 1099/1967/700 1100/1968/700
f 1103/436/216 1104/435/215 2253/1969/701 2256/1970/702
f 1108/440/218 1107/439/217 2259/1971/703 2262/1972/704
f 2264/1973/705 2261/1974/706 1109/1975/707 1110/1976/707
f 1076/420/204 1075/419/203 2223/1977/708 2226/1978/709
f 1036/396/195 1035/395/195 2175/1979/710 2178/1980/710
f 996/372/195 995/371/195 2127/1981/710 2130/1982/711
f 958/350/182 957/349/181 2079/1983/712 2082/1984/713
f 1892/1985/714 1889/1986/715 801/1987/716 802/1988/716
f 1940/1989/717 1937/1990/717 841/1991/718 842/1992/718
f 1988/1993/717 1985/1994/719 881/1995/718 882/1996/718
f 2036/1997/720 2033/1998/721 921/1999/722 922/2000/722
f 1730/2001/723 1727/2002/724 671/2003/725 672/2004/725
f 1778/2005/726 1775/2006/727 711/2007/728 712/2008/728
f 1826/2009/726 1823/2010/726 751/2011/728 752/2012/728
f 1874/2013/729 1871/2014/730 791/2015/731 792/2016/731
f 2114/2017/732 2111/2018/733 991/2019/734 992/2020/734
f 2162/2021/735 2159/2022/735 1031/2023/736 1032/2024/736
f 2210/2025/735 2207/2026/737 1071/2027/736 1072/2028/736
f 2258/2029/738 2255/2030/739 1111/2031/740 1112/2032/740
f 1718/2033/741 1715/2034/742 661/2035/743 662/2036/743
f 1766/2037/744 1763/2038/744 701/2039/745 702/2040/745
f 1814/2041/744 1811/2042/746 741/2043/745 742/2044/745
f 1862/2045/747 1859/2046/748 781/2047/749 782/2048/749
f 1706/2049/750 1703/2050/751 651/2051/752 652/2052/752
f 1754/2053/753 1751/2054/754 691/2055/755 692/2056/755
f 1802/2057/753 1799/2058/754 731/2059/755 732/2060/755
f 1850/2061/756 1847/2062/757 771/2063/758 772/2064/758
f 1910/2065/759 1907/2066/760 821/2067/761 822/2068/761
f 1958/2069/762 1955/2070/762 861/2071/763 862/2072/763
f 2006/2073/762 2003/2074/762 901/2075/763 902/2076/763
f 2054/2077/764 2051/2078/765 941/2079/766 942/2080/766
f 1700/2081/767 1697/2082/768 641/2083/769 642/2084/769
f 1748/2085/770 1745/2086/770 681/2087/771 682/2088/771
f 1796/2089/770 1793/2090/770 721/2091/771 722/2092/771
f 1844/2093/772 1841/2094/773 761/2095/774 762/2096/774
f 2090/2097/775 2087/2098/776 971/2099/777 972/2100/777
f 2138/2101/778 2135/2102/778 1011/2103/779 1012/2104/779
f 2186/2105/778 2183/2106/780 1051/2107/779 1052/2108/779
f 2234/2109/781 2231/2110/782 1091/2111/783 1092/2112/783
f 2102/2113/784 2099/2114/785 981/2115/786 982/2116/786
f 2150/2117/787 2147/2118/788 1021/2119/789 1022/2120/789
f 2198/2121/790 2195/2122/790 1061/2123/789 1062/2124/789
f 2246/2125/791 2243/2126/792 1101/2127/793 1102/2128/793
f 1922/2129/794 1919/2130/795 831/2131/796 832/2132/796
f 1970/2133/797 1967/2134/797 871/2135/798 872/2136/798
f 2018/2137/797 2015/2138/797 911/2139/798 912/2140/798
f 2066/2141/799 2063/2142/800 951/2143/801 952/2144/801
f 1898/2145/802 1895/2146/803 811/2147/804 812/2148/804
f 1946/2149/805 1943/2150/805 851/2151/806 852/2152/806
f 1994/2153/807 1991/2154/805 891/2155/806 892/2156/806
f 2042/2157/808 2039/2158/809 931/2159/810 932/2160/810
f 2084/2161/811 2081/2162/812 961/2163/813 962/2164/813
f 2132/2165/814 2129/2166/815 1001/2167/816 1002/2168/816
f 2180/2169/814 2177/2170/814 1041/2171/816 1042/2172/816
f 2228/2173/817 2225/2174/818 1081/2175/819 1082/2176/819
f 269/571/232 1634/1547/419 110/110/69 111/109/70
f 293/594/258 1118/1031/269 1113/1030/269 270/591/258
f 317/618/258 1124/1037/270 1119/1036/269 294/615/258
f 341/642/258 1130/1043/269 1125/1042/269 318/639/258
f 69/70/70 70/69/69 1635/1552/423 342/461/232
f 167/484/227 1646/1559/427 125/126/92 126/125/93
f 191/504/247 1136/1049/272 1131/1048/272 168/501/247
f 215/528/247 1142/1055/272 1137/1054/272 192/525/247
f 239/552/247 1148/1061/273 1143/1060/272 216/549/247
f 143/143/93 144/144/92 1647/1564/431 240/453/227
f 1619/1530/408 77/78/78 78/77/77 327/475/241
f 1151/1062/274 1152/1065/274 328/625/253 303/626/253
f 1157/1068/274 1158/1071/274 304/601/253 279/602/253
f 1163/1074/274 1164/1077/274 280/577/253 255/578/253
f 100/99/77 101/100/78 1623/1540/415 256/563/241
f 1547/1458/359 135/136/83 136/135/84 226/443/220
f 1169/1080/276 1170/1083/277 225/560/250 202/559/250
f 1175/1086/277 1176/1089/277 201/536/250 178/535/250
f 1181/1092/277 1182/1095/277 177/512/250 153/511/250
f 113/114/84 114/113/83 1551/1468/366 154/488/220
f 361/654/229 1640/1553/423 70/69/69 58/58/58
f 383/675/265 1190/1103/281 1185/1102/281 362/672/265
f 405/697/265 1196/1109/281 1191/1108/281 384/694/265
f 427/719/265 1202/1115/281 1197/1114/281 406/716/265
f 93/92/58 94/93/69 1674/1587/444 428/456/229
f 161/481/233 1613/1524/403 120/121/88 121/120/89
f 185/498/245 1208/1121/283 1203/1120/283 162/495/245
f 209/522/245 1214/1127/283 1209/1126/283 186/519/245
f 233/546/245 1220/1133/283 1215/1132/283 210/543/245
f 148/148/89 149/149/88 1608/1521/399 234/462/233
f 87/87/78 88/86/62 413/469/237 1655/1566/432
f 1223/1134/285 1224/1137/285 414/700/260 391/703/260
f 1229/1140/285 1230/1143/285 392/678/260 369/681/260
f 1235/1146/285 1236/1149/285 370/656/260 347/659/260
f 77/78/78 1620/1533/408 348/645/237 63/62/62
f 140/141/96 141/140/95 243/455/228 1601/1512/395
f 1241/1152/288 1242/1155/289 244/554/248 219/553/248
f 1247/1158/289 1248/1161/289 220/530/248 195/529/248
f 1253/1164/289 1254/1167/289 196/506/248 171/505/248
f 128/128/95 129/129/96 1593/1510/394 172/485/228
f 155/478/224 1565/1476/371 115/116/83 116/115/85
f 179/492/243 1262/1175/294 1257/1174/294 156/489/243
f 203/514/243 1268/1180/296 2290/1181/294 2291/515/243
f 227/540/243 1274/1187/294 1269/1186/294 204/537/243
f 133/134/85 134/133/83 1560/1473/367 228/449/224
f 257/565/240 1661/1572/436 102/102/78 103/101/76
f 281/582/254 1280/1193/299 1275/1192/299 258/579/254
f 305/606/254 1286/1199/300 1281/1198/299 282/603/254
f 329/630/254 1292/1205/299 1287/1204/299 306/627/254
f 76/76/76 87/87/78 1656/1569/432 330/473/240
f 145/146/92 146/145/91 237/464/234 1685/1596/452
f 1295/1206/301 1296/1209/301 238/548/246 213/547/246
f 1301/1212/304 1302/1215/301 214/524/246 189/523/246
f 1307/1218/301 1308/1221/301 190/500/246 165/499/246
f 123/123/91 124/124/92 1677/1594/451 166/482/234
f 1673/1584/444 94/93/69 71/72/72 339/466/235
f 1313/1224/305 1314/1227/306 340/637/257 315/638/257
f 291/613/257 1319/1230/305 2268/1233/306 2269/614/257
f 1325/1236/309 1326/1239/306 292/589/257 267/590/257
f 108/107/72 109/108/69 1665/1582/443 268/569/235
f 173/487/219 1574/1487/378 130/131/96 131/130/97
f 197/510/249 1334/1247/313 1329/1246/312 174/507/249
f 221/534/249 1340/1253/313 1335/1252/312 198/531/249
f 245/558/249 1346/1259/312 1341/1258/312 222/555/249
f 138/138/97 139/139/96 1575/1492/382 246/441/219
f 349/648/225 1628/1541/415 101/100/78 64/64/64
f 371/663/261 1352/1265/317 1347/1264/317 350/660/261
f 393/685/261 1358/1271/317 1353/1270/317 372/682/261
f 415/707/261 1364/1277/318 1359/1276/317 394/704/261
f 86/85/64 102/102/78 1662/1575/436 416/450/225
f 1583/1494/383 150/151/88 151/150/87 231/448/223
f 1367/1278/319 1368/1281/319 232/541/244 207/542/244
f 1374/1285/319 208/517/244 2293/518/244 2294/1286/319
f 1379/1290/323 1380/1293/319 184/493/244 159/494/244
f 118/118/87 119/119/88 1587/1504/390 160/479/223
f 425/445/221 1670/1583/443 109/108/69 95/95/68
f 403/715/264 1385/1296/325 1386/1299/325 426/714/264
f 381/692/264 1391/1302/325 2279/1305/325 2280/693/264
f 359/671/264 1397/1308/325 1398/1311/325 382/670/264
f 57/68/68 110/110/69 1629/1546/419 360/652/221
f 355/651/222 1556/1469/366 114/113/83 67/67/67
f 377/669/263 1406/1319/329 1401/1318/329 356/666/263
f 1407/1324/329 378/688/263 2282/691/263 2283/1325/329
f 421/713/263 1418/1331/329 1413/1330/329 400/710/263
f 83/96/67 115/116/83 1566/1479/371 422/446/222
f 263/568/236 1592/1505/390 119/119/88 106/106/73
f 287/588/256 1424/1337/332 1419/1336/332 264/585/256
f 1425/1342/332 288/609/256 2271/612/256 2272/1343/332
f 335/636/256 1436/1349/332 1431/1348/332 312/633/256
f 73/73/73 120/121/88 1614/1527/403 336/467/236
f 431/458/230 1682/1595/451 124/124/92 91/91/59
f 409/720/266 1439/1350/334 1440/1353/334 432/721/266
f 387/698/266 1445/1356/334 1446/1359/334 410/699/266
f 365/676/266 1451/1362/334 1452/1365/334 388/677/266
f 60/59/59 125/126/92 1641/1558/427 366/655/230
f 322/460/231 1598/1511/394 129/129/96 81/82/82
f 298/644/259 1457/1368/336 1458/1371/337 321/643/259
f 274/620/259 1463/1374/336 1464/1377/337 297/619/259
f 249/596/259 1469/1380/337 1470/1383/337 273/595/259
f 97/112/82 130/131/96 1569/1486/378 250/572/231
f 1559/1470/367 134/133/83 84/84/65 419/452/226
f 1475/1386/341 1476/1389/341 420/709/262 397/708/262
f 1481/1392/344 1482/1395/341 398/687/262 375/686/262
f 1487/1398/341 1488/1401/341 376/665/262 353/664/262
f 135/136/83 1548/1461/359 354/649/226 66/65/65
f 251/562/242 1580/1493/382 139/139/96 98/98/80
f 275/576/252 1496/1409/346 1491/1408/346 252/573/252
f 299/600/252 1502/1415/346 1497/1414/346 276/597/252
f 323/624/252 1508/1421/346 1503/1420/346 300/621/252
f 80/80/80 140/141/96 1602/1515/395 324/476/242
f 439/728/238 1652/1565/431 144/144/92 61/61/61
f 437/727/267 1514/1427/350 1509/1426/349 440/726/267
f 435/725/267 1520/1433/349 1515/1432/349 438/724/267
f 433/723/267 1526/1439/352 1521/1438/349 436/722/267
f 90/89/61 145/146/92 1686/1599/452 434/470/238
f 1607/1518/399 149/149/88 74/75/75 333/472/239
f 1529/1440/353 1530/1443/354 334/631/255 309/632/255
f 1535/1446/353 1536/1449/354 310/607/255 285/608/255
f 1541/1452/358 1542/1455/354 286/583/255 261/584/255
f 150/151/88 1584/1497/383 262/566/251 105/104/75
f 1547/1458/359 1548/1461/359 135/136/83
f 114/113/83 1556/1469/366 1551/1468/366
f 1560/1473/367 134/133/83 1559/1470/367
f 1566/1479/371 115/116/83 1565/1476/371
f 1569/1486/378 130/131/96 1574/1487/378
f 139/139/96 1580/1493/382 1575/1492/382
f 1583/1494/383 1584/1497/383 150/151/88
f 119/119/88 1592/1505/390 1587/1504/390
f 129/129/96 1598/1511/394 1593/1510/394
f 1602/1515/395 140/141/96 1601/1512/395
f 1608/1521/399 149/149/88 1607/1518/399
f 1614/1527/403 120/121/88 1613/1524/403
f 1619/1530/408 1620/1533/408 77/78/78
f 101/100/78 1628/1541/415 1623/1540/415
f 1629/1546/419 110/110/69 1634/1547/419
f 70/69/69 1640/1553/423 1635/1552/423
f 1641/1558/427 125/126/92 1646/1559/427
f 144/144/92 1652/1565/431 1647/1564/431
f 1656/1569/432 87/87/78 1655/1566/432
f 1662/1575/436 102/102/78 1661/1572/436
f 109/108/69 1670/1583/443 1665/1582/443
f 1674/1587/444 94/93/69 1673/1584/444
f 124/124/92 1682/1595/451 1677/1594/451
f 1686/1599/452 145/146/92 1685/1596/452
f 1688/1601/455 1683/1600/454 443/2177/820 442/2178/820
f 1298/1211/303 1293/1210/302 445/2179/96 444/2180/96
f 1304/1217/302 1299/1216/302 447/2181/96 446/2182/96
f 1310/1223/302 1305/1222/302 449/2183/96 448/2184/96
f 1679/1590/448 1680/1593/450 451/2185/821 450/2186/821
f 1442/1355/335 1437/1354/335 453/2187/78 452/2188/78
f 1448/1361/335 1443/1360/335 455/2189/78 454/2190/78
f 1454/1367/335 1449/1366/335 457/2191/78 456/2192/78
f 1643/1554/424 1644/1557/426 459/2193/822 458/2194/822
f 1133/1044/271 1134/1047/271 461/2195/88 460/2196/88
f 1139/1050/271 1140/1053/271 463/2197/88 462/2198/88
f 1145/1056/271 1146/1059/271 465/2199/88 464/2200/88
f 1649/1560/428 1650/1563/430 467/2201/823 466/2202/823
f 1511/1422/348 1512/1425/348 469/2203/69 468/2204/69
f 1517/1428/351 1518/1431/348 471/2205/69 470/2206/69
f 1523/1434/348 1524/1437/348 441/2207/69 472/2208/69
f 1604/1517/398 1599/1516/397 475/2209/824 474/2210/824
f 1244/1157/290 1239/1156/290 477/2211/83 476/2212/83
f 1250/1163/291 1245/1162/291 479/2213/83 478/2214/83
f 1256/1169/290 1251/1168/290 481/2215/83 480/2216/83
f 1595/1506/391 1596/1509/393 483/2217/825 482/2218/825
f 1460/1373/339 1455/1372/338 485/2219/78 484/2220/78
f 1466/1379/340 1461/1378/340 487/2221/78 486/2222/78
f 1472/1385/338 1467/1384/338 489/2223/78 488/2224/78
f 1571/1482/375 1572/1485/377 491/2225/826 490/2226/826
f 1331/1242/311 1332/1245/311 493/2227/92 492/2228/92
f 1337/1248/314 1338/1251/314 495/2229/92 494/2230/92
f 1343/1254/311 1344/1257/311 497/2231/92 496/2232/92
f 1577/1488/379 1578/1491/381 499/2233/827 498/2234/827
f 1493/1404/345 1494/1407/345 501/2235/69 500/2236/69
f 1499/1410/347 1500/1413/345 503/2237/69 502/2238/69
f 1505/1416/345 1506/1419/345 473/2239/69 504/2240/69
f 1676/1589/447 1671/1588/446 507/2241/828 506/2242/828
f 1316/1229/307 1311/1228/307 509/2243/96 508/2244/96
f 1317/1234/307 511/2245/96 2265/2246/96 2266/1235/308
f 1328/1241/310 1323/1240/307 513/2247/96 512/2248/96
f 1667/1578/440 1668/1581/442 515/2249/829 514/2250/829
f 1388/1301/326 1383/1300/326 517/2251/92 516/2252/92
f 1389/1306/326 519/2253/92 2276/2254/92 2277/1307/327
f 1400/1313/326 1395/1312/326 521/2255/92 520/2256/92
f 1631/1542/416 1632/1545/418 523/2257/830 522/2258/830
f 1115/1026/268 1116/1029/268 525/2259/88 524/2260/88
f 1121/1032/268 1122/1035/268 527/2261/88 526/2262/88
f 1127/1038/268 1128/1041/268 529/2263/88 528/2264/88
f 1637/1548/420 1638/1551/422 531/2265/831 530/2266/831
f 1187/1098/280 1188/1101/280 533/2267/83 532/2268/83
f 1193/1104/280 1194/1107/280 535/2269/83 534/2270/83
f 1199/1110/280 1200/1113/280 505/2271/83 536/2272/83
f 1568/1481/374 1563/1480/373 539/2273/832 538/2274/832
f 1259/1170/292 1260/1173/293 541/2275/96 540/2276/96
f 1266/1177/293 543/2277/96 2287/2278/96 2288/1178/295
f 1271/1182/293 1272/1185/293 545/2279/96 544/2280/96
f 1562/1475/370 1557/1474/369 547/2281/833 546/2282/833
f 1478/1391/343 1473/1390/342 549/2283/69 548/2284/69
f 1484/1397/342 1479/1396/342 551/2285/69 550/2286/69
f 1490/1403/342 1485/1402/342 553/2287/69 552/2288/69
f 1550/1463/362 1545/1462/361 555/2289/834 554/2290/834
f 1172/1085/279 1167/1084/278 557/2291/88 556/2292/88
f 1178/1091/278 1173/1090/278 559/2293/88 558/2294/88
f 1184/1097/278 1179/1096/278 561/2295/88 560/2296/88
f 1553/1464/363 1554/1467/365 563/2297/835 562/2298/835
f 1403/1314/328 1404/1317/328 565/2299/78 564/2300/78
f 2285/1323/330 2286/2301/78 566/2302/78 1409/1320/328
f 1415/1326/328 1416/1329/328 537/2303/78 568/2304/78
f 1616/1529/407 1611/1528/406 571/2305/836 570/2306/836
f 1205/1116/282 1206/1119/282 573/2307/83 572/2308/83
f 1211/1122/282 1212/1125/282 575/2309/83 574/2310/83
f 1217/1128/284 1218/1131/282 577/2311/83 576/2312/83
f 1610/1523/402 1605/1522/401 579/2313/837 578/2314/837
f 1532/1445/355 1527/1444/355 581/2315/69 580/2316/69
f 1538/1451/357 1533/1450/356 583/2317/69 582/2318/69
f 1544/1457/355 1539/1456/355 585/2319/69 584/2320/69
f 1586/1499/386 1581/1498/385 587/2321/838 586/2322/838
f 1370/1283/320 1365/1282/320 589/2323/92 588/2324/92
f 2296/1289/322 2297/2325/92 590/2326/92 1376/1288/321
f 1382/1295/324 1377/1294/320 593/2327/92 592/2328/92
f 1589/1500/387 1590/1503/389 595/2329/839 594/2330/839
f 1421/1332/331 1422/1335/331 597/2331/78 596/2332/78
f 2274/1341/333 2275/2333/78 598/2334/78 1427/1338/331
f 1433/1344/331 1434/1347/331 569/2335/78 600/2336/78
f 1664/1577/439 1659/1576/438 603/2337/840 602/2338/840
f 1277/1188/297 1278/1191/298 605/2339/96 604/2340/96
f 1283/1194/298 1284/1197/298 607/2341/96 606/2342/96
f 1289/1200/298 1290/1203/298 609/2343/96 608/2344/96
f 1658/1571/435 1653/1570/434 611/2345/841 610/2346/841
f 1226/1139/287 1221/1138/286 613/2347/83 612/2348/83
f 1232/1145/286 1227/1144/286 615/2349/83 614/2350/83
f 1238/1151/286 1233/1150/286 617/2351/83 616/2352/83
f 1622/1535/411 1617/1534/410 619/2353/842 618/2354/842
f 1154/1067/275 1149/1066/275 621/2355/88 620/2356/88
f 1160/1073/275 1155/1072/275 623/2357/88 622/2358/88
f 1166/1079/275 1161/1078/275 625/2359/88 624/2360/88
f 1625/1536/412 1626/1539/414 627/2361/843 626/2362/843
f 1349/1260/315 1350/1263/316 629/2363/92 628/2364/92
f 1355/1266/316 1356/1269/316 631/2365/92 630/2366/92
f 1361/1272/316 1362/1275/316 601/2367/92 632/2368/92
f 154/488/78 1551/1468/78 1689/2369/78 634/731/78
f 1181/1092/69 153/511/69 633/730/69 1692/2370/69
f 1553/1464/78 562/2298/78 637/2371/78 1691/2372/78
f 561/2295/69 1179/1096/69 1694/2373/69 638/2374/69
f 174/507/69 1329/1246/69 1695/2375/69 640/734/69
f 1574/1487/78 173/487/78 639/733/78 1698/2376/78
f 1331/1242/69 492/2228/69 641/2377/69 1697/2378/69
f 491/2225/78 1572/1485/78 1700/2379/78 642/2380/78
f 156/489/69 1257/1174/69 1701/2381/69 644/737/69
f 1565/1476/78 155/478/78 643/736/78 1704/2382/78
f 160/479/78 1587/1504/78 1707/2383/78 647/739/78
f 1379/1290/69 159/494/69 648/740/69 1710/2384/69
f 1589/1500/78 594/2330/78 649/2385/78 1709/2386/78
f 593/2327/69 1377/1294/69 1712/2387/69 650/2388/69
f 1259/1170/69 540/2276/69 651/2389/69 1703/2390/69
f 539/2273/78 1563/1480/78 1706/2391/78 652/2392/78
f 162/495/69 1203/1120/69 1713/2393/69 654/743/69
f 1613/1524/78 161/481/78 653/742/78 1716/2394/78
f 166/482/78 1677/1594/78 1719/2395/78 657/745/78
f 1307/1218/69 165/499/69 658/746/69 1722/2396/69
f 1679/1590/78 450/2186/78 659/2397/78 1721/2398/78
f 449/2183/69 1305/1222/69 1724/2399/69 660/2400/69
f 1205/1116/69 572/2308/69 661/2401/69 1715/2402/69
f 571/2305/78 1611/1528/78 1718/2403/78 662/2404/78
f 168/501/69 1131/1048/69 1725/2405/69 664/749/69
f 1646/1559/78 167/484/78 663/748/78 1728/2406/78
f 172/485/78 1593/1510/78 1731/2407/78 667/751/78
f 1253/1164/69 171/505/69 668/752/69 1734/2408/69
f 1595/1506/78 482/2218/78 669/2409/78 1733/2410/78
f 481/2215/69 1251/1168/69 1736/2411/69 670/2412/69
f 1133/1044/69 460/2196/69 671/2413/69 1727/2414/69
f 459/2193/78 1644/1557/78 1730/2415/78 672/2416/78
f 177/512/78 1182/1095/78 1737/2417/78 673/755/78
f 1175/1086/69 178/535/69 674/754/69 1740/2418/69
f 1184/1097/78 560/2296/78 677/2419/78 1739/2420/78
f 559/2293/69 1173/1090/69 1742/2421/69 678/2422/69
f 198/531/69 1335/1252/69 1743/2423/69 680/758/69
f 1334/1247/78 197/510/78 679/757/78 1746/2424/78
f 1337/1248/69 494/2230/69 681/2425/69 1745/2426/69
f 493/2227/78 1332/1245/78 1748/2427/78 682/2428/78
f 180/762/69 1263/2429/69 1749/2430/69 684/763/69
f 1262/1175/78 179/492/78 683/760/78 1752/2431/78
f 184/493/78 1380/1293/78 1755/2432/78 687/765/78
f 1373/2433/69 183/766/69 688/767/69 1758/2434/69
f 1382/1295/78 592/2328/78 689/2435/78 1757/2436/78
f 591/2437/69 1371/2438/69 1760/2439/69 690/2440/69
f 1265/2441/69 542/2442/69 691/2443/69 1751/2444/69
f 541/2275/78 1260/1173/78 1754/2445/78 692/2446/78
f 186/519/69 1209/1126/69 1761/2447/69 694/770/69
f 1208/1121/78 185/498/78 693/769/78 1764/2448/78
f 190/500/78 1308/1221/78 1767/2449/78 697/772/78
f 1301/1212/69 189/523/69 698/773/69 1770/2450/69
f 1310/1223/78 448/2184/78 699/2451/78 1769/2452/78
f 447/2181/69 1299/1216/69 1772/2453/69 700/2454/69
f 1211/1122/69 574/2310/69 701/2455/69 1763/2456/69
f 573/2307/78 1206/1119/78 1766/2457/78 702/2458/78
f 192/525/69 1137/1054/69 1773/2459/69 704/776/69
f 1136/1049/78 191/504/78 703/775/78 1776/2460/78
f 196/506/78 1254/1167/78 1779/2461/78 707/778/78
f 1247/1158/69 195/529/69 708/779/69 1782/2462/69
f 1256/1169/78 480/2216/78 709/2463/78 1781/2464/78
f 479/2213/69 1245/1162/69 1784/2465/69 710/2466/69
f 1139/1050/69 462/2198/69 711/2467/69 1775/2468/69
f 461/2195/78 1134/1047/78 1778/2469/78 712/2470/78
f 201/536/78 1176/1089/78 1785/2471/78 713/782/78
f 1169/1080/69 202/559/69 714/781/69 1788/2472/69
f 1178/1091/78 558/2294/78 717/2473/78 1787/2474/78
f 557/2291/69 1167/1084/69 1790/2475/69 718/2476/69
f 222/555/69 1341/1258/69 1791/2477/69 720/785/69
f 1340/1253/78 221/534/78 719/784/78 1794/2478/78
f 1343/1254/69 496/2232/69 721/2479/69 1793/2480/69
f 495/2229/78 1338/1251/78 1796/2481/78 722/2482/78
f 204/537/69 1269/1186/69 1797/2483/69 724/788/69
f 1268/1180/78 203/514/78 723/787/78 1800/2484/78
f 208/517/78 1374/1285/78 1803/2485/78 727/790/78
f 1367/1278/69 207/542/69 728/791/69 1806/2486/69
f 1376/1288/78 590/2326/78 729/2487/78 1805/2488/78
f 589/2323/69 1365/1282/69 1808/2489/69 730/2490/69
f 1271/1182/69 544/2280/69 731/2491/69 1799/2492/69
f 543/2277/78 1266/1177/78 1802/2493/78 732/2494/78
f 210/543/69 1215/1132/69 1809/2495/69 734/794/69
f 1214/1127/78 209/522/78 733/793/78 1812/2496/78
f 214/524/78 1302/1215/78 1815/2497/78 737/796/78
f 1295/1206/69 213/547/69 738/797/69 1818/2498/69
f 1304/1217/78 446/2182/78 739/2499/78 1817/2500/78
f 445/2179/69 1293/1210/69 1820/2501/69 740/2502/69
f 1217/1128/69 576/2312/69 741/2503/69 1811/2504/69
f 575/2309/78 1212/1125/78 1814/2505/78 742/2506/78
f 216/549/69 1143/1060/69 1821/2507/69 744/800/69
f 1142/1055/78 215/528/78 743/799/78 1824/2508/78
f 220/530/78 1248/1161/78 1827/2509/78 747/802/78
f 1241/1152/69 219/553/69 748/803/69 1830/2510/69
f 1250/1163/78 478/2214/78 749/2511/78 1829/2512/78
f 477/2211/69 1239/1156/69 1832/2513/69 750/2514/69
f 1145/1056/69 464/2200/69 751/2515/69 1823/2516/69
f 463/2197/78 1140/1053/78 1826/2517/78 752/2518/78
f 225/560/78 1170/1083/78 1833/2519/78 753/806/78
f 1547/1458/69 226/443/69 754/805/69 1836/2520/69
f 1172/1085/78 556/2292/78 757/2521/78 1835/2522/78
f 555/2289/69 1545/1462/69 1838/2523/69 758/2524/69
f 246/441/69 1575/1492/69 1839/2525/69 760/809/69
f 1346/1259/78 245/558/78 759/808/78 1842/2526/78
f 1577/1488/69 498/2234/69 761/2527/69 1841/2528/69
f 497/2231/78 1344/1257/78 1844/2529/78 762/2530/78
f 228/449/69 1560/1473/69 1845/2531/69 764/812/69
f 1274/1187/78 227/540/78 763/811/78 1848/2532/78
f 232/541/78 1368/1281/78 1851/2533/78 767/814/78
f 1583/1494/69 231/448/69 768/815/69 1854/2534/69
f 1370/1283/78 588/2324/78 769/2535/78 1853/2536/78
f 587/2321/69 1581/1498/69 1856/2537/69 770/2538/69
f 1562/1475/69 546/2282/69 771/2539/69 1847/2540/69
f 545/2279/78 1272/1185/78 1850/2541/78 772/2542/78
f 234/462/69 1608/1521/69 1857/2543/69 774/818/69
f 1220/1133/78 233/546/78 773/817/78 1860/2544/78
f 238/548/78 1296/1209/78 1863/2545/78 777/820/78
f 1685/1596/69 237/464/69 778/821/69 1866/2546/69
f 1298/1211/78 444/2180/78 779/2547/78 1865/2548/78
f 443/2177/69 1683/1600/69 1868/2549/69 780/2550/69
f 1610/1523/69 578/2314/69 781/2551/69 1859/2552/69
f 577/2311/78 1218/1131/78 1862/2553/78 782/2554/78
f 240/453/69 1647/1564/69 1869/2555/69 784/824/69
f 1148/1061/78 239/552/78 783/823/78 1872/2556/78
f 244/554/78 1242/1155/78 1875/2557/78 787/826/78
f 1601/1512/69 243/455/69 788/827/69 1878/2558/69
f 1244/1157/78 476/2212/78 789/2559/78 1877/2560/78
f 475/2209/69 1599/1516/69 1880/2561/69 790/2562/69
f 1649/1560/69 466/2202/69 791/2563/69 1871/2564/69
f 465/2199/78 1146/1059/78 1874/2565/78 792/2566/78
f 250/572/92 1569/1486/92 1881/2567/92 794/830/92
f 1469/1380/83 249/596/83 793/829/83 1884/2568/83
f 1571/1482/92 490/2226/92 797/2569/92 1883/2570/92
f 489/2223/83 1467/1384/83 1886/2571/83 798/2572/83
f 270/591/83 1113/1030/83 1887/2573/83 800/833/83
f 1634/1547/92 269/571/92 799/832/92 1890/2574/92
f 1115/1026/83 524/2260/83 801/2575/83 1889/2576/83
f 523/2257/92 1632/1545/92 1892/2577/92 802/2578/92
f 252/573/83 1491/1408/83 1893/2579/83 804/836/83
f 1580/1493/92 251/562/92 803/835/92 1896/2580/92
f 256/563/92 1623/1540/92 1899/2581/92 807/838/92
f 1163/1074/83 255/578/83 808/839/83 1902/2582/83
f 1625/1536/92 626/2362/92 809/2583/92 1901/2584/92
f 625/2359/83 1161/1078/83 1904/2585/83 810/2586/83
f 1493/1404/83 500/2236/83 811/2587/83 1895/2588/83
f 499/2233/92 1578/1491/92 1898/2589/92 812/2590/92
f 258/579/83 1275/1192/83 1905/2591/83 814/842/83
f 1661/1572/92 257/565/92 813/841/92 1908/2592/92
f 262/566/92 1584/1497/92 1911/2593/92 817/844/92
f 1541/1452/83 261/584/83 818/845/83 1914/2594/83
f 1586/1499/92 586/2322/92 819/2595/92 1913/2596/92
f 585/2319/83 1539/1456/83 1916/2597/83 820/2598/83
f 1277/1188/83 604/2340/83 821/2599/83 1907/2600/83
f 603/2337/92 1659/1576/92 1910/2601/92 822/2602/92
f 264/585/83 1419/1336/83 1917/2603/83 824/848/83
f 1592/1505/92 263/568/92 823/847/92 1920/2604/92
f 268/569/92 1665/1582/92 1923/2605/92 827/850/92
f 1325/1236/83 267/590/83 828/851/83 1926/2606/83
f 1667/1578/92 514/2250/92 829/2607/92 1925/2608/92
f 513/2247/83 1323/1240/83 1928/2609/83 830/2610/83
f 1421/1332/83 596/2332/83 831/2611/83 1919/2612/83
f 595/2329/92 1590/1503/92 1922/2613/92 832/2614/92
f 273/595/92 1470/1383/92 1929/2615/92 833/854/92
f 1463/1374/83 274/620/83 834/853/83 1932/2616/83
f 1472/1385/92 488/2224/92 837/2617/92 1931/2618/92
f 487/2221/83 1461/1378/83 1934/2619/83 838/2620/83
f 294/615/83 1119/1036/83 1935/2621/83 840/857/83
f 1118/1031/92 293/594/92 839/856/92 1938/2622/92
f 1121/1032/83 526/2262/83 841/2623/83 1937/2624/83
f 525/2259/92 1116/1029/92 1940/2625/92 842/2626/92
f 276/597/83 1497/1414/83 1941/2627/83 844/860/83
f 1496/1409/92 275/576/92 843/859/92 1944/2628/92
f 280/577/92 1164/1077/92 1947/2629/92 847/862/92
f 1157/1068/83 279/602/83 848/863/83 1950/2630/83
f 1166/1079/92 624/2360/92 849/2631/92 1949/2632/92
f 623/2357/83 1155/1072/83 1952/2633/83 850/2634/83
f 1499/1410/83 502/2238/83 851/2635/83 1943/2636/83
f 501/2235/92 1494/1407/92 1946/2637/92 852/2638/92
f 282/603/83 1281/1198/83 1953/2639/83 854/866/83
f 1280/1193/92 281/582/92 853/865/92 1956/2640/92
f 286/583/92 1542/1455/92 1959/2641/92 857/868/92
f 1535/1446/83 285/608/83 858/869/83 1962/2642/83
f 1544/1457/92 584/2320/92 859/2643/92 1961/2644/92
f 583/2317/83 1533/1450/83 1964/2645/83 860/2646/83
f 1283/1194/83 606/2342/83 861/2647/83 1955/2648/83
f 605/2339/92 1278/1191/92 1958/2649/92 862/2650/92
f 288/609/83 1425/1342/83 1965/2651/83 864/872/83
f 1424/1337/92 287/588/92 863/871/92 1968/2652/92
f 292/589/92 1326/1239/92 1971/2653/92 867/874/92
f 1319/1230/83 291/613/83 868/875/83 1974/2654/83
f 1328/1241/92 512/2248/92 869/2655/92 1973/2656/92
f 511/2245/83 1317/1234/83 1976/2657/83 870/2658/83
f 1427/1338/83 598/2334/83 871/2659/83 1967/2660/83
f 597/2331/92 1422/1335/92 1970/2661/92 872/2662/92
f 297/619/92 1464/1377/92 1977/2663/92 873/878/92
f 1457/1368/83 298/644/83 874/877/83 1980/2664/83
f 1466/1379/92 486/2222/92 877/2665/92 1979/2666/92
f 485/2219/83 1455/1372/83 1982/2667/83 878/2668/83
f 318/639/83 1125/1042/83 1983/2669/83 880/881/83
f 1124/1037/92 317/618/92 879/880/92 1986/2670/92
f 1127/1038/83 528/2264/83 881/2671/83 1985/2672/83
f 527/2261/92 1122/1035/92 1988/2673/92 882/2674/92
f 300/621/83 1503/1420/83 1989/2675/83 884/884/83
f 1502/1415/92 299/600/92 883/883/92 1992/2676/92
f 304/601/92 1158/1071/92 1995/2677/92 887/886/92
f 1151/1062/83 303/626/83 888/887/83 1998/2678/83
f 1160/1073/92 622/2358/92 889/2679/92 1997/2680/92
f 621/2355/83 1149/1066/83 2000/2681/83 890/2682/83
f 1505/1416/83 504/2240/83 891/2683/83 1991/2684/83
f 503/2237/92 1500/1413/92 1994/2685/92 892/2686/92
f 306/627/83 1287/1204/83 2001/2687/83 894/890/83
f 1286/1199/92 305/606/92 893/889/92 2004/2688/92
f 310/607/92 1536/1449/92 2007/2689/92 897/892/92
f 1529/1440/83 309/632/83 898/893/83 2010/2690/83
f 1538/1451/92 582/2318/92 899/2691/92 2009/2692/92
f 581/2315/83 1527/1444/83 2012/2693/83 900/2694/83
f 1289/1200/83 608/2344/83 901/2695/83 2003/2696/83
f 607/2341/92 1284/1197/92 2006/2697/92 902/2698/92
f 312/633/83 1431/1348/83 2013/2699/83 904/898/83
f 1430/2700/92 311/894/92 903/897/92 2016/2701/92
f 316/900/92 1320/2702/92 2019/2703/92 907/901/92
f 1313/1224/83 315/638/83 908/902/83 2022/2704/83
f 1322/2705/92 510/2706/92 909/2707/92 2021/2708/92
f 509/2243/83 1311/1228/83 2024/2709/83 910/2710/83
f 1433/1344/83 600/2336/83 911/2711/83 2015/2712/83
f 599/2713/92 1428/2714/92 2018/2715/92 912/2716/92
f 321/643/92 1458/1371/92 2025/2717/92 913/905/92
f 1598/1511/83 322/460/83 914/904/83 2028/2718/83
f 1460/1373/92 484/2220/92 917/2719/92 2027/2720/92
f 483/2217/83 1596/1509/83 2030/2721/83 918/2722/83
f 342/461/83 1635/1552/83 2031/2723/83 920/908/83
f 1130/1043/92 341/642/92 919/907/92 2034/2724/92
f 1637/1548/83 530/2266/83 921/2725/83 2033/2726/83
f 529/2263/92 1128/1041/92 2036/2727/92 922/2728/92
f 324/476/83 1602/1515/83 2037/2729/83 924/911/83
f 1508/1421/92 323/624/92 923/910/92 2040/2730/92
f 328/625/92 1152/1065/92 2043/2731/92 927/913/92
f 1619/1530/83 327/475/83 928/914/83 2046/2732/83
f 1154/1067/92 620/2356/92 929/2733/92 2045/2734/92
f 619/2353/83 1617/1534/83 2048/2735/83 930/2736/83
f 1604/1517/83 474/2210/83 931/2737/83 2039/2738/83
f 473/2239/92 1506/1419/92 2042/2739/92 932/2740/92
f 330/473/83 1656/1569/83 2049/2741/83 934/917/83
f 1292/1205/92 329/630/92 933/916/92 2052/2742/92
f 334/631/92 1530/1443/92 2055/2743/92 937/919/92
f 1607/1518/83 333/472/83 938/920/83 2058/2744/83
f 1532/1445/92 580/2316/92 939/2745/92 2057/2746/92
f 579/2313/83 1605/1522/83 2060/2747/83 940/2748/83
f 1658/1571/83 610/2346/83 941/2749/83 2051/2750/83
f 609/2343/92 1290/1203/92 2054/2751/92 942/2752/92
f 336/467/83 1614/1527/83 2061/2753/83 944/923/83
f 1436/1349/92 335/636/92 943/922/92 2064/2754/92
f 340/637/92 1314/1227/92 2067/2755/92 947/925/92
f 1673/1584/83 339/466/83 948/926/83 2070/2756/83
f 1316/1229/92 508/2244/92 949/2757/92 2069/2758/92
f 507/2241/83 1671/1588/83 2072/2759/83 950/2760/83
f 1616/1529/83 570/2306/83 951/2761/83 2063/2762/83
f 569/2335/92 1434/1347/92 2066/2763/92 952/2764/92
f 348/645/88 1620/1533/88 2073/2765/88 955/927/88
f 1235/1146/96 347/659/96 956/930/96 2076/2766/96
f 1622/1535/88 618/2354/88 959/2767/88 2075/2768/88
f 617/2351/96 1233/1150/96 2078/2769/96 960/2770/96
f 440/726/96 1509/1426/96 2079/2771/96 957/931/96
f 1652/1565/88 439/728/88 958/932/88 2082/2772/88
f 1511/1422/96 468/2204/96 961/2773/96 2081/2774/96
f 467/2201/88 1650/1563/88 2084/2775/88 962/2776/88
f 350/660/96 1347/1264/96 2085/2777/96 964/935/96
f 1628/1541/88 349/648/88 963/934/88 2088/2778/88
f 354/649/88 1548/1461/88 2091/2779/88 967/937/88
f 1487/1398/96 353/664/96 968/938/96 2094/2780/96
f 1550/1463/88 554/2290/88 969/2781/88 2093/2782/88
f 553/2287/96 1485/1402/96 2096/2783/96 970/2784/96
f 1349/1260/96 628/2364/96 971/2785/96 2087/2786/96
f 627/2361/88 1626/1539/88 2090/2787/88 972/2788/88
f 356/666/96 1401/1318/96 2097/2789/96 974/941/96
f 1556/1469/88 355/651/88 973/940/88 2100/2790/88
f 360/652/88 1629/1546/88 2103/2791/88 977/943/88
f 1397/1308/96 359/671/96 978/944/96 2106/2792/96
f 1631/1542/88 522/2258/88 979/2793/88 2105/2794/88
f 521/2255/96 1395/1312/96 2108/2795/96 980/2796/96
f 1403/1314/96 564/2300/96 981/2797/96 2099/2798/96
f 563/2297/88 1554/1467/88 2102/2799/88 982/2800/88
f 362/672/96 1185/1102/96 2109/2801/96 984/947/96
f 1640/1553/88 361/654/88 983/946/88 2112/2802/88
f 366/655/88 1641/1558/88 2115/2803/88 987/949/88
f 1451/1362/96 365/676/96 988/950/96 2118/2804/96
f 1643/1554/88 458/2194/88 989/2805/88 2117/2806/88
f 457/2191/96 1449/1366/96 2120/2807/96 990/2808/96
f 1187/1098/96 532/2268/96 991/2809/96 2111/2810/96
f 531/2265/88 1638/1551/88 2114/2811/88 992/2812/88
f 370/656/88 1236/1149/88 2121/2813/88 997/955/88
f 1229/1140/96 369/681/96 998/956/96 2124/2814/96
f 1238/1151/88 616/2352/88 999/2815/88 2123/2816/88
f 615/2349/96 1227/1144/96 2126/2817/96 1000/2818/96
f 438/724/96 1515/1432/96 2127/2819/96 995/951/96
f 1514/1427/88 437/727/88 996/954/88 2130/2820/88
f 1517/1428/96 470/2206/96 1001/2821/96 2129/2822/96
f 469/2203/88 1512/1425/88 2132/2823/88 1002/2824/88
f 372/682/96 1353/1270/96 2133/2825/96 1004/959/96
f 1352/1265/88 371/663/88 1003/958/88 2136/2826/88
f 376/665/88 1488/1401/88 2139/2827/88 1007/961/88
f 1481/1392/96 375/686/96 1008/962/96 2142/2828/96
f 1490/1403/88 552/2288/88 1009/2829/88 2141/2830/88
f 551/2285/96 1479/1396/96 2144/2831/96 1010/2832/96
f 1355/1266/96 630/2366/96 1011/2833/96 2135/2834/96
f 629/2363/88 1350/1263/88 2138/2835/88 1012/2836/88
f 378/688/96 1407/1324/96 2145/2837/96 1014/965/96
f 1406/1319/88 377/669/88 1013/964/88 2148/2838/88
f 382/670/88 1398/1311/88 2151/2839/88 1017/967/88
f 1391/1302/96 381/692/96 1018/968/96 2154/2840/96
f 1400/1313/88 520/2256/88 1019/2841/88 2153/2842/88
f 519/2253/96 1389/1306/96 2156/2843/96 1020/2844/96
f 1409/1320/96 566/2302/96 1021/2845/96 2147/2846/96
f 565/2299/88 1404/1317/88 2150/2847/88 1022/2848/88
f 384/694/96 1191/1108/96 2157/2849/96 1024/971/96
f 1190/1103/88 383/675/88 1023/970/88 2160/2850/88
f 388/677/88 1452/1365/88 2163/2851/88 1027/973/88
f 1445/1356/96 387/698/96 1028/974/96 2166/2852/96
f 1454/1367/88 456/2192/88 1029/2853/88 2165/2854/88
f 455/2189/96 1443/1360/96 2168/2855/96 1030/2856/96
f 1193/1104/96 534/2270/96 1031/2857/96 2159/2858/96
f 533/2267/88 1188/1101/88 2162/2859/88 1032/2860/88
f 392/678/88 1230/1143/88 2169/2861/88 1037/979/88
f 1223/1134/96 391/703/96 1038/980/96 2172/2862/96
f 1232/1145/88 614/2350/88 1039/2863/88 2171/2864/88
f 613/2347/96 1221/1138/96 2174/2865/96 1040/2866/96
f 436/722/96 1521/1438/96 2175/2867/96 1035/975/96
f 1520/1433/88 435/725/88 1036/978/88 2178/2868/88
f 1523/1434/96 472/2208/96 1041/2869/96 2177/2870/96
f 471/2205/88 1518/1431/88 2180/2871/88 1042/2872/88
f 394/704/96 1359/1276/96 2181/2873/96 1044/983/96
f 1358/1271/88 393/685/88 1043/982/88 2184/2874/88
f 398/687/88 1482/1395/88 2187/2875/88 1047/985/88
f 1475/1386/96 397/708/96 1048/986/96 2190/2876/96
f 1484/1397/88 550/2286/88 1049/2877/88 2189/2878/88
f 549/2283/96 1473/1390/96 2192/2879/96 1050/2880/96
f 1361/1272/96 632/2368/96 1051/2881/96 2183/2882/96
f 631/2365/88 1356/1269/88 2186/2883/88 1052/2884/88
f 400/710/96 1413/1330/96 2193/2885/96 1054/991/96
f 1412/2886/88 399/987/88 1053/990/88 2196/2887/88
f 404/993/88 1392/2888/88 2199/2889/88 1057/994/88
f 1385/1296/96 403/715/96 1058/995/96 2202/2890/96
f 1394/2891/88 518/2892/88 1059/2893/88 2201/2894/88
f 517/2251/96 1383/1300/96 2204/2895/96 1060/2896/96
f 1415/1326/96 568/2304/96 1061/2897/96 2195/2898/96
f 567/2899/88 1410/2900/88 2198/2901/88 1062/2902/88
f 406/716/96 1197/1114/96 2205/2903/96 1064/998/96
f 1196/1109/88 405/697/88 1063/997/88 2208/2904/88
f 410/699/88 1446/1359/88 2211/2905/88 1067/1000/88
f 1439/1350/96 409/720/96 1068/1001/96 2214/2906/96
f 1448/1361/88 454/2190/88 1069/2907/88 2213/2908/88
f 453/2187/96 1437/1354/96 2216/2909/96 1070/2910/96
f 1199/1110/96 536/2272/96 1071/2911/96 2207/2912/96
f 535/2269/88 1194/1107/88 2210/2913/88 1072/2914/88
f 414/700/88 1224/1137/88 2217/2915/88 1077/1006/88
f 1655/1566/96 413/469/96 1078/1007/96 2220/2916/96
f 1226/1139/88 612/2348/88 1079/2917/88 2219/2918/88
f 611/2345/96 1653/1570/96 2222/2919/96 1080/2920/96
f 434/470/96 1686/1599/96 2223/2921/96 1075/1002/96
f 1526/1439/88 433/723/88 1076/1005/88 2226/2922/88
f 1688/1601/96 442/2178/96 1081/2923/96 2225/2924/96
f 441/2207/88 1524/1437/88 2228/2925/88 1082/2926/88
f 416/450/96 1662/1575/96 2229/2927/96 1084/1010/96
f 1364/1277/88 415/707/88 1083/1009/88 2232/2928/88
f 420/709/88 1476/1389/88 2235/2929/88 1087/1012/88
f 1559/1470/96 419/452/96 1088/1013/96 2238/2930/96
f 1478/1391/88 548/2284/88 1089/2931/88 2237/2932/88
f 547/2281/96 1557/1474/96 2240/2933/96 1090/2934/96
f 1664/1577/96 602/2338/96 1091/2935/96 2231/2936/96
f 601/2367/88 1362/1275/88 2234/2937/88 1092/2938/88
f 422/446/96 1566/1479/96 2241/2939/96 1094/1016/96
f 1418/1331/88 421/713/88 1093/1015/88 2244/2940/88
f 426/714/88 1386/1299/88 2247/2941/88 1097/1018/88
f 1670/1583/96 425/445/96 1098/1019/96 2250/2942/96
f 1388/1301/88 516/2252/88 1099/2943/88 2249/2944/88
f 515/2249/96 1668/1581/96 2252/2945/96 1100/2946/96
f 1568/1481/96 538/2274/96 1101/2947/96 2243/2948/96
f 537/2303/88 1416/1329/88 2246/2949/88 1102/2950/88
f 428/456/96 1674/1587/96 2253/2951/96 1104/1022/96
f 1202/1115/88 427/719/88 1103/1021/88 2256/2952/88
f 432/721/88 1440/1353/88 2259/2953/88 1107/1024/88
f 1682/1595/96 431/458/96 1108/1025/96 2262/2954/96
f 1442/1355/88 452/2188/88 1109/2955/88 2261/2956/88
f 451/2185/96 1680/1593/96 2264/2957/96 1110/2958/96
f 1676/1589/96 506/2242/96 1111/2959/96 2255/2960/96
f 505/2271/88 1200/1113/88 2258/2961/88 1112/2962/88
f 1113/1030/83 1114/1027/83 1888/2963/83 1887/2573/83
f 1114/1027/83 1115/1026/83 1889/2576/83 1888/2963/83
f 1119/1036/83 1120/1033/83 1936/2964/83 1935/2621/83
f 1120/1033/83 1121/1032/83 1937/2624/83 1936/2964/83
f 1125/1042/83 1126/1039/83 1984/2965/83 1983/2669/83
f 1126/1039/83 1127/1038/83 1985/2672/83 1984/2965/83
f 1131/1048/69 1132/1045/69 1726/2966/69 1725/2405/69
f 1132/1045/69 1133/1044/69 1727/2414/69 1726/2966/69
f 1137/1054/69 1138/1051/69 1774/2967/69 1773/2459/69
f 1138/1051/69 1139/1050/69 1775/2468/69 1774/2967/69
f 1143/1060/69 1144/1057/69 1822/2968/69 1821/2507/69
f 1144/1057/69 1145/1056/69 1823/2516/69 1822/2968/69
f 1152/1065/92 1153/1064/92 2044/2969/92 2043/2731/92
f 1153/1064/92 1154/1067/92 2045/2734/92 2044/2969/92
f 1158/1071/92 1159/1070/92 1996/2970/92 1995/2677/92
f 1159/1070/92 1160/1073/92 1997/2680/92 1996/2970/92
f 1164/1077/92 1165/1076/92 1948/2971/92 1947/2629/92
f 1165/1076/92 1166/1079/92 1949/2632/92 1948/2971/92
f 1170/1083/78 1171/1082/78 1834/2972/78 1833/2519/78
f 1171/1082/78 1172/1085/78 1835/2522/78 1834/2972/78
f 1176/1089/78 1177/1088/78 1786/2973/78 1785/2471/78
f 1177/1088/78 1178/1091/78 1787/2474/78 1786/2973/78
f 1182/1095/78 1183/1094/78 1738/2974/78 1737/2417/78
f 1183/1094/78 1184/1097/78 1739/2420/78 1738/2974/78
f 1185/1102/96 1186/1099/96 2110/2975/96 2109/2801/96
f 1186/1099/96 1187/1098/96 2111/2810/96 2110/2975/96
f 1191/1108/96 1192/1105/96 2158/2976/96 2157/2849/96
f 1192/1105/96 1193/1104/96 2159/2858/96 2158/2976/96
f 1197/1114/96 1198/1111/96 2206/2977/96 2205/2903/96
f 1198/1111/96 1199/1110/96 2207/2912/96 2206/2977/96
f 1203/1120/69 1204/1117/69 1714/2978/69 1713/2393/69
f 1204/1117/69 1205/1116/69 1715/2402/69 1714/2978/69
f 1209/1126/69 1210/1123/69 1762/2979/69 1761/2447/69
f 1210/1123/69 1211/1122/69 1763/2456/69 1762/2979/69
f 1215/1132/69 1216/1129/69 1810/2980/69 1809/2495/69
f 1216/1129/69 1217/1128/69 1811/2504/69 1810/2980/69
f 1224/1137/88 1225/1136/88 2218/2981/88 2217/2915/88
f 1225/1136/88 1226/1139/88 2219/2918/88 2218/2981/88
f 1230/1143/88 1231/1142/88 2170/2982/88 2169/2861/88
f 1231/1142/88 1232/1145/88 2171/2864/88 2170/2982/88
f 1236/1149/88 1237/1148/88 2122/2983/88 2121/2813/88
f 1237/1148/88 1238/1151/88 2123/2816/88 2122/2983/88
f 1242/1155/78 1243/1154/78 1876/2984/78 1875/2557/78
f 1243/1154/78 1244/1157/78 1877/2560/78 1876/2984/78
f 1248/1161/78 1249/1160/78 1828/2985/78 1827/2509/78
f 1249/1160/78 1250/1163/78 1829/2512/78 1828/2985/78
f 1254/1167/78 1255/1166/78 1780/2986/78 1779/2461/78
f 1255/1166/78 1256/1169/78 1781/2464/78 1780/2986/78
f 1257/1174/69 1258/1171/69 1702/2987/69 1701/2381/69
f 1258/1171/69 1259/1170/69 1703/2390/69 1702/2987/69
f 1263/2429/69 1264/2988/69 1750/2989/69 1749/2430/69
f 1264/2988/69 1265/2441/69 1751/2444/69 1750/2989/69
f 1269/1186/69 1270/1183/69 1798/2990/69 1797/2483/69
f 1270/1183/69 1271/1182/69 1799/2492/69 1798/2990/69
f 1275/1192/83 1276/1189/83 1906/2991/83 1905/2591/83
f 1276/1189/83 1277/1188/83 1907/2600/83 1906/2991/83
f 1281/1198/83 1282/1195/83 1954/2992/83 1953/2639/83
f 1282/1195/83 1283/1194/83 1955/2648/83 1954/2992/83
f 1287/1204/83 1288/1201/83 2002/2993/83 2001/2687/83
f 1288/1201/83 1289/1200/83 2003/2696/83 2002/2993/83
f 1296/1209/78 1297/1208/78 1864/2994/78 1863/2545/78
f 1297/1208/78 1298/1211/78 1865/2548/78 1864/2994/78
f 1302/1215/78 1303/1214/78 1816/2995/78 1815/2497/78
f 1303/1214/78 1304/1217/78 1817/2500/78 1816/2995/78
f 1308/1221/78 1309/1220/78 1768/2996/78 1767/2449/78
f 1309/1220/78 1310/1223/78 1769/2452/78 1768/2996/78
f 1314/1227/92 1315/1226/92 2068/2997/92 2067/2755/92
f 1315/1226/92 1316/1229/92 2069/2758/92 2068/2997/92
f 1320/2702/92 1321/2998/92 2020/2999/92 2019/2703/92
f 1321/2998/92 1322/2705/92 2021/2708/92 2020/2999/92
f 1326/1239/92 1327/1238/92 1972/3000/92 1971/2653/92
f 1327/1238/92 1328/1241/92 1973/2656/92 1972/3000/92
f 1329/1246/69 1330/1243/69 1696/3001/69 1695/2375/69
f 1330/1243/69 1331/1242/69 1697/2378/69 1696/3001/69
f 1335/1252/69 1336/1249/69 1744/3002/69 1743/2423/69
f 1336/1249/69 1337/1248/69 1745/2426/69 1744/3002/69
f 1341/1258/69 1342/1255/69 1792/3003/69 1791/2477/69
f 1342/1255/69 1343/1254/69 1793/2480/69 1792/3003/69
f 1347/1264/96 1348/1261/96 2086/3004/96 2085/2777/96
f 1348/1261/96 1349/1260/96 2087/2786/96 2086/3004/96
f 1353/1270/96 1354/1267/96 2134/3005/96 2133/2825/96
f 1354/1267/96 1355/1266/96 2135/2834/96 2134/3005/96
f 1359/1276/96 1360/1273/96 2182/3006/96 2181/2873/96
f 1360/1273/96 1361/1272/96 2183/2882/96 2182/3006/96
f 1368/1281/78 1369/1280/78 1852/3007/78 1851/2533/78
f 1369/1280/78 1370/1283/78 1853/2536/78 1852/3007/78
f 1374/1285/78 1375/1284/78 1804/3008/78 1803/2485/78
f 1375/1284/78 1376/1288/78 1805/2488/78 1804/3008/78
f 1380/1293/78 1381/1292/78 1756/3009/78 1755/2432/78
f 1381/1292/78 1382/1295/78 1757/2436/78 1756/3009/78
f 1386/1299/88 1387/1298/88 2248/3010/88 2247/2941/88
f 1387/1298/88 1388/1301/88 2249/2944/88 2248/3010/88
f 1392/2888/88 1393/3011/88 2200/3012/88 2199/2889/88
f 1393/3011/88 1394/2891/88 2201/2894/88 2200/3012/88
f 1398/1311/88 1399/1310/88 2152/3013/88 2151/2839/88
f 1399/1310/88 1400/1313/88 2153/2842/88 2152/3013/88
f 1401/1318/96 1402/1315/96 2098/3014/96 2097/2789/96
f 1402/1315/96 1403/1314/96 2099/2798/96 2098/3014/96
f 1407/1324/96 1408/1321/96 2146/3015/96 2145/2837/96
f 1408/1321/96 1409/1320/96 2147/2846/96 2146/3015/96
f 1413/1330/96 1414/1327/96 2194/3016/96 2193/2885/96
f 1414/1327/96 1415/1326/96 2195/2898/96 2194/3016/96
f 1419/1336/83 1420/1333/83 1918/3017/83 1917/2603/83
f 1420/1333/83 1421/1332/83 1919/2612/83 1918/3017/83
f 1425/1342/83 1426/1339/83 1966/3018/83 1965/2651/83
f 1426/1339/83 1427/1338/83 1967/2660/83 1966/3018/83
f 1431/1348/83 1432/1345/83 2014/3019/83 2013/2699/83
f 1432/1345/83 1433/1344/83 2015/2712/83 2014/3019/83
f 1440/1353/88 1441/1352/88 2260/3020/88 2259/2953/88
f 1441/1352/88 1442/1355/88 2261/2956/88 2260/3020/88
f 1446/1359/88 1447/1358/88 2212/3021/88 2211/2905/88
f 1447/1358/88 1448/1361/88 2213/2908/88 2212/3021/88
f 1452/1365/88 1453/1364/88 2164/3022/88 2163/2851/88
f 1453/1364/88 1454/1367/88 2165/2854/88 2164/3022/88
f 1458/1371/92 1459/1370/92 2026/3023/92 2025/2717/92
f 1459/1370/92 1460/1373/92 2027/2720/92 2026/3023/92
f 1464/1377/92 1465/1376/92 1978/3024/92 1977/2663/92
f 1465/1376/92 1466/1379/92 1979/2666/92 1978/3024/92
f 1470/1383/92 1471/1382/92 1930/3025/92 1929/2615/92
f 1471/1382/92 1472/1385/92 1931/2618/92 1930/3025/92
f 1476/1389/88 1477/1388/88 2236/3026/88 2235/2929/88
f 1477/1388/88 1478/1391/88 2237/2932/88 2236/3026/88
f 1482/1395/88 1483/1394/88 2188/3027/88 2187/2875/88
f 1483/1394/88 1484/1397/88 2189/2878/88 2188/3027/88
f 1488/1401/88 1489/1400/88 2140/3028/88 2139/2827/88
f 1489/1400/88 1490/1403/88 2141/2830/88 2140/3028/88
f 1491/1408/83 1492/1405/83 1894/3029/83 1893/2579/83
f 1492/1405/83 1493/1404/83 1895/2588/83 1894/3029/83
f 1497/1414/83 1498/1411/83 1942/3030/83 1941/2627/83
f 1498/1411/83 1499/1410/83 1943/2636/83 1942/3030/83
f 1503/1420/83 1504/1417/83 1990/3031/83 1989/2675/83
f 1504/1417/83 1505/1416/83 1991/2684/83 1990/3031/83
f 1509/1426/96 1510/1423/96 2080/3032/96 2079/2771/96
f 1510/1423/96 1511/1422/96 2081/2774/96 2080/3032/96
f 1515/1432/96 1516/1429/96 2128/3033/96 2127/2819/96
f 1516/1429/96 1517/1428/96 2129/2822/96 2128/3033/96
f 1521/1438/96 1522/1435/96 2176/3034/96 2175/2867/96
f 1522/1435/96 1523/1434/96 2177/2870/96 2176/3034/96
f 1530/1443/92 1531/1442/92 2056/3035/92 2055/2743/92
f 1531/1442/92 1532/1445/92 2057/2746/92 2056/3035/92
f 1536/1449/92 1537/1448/92 2008/3036/92 2007/2689/92
f 1537/1448/92 1538/1451/92 2009/2692/92 2008/3036/92
f 1542/1455/92 1543/1454/92 1960/3037/92 1959/2641/92
f 1543/1454/92 1544/1457/92 1961/2644/92 1960/3037/92
f 1548/1461/88 1549/1460/88 2092/3038/88 2091/2779/88
f 1549/1460/88 1550/1463/88 2093/2782/88 2092/3038/88
f 1551/1468/78 1552/1465/78 1690/3039/78 1689/2369/78
f 1552/1465/78 1553/1464/78 1691/2372/78 1690/3039/78
f 1560/1473/69 1561/1472/69 1846/3040/69 1845/2531/69
f 1561/1472/69 1562/1475/69 1847/2540/69 1846/3040/69
f 1566/1479/96 1567/1478/96 2242/3041/96 2241/2939/96
f 1567/1478/96 1568/1481/96 2243/2948/96 2242/3041/96
f 1569/1486/92 1570/1483/92 1882/3042/92 1881/2567/92
f 1570/1483/92 1571/1482/92 1883/2570/92 1882/3042/92
f 1575/1492/69 1576/1489/69 1840/3043/69 1839/2525/69
f 1576/1489/69 1577/1488/69 1841/2528/69 1840/3043/69
f 1584/1497/92 1585/1496/92 1912/3044/92 1911/2593/92
f 1585/1496/92 1586/1499/92 1913/2596/92 1912/3044/92
f 1587/1504/78 1588/1501/78 1708/3045/78 1707/2383/78
f 1588/1501/78 1589/1500/78 1709/2386/78 1708/3045/78
f 1593/1510/78 1594/1507/78 1732/3046/78 1731/2407/78
f 1594/1507/78 1595/1506/78 1733/2410/78 1732/3046/78
f 1602/1515/83 1603/1514/83 2038/3047/83 2037/2729/83
f 1603/1514/83 1604/1517/83 2039/2738/83 2038/3047/83
f 1608/1521/69 1609/1520/69 1858/3048/69 1857/2543/69
f 1609/1520/69 1610/1523/69 1859/2552/69 1858/3048/69
f 1614/1527/83 1615/1526/83 2062/3049/83 2061/2753/83
f 1615/1526/83 1616/1529/83 2063/2762/83 2062/3049/83
f 1620/1533/88 1621/1532/88 2074/3050/88 2073/2765/88
f 1621/1532/88 1622/1535/88 2075/2768/88 2074/3050/88
f 1623/1540/92 1624/1537/92 1900/3051/92 1899/2581/92
f 1624/1537/92 1625/1536/92 1901/2584/92 1900/3051/92
f 1629/1546/88 1630/1543/88 2104/3052/88 2103/2791/88
f 1630/1543/88 1631/1542/88 2105/2794/88 2104/3052/88
f 1635/1552/83 1636/1549/83 2032/3053/83 2031/2723/83
f 1636/1549/83 1637/1548/83 2033/2726/83 2032/3053/83
f 1641/1558/88 1642/1555/88 2116/3054/88 2115/2803/88
f 1642/1555/88 1643/1554/88 2117/2806/88 2116/3054/88
f 1647/1564/69 1648/1561/69 1870/3055/69 1869/2555/69
f 1648/1561/69 1649/1560/69 1871/2564/69 1870/3055/69
f 1656/1569/83 1657/1568/83 2050/3056/83 2049/2741/83
f 1657/1568/83 1658/1571/83 2051/2750/83 2050/3056/83
f 1662/1575/96 1663/1574/96 2230/3057/96 2229/2927/96
f 1663/1574/96 1664/1577/96 2231/2936/96 2230/3057/96
f 1665/1582/92 1666/1579/92 1924/3058/92 1923/2605/92
f 1666/1579/92 1667/1578/92 1925/2608/92 1924/3058/92
f 1674/1587/96 1675/1586/96 2254/3059/96 2253/2951/96
f 1675/1586/96 1676/1589/96 2255/2960/96 2254/3059/96
f 1677/1594/78 1678/1591/78 1720/3060/78 1719/2395/78
f 1678/1591/78 1679/1590/78 1721/2398/78 1720/3060/78
f 1686/1599/96 1687/1598/96 2224/3061/96 2223/2921/96
f 1687/1598/96 1688/1601/96 2225/2924/96 2224/3061/96
f 1689/1602/456 1690/3062/844 1693/3063/845 1692/1603/457
f 1690/3062/844 1691/1605/459 1694/1604/458 1693/3063/845
f 1179/1096/69 1180/1093/69 1693/3064/69 1694/2373/69
f 1180/1093/69 1181/1092/69 1692/2370/69 1693/3064/69
f 1695/1632/482 1696/3065/846 1699/3066/847 1698/1633/483
f 1696/3065/846 1697/2082/768 1700/2081/767 1699/3066/847
f 1572/1485/78 1573/1484/78 1699/3067/78 1700/2379/78
f 1573/1484/78 1574/1487/78 1698/2376/78 1699/3067/78
f 1701/1608/461 1702/3068/848 1705/3069/849 1704/1609/462
f 1702/3068/848 1703/2050/751 1706/2049/750 1705/3069/849
f 1563/1480/78 1564/1477/78 1705/3070/78 1706/2391/78
f 1564/1477/78 1565/1476/78 1704/2382/78 1705/3070/78
f 1707/1610/463 1708/3071/850 1711/3072/851 1710/1611/464
f 1708/3071/850 1709/1613/466 1712/1612/465 1711/3072/851
f 1377/1294/69 1378/1291/69 1711/3073/69 1712/2387/69
f 1378/1291/69 1379/1290/69 1710/2384/69 1711/3073/69
f 1713/1616/468 1714/3074/852 1717/3075/853 1716/1617/469
f 1714/3074/852 1715/2034/742 1718/2033/741 1717/3075/853
f 1611/1528/78 1612/1525/78 1717/3076/78 1718/2403/78
f 1612/1525/78 1613/1524/78 1716/2394/78 1717/3076/78
f 1719/1618/470 1720/3077/854 1723/3078/855 1722/1619/471
f 1720/3077/854 1721/1621/473 1724/1620/472 1723/3078/855
f 1305/1222/69 1306/1219/69 1723/3079/69 1724/2399/69
f 1306/1219/69 1307/1218/69 1722/2396/69 1723/3079/69
f 1725/1624/475 1726/3080/856 1729/3081/857 1728/1625/476
f 1726/3080/856 1727/2002/724 1730/2001/723 1729/3081/857
f 1644/1557/78 1645/1556/78 1729/3082/78 1730/2415/78
f 1645/1556/78 1646/1559/78 1728/2406/78 1729/3082/78
f 1731/1626/477 1732/3083/858 1735/3084/859 1734/1627/478
f 1732/3083/858 1733/1629/480 1736/1628/479 1735/3084/859
f 1251/1168/69 1252/1165/69 1735/3085/69 1736/2411/69
f 1252/1165/69 1253/1164/69 1734/2408/69 1735/3085/69
f 1737/1634/484 1738/3086/860 1741/3087/860 1740/1635/485
f 1738/3086/860 1739/1637/487 1742/1636/486 1741/3087/860
f 1173/1090/69 1174/1087/69 1741/3088/69 1742/2421/69
f 1174/1087/69 1175/1086/69 1740/2418/69 1741/3088/69
f 1743/1663/509 1744/3089/861 1747/3090/861 1746/1664/510
f 1744/3089/861 1745/2086/770 1748/2085/770 1747/3090/861
f 1332/1245/78 1333/1244/78 1747/3091/78 1748/2427/78
f 1333/1244/78 1334/1247/78 1746/2424/78 1747/3091/78
f 1749/1640/489 1750/3092/862 1753/3093/862 1752/1641/490
f 1750/3092/862 1751/2054/754 1754/2053/753 1753/3093/862
f 1260/1173/78 1261/1172/78 1753/3094/78 1754/2445/78
f 1261/1172/78 1262/1175/78 1752/2431/78 1753/3094/78
f 1755/1642/491 1756/3095/863 1759/3096/864 1758/1643/492
f 1756/3095/863 1757/1645/493 1760/1644/493 1759/3096/864
f 1371/2438/69 1372/3097/69 1759/3098/69 1760/2439/69
f 1372/3097/69 1373/2433/69 1758/2434/69 1759/3098/69
f 1761/1647/495 1762/3099/865 1765/3100/865 1764/1648/496
f 1762/3099/865 1763/2038/744 1766/2037/744 1765/3100/865
f 1206/1119/78 1207/1118/78 1765/3101/78 1766/2457/78
f 1207/1118/78 1208/1121/78 1764/2448/78 1765/3101/78
f 1767/1649/497 1768/3102/866 1771/3103/866 1770/1650/498
f 1768/3102/866 1769/1652/500 1772/1651/499 1771/3103/866
f 1299/1216/69 1300/1213/69 1771/3104/69 1772/2453/69
f 1300/1213/69 1301/1212/69 1770/2450/69 1771/3104/69
f 1773/1655/502 1774/3105/867 1777/3106/867 1776/1656/503
f 1774/3105/867 1775/2006/727 1778/2005/726 1777/3106/867
f 1134/1047/78 1135/1046/78 1777/3107/78 1778/2469/78
f 1135/1046/78 1136/1049/78 1776/2460/78 1777/3107/78
f 1779/1657/504 1780/3108/868 1783/3109/868 1782/1658/505
f 1780/3108/868 1781/1660/507 1784/1659/506 1783/3109/868
f 1245/1162/69 1246/1159/69 1783/3110/69 1784/2465/69
f 1246/1159/69 1247/1158/69 1782/2462/69 1783/3110/69
f 1785/1665/484 1786/3111/860 1789/3112/860 1788/1666/485
f 1786/3111/860 1787/1668/487 1790/1667/511 1789/3112/860
f 1167/1084/69 1168/1081/69 1789/3113/69 1790/2475/69
f 1168/1081/69 1169/1080/69 1788/2472/69 1789/3113/69
f 1791/1695/509 1792/3114/861 1795/3115/869 1794/1696/510
f 1792/3114/861 1793/2090/770 1796/2089/770 1795/3115/869
f 1338/1251/78 1339/1250/78 1795/3116/78 1796/2481/78
f 1339/1250/78 1340/1253/78 1794/2478/78 1795/3116/78
f 1797/1671/512 1798/3117/862 1801/3118/862 1800/1672/490
f 1798/3117/862 1799/2058/754 1802/2057/753 1801/3118/862
f 1266/1177/78 1267/1176/78 1801/3119/78 1802/2493/78
f 1267/1176/78 1268/1180/78 1800/2484/78 1801/3119/78
f 1803/1673/491 1804/3120/863 1807/3121/864 1806/1674/492
f 1804/3120/863 1805/1676/493 1808/1675/493 1807/3121/864
f 1365/1282/69 1366/1279/69 1807/3122/69 1808/2489/69
f 1366/1279/69 1367/1278/69 1806/2486/69 1807/3122/69
f 1809/1679/495 1810/3123/870 1813/3124/870 1812/1680/495
f 1810/3123/870 1811/2042/746 1814/2041/744 1813/3124/870
f 1212/1125/78 1213/1124/78 1813/3125/78 1814/2505/78
f 1213/1124/78 1214/1127/78 1812/2496/78 1813/3125/78
f 1815/1681/513 1816/3126/866 1819/3127/866 1818/1682/498
f 1816/3126/866 1817/1684/499 1820/1683/499 1819/3127/866
f 1293/1210/69 1294/1207/69 1819/3128/69 1820/2501/69
f 1294/1207/69 1295/1206/69 1818/2498/69 1819/3128/69
f 1821/1687/502 1822/3129/867 1825/3130/867 1824/1688/503
f 1822/3129/867 1823/2010/726 1826/2009/726 1825/3130/867
f 1140/1053/78 1141/1052/78 1825/3131/78 1826/2517/78
f 1141/1052/78 1142/1055/78 1824/2508/78 1825/3131/78
f 1827/1689/504 1828/3132/868 1831/3133/868 1830/1690/505
f 1828/3132/868 1829/1692/506 1832/1691/506 1831/3133/868
f 1239/1156/69 1240/1153/69 1831/3134/69 1832/2513/69
f 1240/1153/69 1241/1152/69 1830/2510/69 1831/3134/69
f 1833/1697/514 1834/3135/871 1837/3136/872 1836/1698/515
f 1834/3135/871 1835/1700/517 1838/1699/516 1837/3136/872
f 1545/1462/69 1546/1459/69 1837/3137/69 1838/2523/69
f 1546/1459/69 1547/1458/69 1836/2520/69 1837/3137/69
f 1839/1727/540 1840/3138/873 1843/3139/874 1842/1728/541
f 1840/3138/873 1841/2094/773 1844/2093/772 1843/3139/874
f 1344/1257/78 1345/1256/78 1843/3140/78 1844/2529/78
f 1345/1256/78 1346/1259/78 1842/2526/78 1843/3140/78
f 1845/1703/519 1846/3141/875 1849/3142/876 1848/1704/520
f 1846/3141/875 1847/2062/757 1850/2061/756 1849/3142/876
f 1272/1185/78 1273/1184/78 1849/3143/78 1850/2541/78
f 1273/1184/78 1274/1187/78 1848/2532/78 1849/3143/78
f 1851/1705/521 1852/3144/877 1855/3145/878 1854/1706/522
f 1852/3144/877 1853/1708/524 1856/1707/523 1855/3145/878
f 1581/1498/69 1582/1495/69 1855/3146/69 1856/2537/69
f 1582/1495/69 1583/1494/69 1854/2534/69 1855/3146/69
f 1857/1711/526 1858/3147/879 1861/3148/880 1860/1712/527
f 1858/3147/879 1859/2046/748 1862/2045/747 1861/3148/880
f 1218/1131/78 1219/1130/78 1861/3149/78 1862/2553/78
f 1219/1130/78 1220/1133/78 1860/2544/78 1861/3149/78
f 1863/1713/528 1864/3150/881 1867/3151/882 1866/1714/529
f 1864/3150/881 1865/1716/531 1868/1715/530 1867/3151/882
f 1683/1600/69 1684/1597/69 1867/3152/69 1868/2549/69
f 1684/1597/69 1685/1596/69 1866/2546/69 1867/3152/69
f 1869/1719/533 1870/3153/883 1873/3154/884 1872/1720/534
f 1870/3153/883 1871/2014/730 1874/2013/729 1873/3154/884
f 1146/1059/78 1147/1058/78 1873/3155/78 1874/2565/78
f 1147/1058/78 1148/1061/78 1872/2556/78 1873/3155/78
f 1875/1721/535 1876/3156/885 1879/3157/886 1878/1722/536
f 1876/3156/885 1877/1724/538 1880/1723/537 1879/3157/886
f 1599/1516/69 1600/1513/69 1879/3158/69 1880/2561/69
f 1600/1513/69 1601/1512/69 1878/2558/69 1879/3158/69
f 1881/1729/542 1882/3159/887 1885/3160/888 1884/1730/543
f 1882/3159/887 1883/1732/545 1886/1731/544 1885/3160/888
f 1467/1384/83 1468/1381/83 1885/3161/83 1886/2571/83
f 1468/1381/83 1469/1380/83 1884/2568/83 1885/3161/83
f 1887/1759/568 1888/3162/889 1891/3163/890 1890/1760/569
f 1888/3162/889 1889/1986/715 1892/1985/714 1891/3163/890
f 1632/1545/92 1633/1544/92 1891/3164/92 1892/2577/92
f 1633/1544/92 1634/1547/92 1890/2574/92 1891/3164/92
f 1893/1735/547 1894/3165/891 1897/3166/892 1896/1736/548
f 1894/3165/891 1895/2146/803 1898/2145/802 1897/3166/892
f 1578/1491/92 1579/1490/92 1897/3167/92 1898/2589/92
f 1579/1490/92 1580/1493/92 1896/2580/92 1897/3167/92
f 1899/1737/549 1900/3168/893 1903/3169/894 1902/1738/550
f 1900/3168/893 1901/1740/552 1904/1739/551 1903/3169/894
f 1161/1078/83 1162/1075/83 1903/3170/83 1904/2585/83
f 1162/1075/83 1163/1074/83 1902/2582/83 1903/3170/83
f 1905/1743/554 1906/3171/895 1909/3172/896 1908/1744/555
f 1906/3171/895 1907/2066/760 1910/2065/759 1909/3172/896
f 1659/1576/92 1660/1573/92 1909/3173/92 1910/2601/92
f 1660/1573/92 1661/1572/92 1908/2592/92 1909/3173/92
f 1911/1745/556 1912/3174/897 1915/3175/898 1914/1746/557
f 1912/3174/897 1913/1748/559 1916/1747/558 1915/3175/898
f 1539/1456/83 1540/1453/83 1915/3176/83 1916/2597/83
f 1540/1453/83 1541/1452/83 1914/2594/83 1915/3176/83
f 1917/1751/561 1918/3177/899 1921/3178/900 1920/1752/562
f 1918/3177/899 1919/2130/795 1922/2129/794 1921/3178/900
f 1590/1503/92 1591/1502/92 1921/3179/92 1922/2613/92
f 1591/1502/92 1592/1505/92 1920/2604/92 1921/3179/92
f 1923/1753/563 1924/3180/901 1927/3181/902 1926/1754/564
f 1924/3180/901 1925/1756/566 1928/1755/565 1927/3181/902
f 1323/1240/83 1324/1237/83 1927/3182/83 1928/2609/83
f 1324/1237/83 1325/1236/83 1926/2606/83 1927/3182/83
f 1929/1761/570 1930/3183/903 1933/3184/903 1932/1762/571
f 1930/3183/903 1931/1764/572 1934/1763/572 1933/3184/903
f 1461/1378/83 1462/1375/83 1933/3185/83 1934/2619/83
f 1462/1375/83 1463/1374/83 1932/2616/83 1933/3185/83
f 1935/1791/592 1936/3186/904 1939/3187/904 1938/1792/593
f 1936/3186/904 1937/1990/717 1940/1989/717 1939/3187/904
f 1116/1029/92 1117/1028/92 1939/3188/92 1940/2625/92
f 1117/1028/92 1118/1031/92 1938/2622/92 1939/3188/92
f 1941/1767/574 1942/3189/905 1945/3190/906 1944/1768/574
f 1942/3189/905 1943/2150/805 1946/2149/805 1945/3190/906
f 1494/1407/92 1495/1406/92 1945/3191/92 1946/2637/92
f 1495/1406/92 1496/1409/92 1944/2628/92 1945/3191/92
f 1947/1769/575 1948/3192/907 1951/3193/907 1950/1770/576
f 1948/3192/907 1949/1772/578 1952/1771/577 1951/3193/907
f 1155/1072/83 1156/1069/83 1951/3194/83 1952/2633/83
f 1156/1069/83 1157/1068/83 1950/2630/83 1951/3194/83
f 1953/1775/580 1954/3195/908 1957/3196/908 1956/1776/581
f 1954/3195/908 1955/2070/762 1958/2069/762 1957/3196/908
f 1278/1191/92 1279/1190/92 1957/3197/92 1958/2649/92
f 1279/1190/92 1280/1193/92 1956/2640/92 1957/3197/92
f 1959/1777/582 1960/3198/909 1963/3199/910 1962/1778/583
f 1960/3198/909 1961/1780/584 1964/1779/584 1963/3199/910
f 1533/1450/83 1534/1447/83 1963/3200/83 1964/2645/83
f 1534/1447/83 1535/1446/83 1962/2642/83 1963/3200/83
f 1965/1783/586 1966/3201/911 1969/3202/912 1968/1784/587
f 1966/3201/911 1967/2134/797 1970/2133/797 1969/3202/912
f 1422/1335/92 1423/1334/92 1969/3203/92 1970/2661/92
f 1423/1334/92 1424/1337/92 1968/2652/92 1969/3203/92
f 1971/1785/588 1972/3204/913 1975/3205/913 1974/1786/589
f 1972/3204/913 1973/1788/590 1976/1787/590 1975/3205/913
f 1317/1234/83 1318/1231/83 1975/3206/83 1976/2657/83
f 1318/1231/83 1319/1230/83 1974/2654/83 1975/3206/83
f 1977/1793/594 1978/3207/914 1981/3208/914 1980/1794/571
f 1978/3207/914 1979/1796/572 1982/1795/572 1981/3208/914
f 1455/1372/83 1456/1369/83 1981/3209/83 1982/2667/83
f 1456/1369/83 1457/1368/83 1980/2664/83 1981/3209/83
f 1983/1823/599 1984/3210/904 1987/3211/915 1986/1824/600
f 1984/3210/904 1985/1994/719 1988/1993/717 1987/3211/915
f 1122/1035/92 1123/1034/92 1987/3212/92 1988/2673/92
f 1123/1034/92 1124/1037/92 1986/2670/92 1987/3212/92
f 1989/1799/595 1990/3213/905 1993/3214/906 1992/1800/574
f 1990/3213/905 1991/2154/805 1994/2153/807 1993/3214/906
f 1500/1413/92 1501/1412/92 1993/3215/92 1994/2685/92
f 1501/1412/92 1502/1415/92 1992/2676/92 1993/3215/92
f 1995/1801/575 1996/3216/907 1999/3217/907 1998/1802/576
f 1996/3216/907 1997/1804/578 2000/1803/578 1999/3217/907
f 1149/1066/83 1150/1063/83 1999/3218/83 2000/2681/83
f 1150/1063/83 1151/1062/83 1998/2678/83 1999/3218/83
f 2001/1807/580 2002/3219/908 2005/3220/908 2004/1808/581
f 2002/3219/908 2003/2074/762 2006/2073/762 2005/3220/908
f 1284/1197/92 1285/1196/92 2005/3221/92 2006/2697/92
f 1285/1196/92 1286/1199/92 2004/2688/92 2005/3221/92
f 2007/1809/583 2008/3222/910 2011/3223/910 2010/1810/582
f 2008/3222/910 2009/1812/596 2012/1811/584 2011/3223/910
f 1527/1444/83 1528/1441/83 2011/3224/83 2012/2693/83
f 1528/1441/83 1529/1440/83 2010/2690/83 2011/3224/83
f 2013/1815/587 2014/3225/912 2017/3226/912 2016/1816/586
f 2014/3225/912 2015/2138/797 2018/2137/797 2017/3226/912
f 1428/2714/92 1429/3227/92 2017/3228/92 2018/2715/92
f 1429/3227/92 1430/2700/92 2016/2701/92 2017/3228/92
f 2019/1817/597 2020/3229/913 2023/3230/913 2022/1818/589
f 2020/3229/913 2021/1820/598 2024/1819/590 2023/3230/913
f 1311/1228/83 1312/1225/83 2023/3231/83 2024/2709/83
f 1312/1225/83 1313/1224/83 2022/2704/83 2023/3231/83
f 2025/1825/601 2026/3232/916 2029/3233/917 2028/1826/602
f 2026/3232/916 2027/1828/604 2030/1827/603 2029/3233/917
f 1596/1509/83 1597/1508/83 2029/3234/83 2030/2721/83
f 1597/1508/83 1598/1511/83 2028/2718/83 2029/3234/83
f 2031/1855/627 2032/3235/918 2035/3236/919 2034/1856/628
f 2032/3235/918 2033/1998/721 2036/1997/720 2035/3236/919
f 1128/1041/92 1129/1040/92 2035/3237/92 2036/2727/92
f 1129/1040/92 1130/1043/92 2034/2724/92 2035/3237/92
f 2037/1831/606 2038/3238/920 2041/3239/921 2040/1832/607
f 2038/3238/920 2039/2158/809 2042/2157/808 2041/3239/921
f 1506/1419/92 1507/1418/92 2041/3240/92 2042/2739/92
f 1507/1418/92 1508/1421/92 2040/2730/92 2041/3240/92
f 2043/1833/608 2044/3241/922 2047/3242/923 2046/1834/609
f 2044/3241/922 2045/1836/611 2048/1835/610 2047/3242/923
f 1617/1534/83 1618/1531/83 2047/3243/83 2048/2735/83
f 1618/1531/83 1619/1530/83 2046/2732/83 2047/3243/83
f 2049/1839/613 2050/3244/924 2053/3245/925 2052/1840/614
f 2050/3244/924 2051/2078/765 2054/2077/764 2053/3245/925
f 1290/1203/92 1291/1202/92 2053/3246/92 2054/2751/92
f 1291/1202/92 1292/1205/92 2052/2742/92 2053/3246/92
f 2055/1841/615 2056/3247/926 2059/3248/927 2058/1842/616
f 2056/3247/926 2057/1844/618 2060/1843/617 2059/3248/927
f 1605/1522/83 1606/1519/83 2059/3249/83 2060/2747/83
f 1606/1519/83 1607/1518/83 2058/2744/83 2059/3249/83
f 2061/1847/620 2062/3250/928 2065/3251/929 2064/1848/621
f 2062/3250/928 2063/2142/800 2066/2141/799 2065/3251/929
f 1434/1347/92 1435/1346/92 2065/3252/92 2066/2763/92
f 1435/1346/92 1436/1349/92 2064/2754/92 2065/3252/92
f 2067/1849/622 2068/3253/930 2071/3254/931 2070/1850/623
f 2068/3253/930 2069/1852/625 2072/1851/624 2071/3254/931
f 1671/1588/83 1672/1585/83 2071/3255/83 2072/2759/83
f 1672/1585/83 1673/1584/83 2070/2756/83 2071/3255/83
f 2073/1857/629 2074/3256/932 2077/3257/933 2076/1858/630
f 2074/3256/932 2075/1860/632 2078/1859/631 2077/3257/933
f 1233/1150/96 1234/1147/96 2077/3258/96 2078/2769/96
f 1234/1147/96 1235/1146/96 2076/2766/96 2077/3258/96
f 2079/1983/712 2080/3259/934 2083/3260/935 2082/1984/713
f 2080/3259/934 2081/2162/812 2084/2161/811 2083/3260/935
f 1650/1563/88 1651/1562/88 2083/3261/88 2084/2775/88
f 1651/1562/88 1652/1565/88 2082/2772/88 2083/3261/88
f 2085/1863/634 2086/3262/936 2089/3263/937 2088/1864/635
f 2086/3262/936 2087/2098/776 2090/2097/775 2089/3263/937
f 1626/1539/88 1627/1538/88 2089/3264/88 2090/2787/88
f 1627/1538/88 1628/1541/88 2088/2778/88 2089/3264/88
f 2091/1865/636 2092/3265/938 2095/3266/939 2094/1866/637
f 2092/3265/938 2093/1868/639 2096/1867/638 2095/3266/939
f 1485/1402/96 1486/1399/96 2095/3267/96 2096/2783/96
f 1486/1399/96 1487/1398/96 2094/2780/96 2095/3267/96
f 2097/1871/641 2098/3268/940 2101/3269/941 2100/1872/642
f 2098/3268/940 2099/2114/785 2102/2113/784 2101/3269/941
f 1554/1467/88 1555/1466/88 2101/3270/88 2102/2799/88
f 1555/1466/88 1556/1469/88 2100/2790/88 2101/3270/88
f 2103/1873/643 2104/3271/942 2107/3272/943 2106/1874/644
f 2104/3271/942 2105/1876/646 2108/1875/645 2107/3272/943
f 1395/1312/96 1396/1309/96 2107/3273/96 2108/2795/96
f 1396/1309/96 1397/1308/96 2106/2792/96 2107/3273/96
f 2109/1879/648 2110/3274/944 2113/3275/945 2112/1880/649
f 2110/3274/944 2111/2018/733 2114/2017/732 2113/3275/945
f 1638/1551/88 1639/1550/88 2113/3276/88 2114/2811/88
f 1639/1550/88 1640/1553/88 2112/2802/88 2113/3276/88
f 2115/1881/650 2116/3277/946 2119/3278/947 2118/1882/651
f 2116/3277/946 2117/1884/653 2120/1883/652 2119/3278/947
f 1449/1366/96 1450/1363/96 2119/3279/96 2120/2807/96
f 1450/1363/96 1451/1362/96 2118/2804/96 2119/3279/96
f 2121/1887/655 2122/3280/948 2125/3281/948 2124/1888/656
f 2122/3280/948 2123/1890/657 2126/1889/657 2125/3281/948
f 1227/1144/96 1228/1141/96 2125/3282/96 2126/2817/96
f 1228/1141/96 1229/1140/96 2124/2814/96 2125/3282/96
f 2127/1981/710 2128/3283/949 2131/3284/949 2130/1982/711
f 2128/3283/949 2129/2166/815 2132/2165/814 2131/3284/949
f 1512/1425/88 1513/1424/88 2131/3285/88 2132/2823/88
f 1513/1424/88 1514/1427/88 2130/2820/88 2131/3285/88
f 2133/1893/659 2134/3286/950 2137/3287/950 2136/1894/659
f 2134/3286/950 2135/2102/778 2138/2101/778 2137/3287/950
f 1350/1263/88 1351/1262/88 2137/3288/88 2138/2835/88
f 1351/1262/88 1352/1265/88 2136/2826/88 2137/3288/88
f 2139/1895/660 2140/3289/951 2143/3290/951 2142/1896/661
f 2140/3289/951 2141/1898/663 2144/1897/662 2143/3290/951
f 1479/1396/96 1480/1393/96 2143/3291/96 2144/2831/96
f 1480/1393/96 1481/1392/96 2142/2828/96 2143/3291/96
f 2145/1901/665 2146/3292/952 2149/3293/952 2148/1902/666
f 2146/3292/952 2147/2118/788 2150/2117/787 2149/3293/952
f 1404/1317/88 1405/1316/88 2149/3294/88 2150/2847/88
f 1405/1316/88 1406/1319/88 2148/2838/88 2149/3294/88
f 2151/1903/667 2152/3295/953 2155/3296/954 2154/1904/668
f 2152/3295/953 2153/1906/670 2156/1905/669 2155/3296/954
f 1389/1306/96 1390/1303/96 2155/3297/96 2156/2843/96
f 1390/1303/96 1391/1302/96 2154/2840/96 2155/3297/96
f 2157/1909/672 2158/3298/955 2161/3299/955 2160/1910/673
f 2158/3298/955 2159/2022/735 2162/2021/735 2161/3299/955
f 1188/1101/88 1189/1100/88 2161/3300/88 2162/2859/88
f 1189/1100/88 1190/1103/88 2160/2850/88 2161/3300/88
f 2163/1911/674 2164/3301/956 2167/3302/956 2166/1912/675
f 2164/3301/956 2165/1914/676 2168/1913/676 2167/3302/956
f 1443/1360/96 1444/1357/96 2167/3303/96 2168/2855/96
f 1444/1357/96 1445/1356/96 2166/2852/96 2167/3303/96
f 2169/1917/655 2170/3304/948 2173/3305/948 2172/1918/656
f 2170/3304/948 2171/1920/657 2174/1919/657 2173/3305/948
f 1221/1138/96 1222/1135/96 2173/3306/96 2174/2865/96
f 1222/1135/96 1223/1134/96 2172/2862/96 2173/3306/96
f 2175/1979/710 2176/3307/949 2179/3308/949 2178/1980/710
f 2176/3307/949 2177/2170/814 2180/2169/814 2179/3308/949
f 1518/1431/88 1519/1430/88 2179/3309/88 2180/2871/88
f 1519/1430/88 1520/1433/88 2178/2868/88 2179/3309/88
f 2181/1923/678 2182/3310/950 2185/3311/950 2184/1924/659
f 2182/3310/950 2183/2106/780 2186/2105/778 2185/3311/950
f 1356/1269/88 1357/1268/88 2185/3312/88 2186/2883/88
f 1357/1268/88 1358/1271/88 2184/2874/88 2185/3312/88
f 2187/1925/660 2188/3313/951 2191/3314/951 2190/1926/661
f 2188/3313/951 2189/1928/663 2192/1927/679 2191/3314/951
f 1473/1390/96 1474/1387/96 2191/3315/96 2192/2879/96
f 1474/1387/96 1475/1386/96 2190/2876/96 2191/3315/96
f 2193/1931/680 2194/3316/952 2197/3317/952 2196/1932/666
f 2194/3316/952 2195/2122/790 2198/2121/790 2197/3317/952
f 1410/2900/88 1411/3318/88 2197/3319/88 2198/2901/88
f 1411/3318/88 1412/2886/88 2196/2887/88 2197/3319/88
f 2199/1933/668 2200/3320/954 2203/3321/954 2202/1934/668
f 2200/3320/954 2201/1936/669 2204/1935/669 2203/3321/954
f 1383/1300/96 1384/1297/96 2203/3322/96 2204/2895/96
f 1384/1297/96 1385/1296/96 2202/2890/96 2203/3322/96
f 2205/1939/672 2206/3323/955 2209/3324/957 2208/1940/672
f 2206/3323/955 2207/2026/737 2210/2025/735 2209/3324/957
f 1194/1107/88 1195/1106/88 2209/3325/88 2210/2913/88
f 1195/1106/88 1196/1109/88 2208/2904/88 2209/3325/88
f 2211/1941/681 2212/3326/956 2215/3327/956 2214/1942/675
f 2212/3326/956 2213/1944/676 2216/1943/676 2215/3327/956
f 1437/1354/96 1438/1351/96 2215/3328/96 2216/2909/96
f 1438/1351/96 1439/1350/96 2214/2906/96 2215/3328/96
f 2217/1947/682 2218/3329/958 2221/3330/959 2220/1948/683
f 2218/3329/958 2219/1950/685 2222/1949/684 2221/3330/959
f 1653/1570/96 1654/1567/96 2221/3331/96 2222/2919/96
f 1654/1567/96 1655/1566/96 2220/2916/96 2221/3331/96
f 2223/1977/708 2224/3332/960 2227/3333/961 2226/1978/709
f 2224/3332/960 2225/2174/818 2228/2173/817 2227/3333/961
f 1524/1437/88 1525/1436/88 2227/3334/88 2228/2925/88
f 1525/1436/88 1526/1439/88 2226/2922/88 2227/3334/88
f 2229/1953/687 2230/3335/962 2233/3336/963 2232/1954/688
f 2230/3335/962 2231/2110/782 2234/2109/781 2233/3336/963
f 1362/1275/88 1363/1274/88 2233/3337/88 2234/2937/88
f 1363/1274/88 1364/1277/88 2232/2928/88 2233/3337/88
f 2235/1955/689 2236/3338/964 2239/3339/965 2238/1956/690
f 2236/3338/964 2237/1958/692 2240/1957/691 2239/3339/965
f 1557/1474/96 1558/1471/96 2239/3340/96 2240/2933/96
f 1558/1471/96 1559/1470/96 2238/2930/96 2239/3340/96
f 2241/1961/694 2242/3341/966 2245/3342/967 2244/1962/695
f 2242/3341/966 2243/2126/792 2246/2125/791 2245/3342/967
f 1416/1329/88 1417/1328/88 2245/3343/88 2246/2949/88
f 1417/1328/88 1418/1331/88 2244/2940/88 2245/3343/88
f 2247/1963/696 2248/3344/968 2251/3345/969 2250/1964/697
f 2248/3344/968 2249/1966/699 2252/1965/698 2251/3345/969
f 1668/1581/96 1669/1580/96 2251/3346/96 2252/2945/96
f 1669/1580/96 1670/1583/96 2250/2942/96 2251/3346/96
f 2253/1969/701 2254/3347/970 2257/3348/971 2256/1970/702
f 2254/3347/970 2255/2030/739 2258/2029/738 2257/3348/971
f 1200/1113/88 1201/1112/88 2257/3349/88 2258/2961/88
f 1201/1112/88 1202/1115/88 2256/2952/88 2257/3349/88
f 2259/1971/703 2260/3350/972 2263/3351/973 2262/1972/704
f 2260/3350/972 2261/1974/706 2264/1973/705 2263/3351/973
f 1680/1593/96 1681/1592/96 2263/3352/96 2264/2957/96
f 1681/1592/96 1682/1595/96 2262/2954/96 2263/3352/96
f 2266/1235/308 2265/2246/96 510/2706/96 1322/2705/307
f 2267/1232/81 2266/1235/308 1322/2705/307 1321/2998/81
f 2268/1233/306 2267/1232/81 1321/2998/81 1320/2702/306
f 2269/614/257 2268/1233/306 1320/2702/306 316/900/257
f 2270/611/71 2269/614/257 316/900/257 314/895/71
f 2271/612/256 2270/611/71 314/895/71 311/894/256
f 2272/1343/332 2271/612/256 311/894/256 1430/2700/332
f 2273/1340/74 2272/1343/332 1430/2700/332 1429/3227/74
f 2274/1341/333 2273/1340/74 1429/3227/74 1428/2714/331
f 599/2713/78 2275/2333/78 2274/1341/333 1428/2714/331
f 2277/1307/327 2276/2254/92 518/2892/92 1394/2891/974
f 2278/1304/57 2277/1307/327 1394/2891/974 1393/3011/57
f 2279/1305/325 2278/1304/57 1393/3011/57 1392/2888/325
f 2280/693/264 2279/1305/325 1392/2888/325 404/993/264
f 2281/690/66 2280/693/264 404/993/264 402/988/66
f 2282/691/263 2281/690/66 402/988/66 399/987/263
f 2283/1325/329 2282/691/263 399/987/263 1412/2886/975
f 2284/1322/63 2283/1325/329 1412/2886/975 1411/3318/63
f 2285/1323/330 2284/1322/63 1411/3318/63 1410/2900/328
f 567/2899/78 2286/2301/78 2285/1323/330 1410/2900/328
f 2288/1178/295 2287/2278/96 542/2442/96 1265/2441/293
f 2289/1179/98 2288/1178/295 1265/2441/293 1264/2988/98
f 2290/1181/294 2289/1179/98 1264/2988/98 1263/2429/294
f 2291/515/243 2290/1181/294 1263/2429/294 180/762/243
f 2292/516/86 2291/515/243 180/762/243 181/761/86
f 2293/518/244 2292/516/86 181/761/86 183/766/244
f 2294/1286/319 2293/518/244 183/766/244 1373/2433/323
f 2295/1287/90 2294/1286/319 1373/2433/323 1372/3097/90
f 2296/1289/322 2295/1287/90 1372/3097/90 1371/2438/320
f 591/2437/92 2297/2325/92 2296/1289/322 1371/2438/320
f 2306/3353/976 2307/3354/976 2308/3355/976 2309/3356/976
f 2310/3357/977 2300/3358/977 2299/3359/977 2311/3360/977
f 2312/3361/978 2305/3362/978 2302/3363/978 2313/3364/978
f 2311/3360/979 2299/3359/979 2298/3365/979 2314/3366/979
f 2315/3367/980 2301/3368/980 2300/3358/980 2310/3357/980
f 2316/3369/88 2309/3356/88 2314/3366/88
f 2314/3366/88 2309/3356/88 2311/3360/88
f 2311/3360/88 2309/3356/88 2310/3357/88
f 2315/3367/88 2310/3357/88 2313/3364/88
f 2310/3357/88 2309/3356/88 2313/3364/88
f 2313/3364/88 2309/3356/88 2312/3361/88
f 2309/3356/88 2308/3355/88 2312/3361/88
f 2308/3355/88 2317/3370/88 2312/3361/88
f 2314/3366/981 2298/3365/981 2303/3371/981 2316/3369/981
f 2308/3355/982 2307/3354/982 2304/3372/982 2317/3370/982
f 2313/3364/983 2302/3363/983 2301/3368/983 2315/3367/983
f 2316/3369/984 2303/3371/984 2306/3353/984 2309/3356/984
f 2317/3370/985 2304/3372/985 2305/3362/985 2312/3361/985
f 2329/3373/96 2318/3374/96 2326/3375/96 2330/3376/96
f 2331/3377/986 2328/3378/986 2324/3379/987 2332/3380/987
f 2332/3380/987 2324/3379/987 2319/3381/92 2333/3382/92
f 2334/3383/988 2327/3384/988 2320/3385/988 2335/3386/988
f 2333/3382/989 2319/3381/989 2318/3374/989 2329/3373/989
f 2336/3387/990 2325/3388/990 2327/3384/990 2334/3383/990
f 2337/3389/991 2322/3390/991 2321/3391/992 2338/3392/992
f 2339/3393/78 2337/3389/78 2335/3386/78
f 2337/3389/78 2338/3392/78 2335/3386/78
f 2338/3392/78 2331/3377/78 2335/3386/78
f 2331/3377/78 2332/3380/78 2335/3386/78
f 2332/3380/78 2333/3382/78 2335/3386/78
f 2333/3382/78 2329/3373/78 2335/3386/78
f 2329/3373/78 2330/3376/78 2335/3386/78
f 2335/3386/78 2330/3376/78 2334/3383/78
f 2330/3376/78 2336/3387/78 2334/3383/78
f 2330/3376/98 2326/3375/98 2325/3388/98 2336/3387/98
f 2338/3392/993 2321/3391/993 2328/3378/993 2331/3377/993
f 2335/3386/994 2320/3385/994 2323/3394/994 2339/3393/994
f 2339/3393/995 2323/3394/995 2322/3390/991 2337/3389/991
f 2348/3395/996 2344/3396/996 2342/3397/997 2349/3398/997
f 2343/3399/998 2351/3400/998 2352/3401/998 2353/3402/998
f 2349/3398/999 2342/3397/999 2345/3403/999 2355/3404/999
f 2352/3401/1000 2351/3400/1000 2347/3405/1000 2357/3406/1000
f 2358/3407/1001 2341/3408/1001 2340/3409/1001 2359/3410/1001
f 2360/3411/1002 2346/3412/1002 2344/3396/996 2348/3395/996
f 2361/3413/1003 2356/3414/1003 2343/3399/1003 2353/3402/1003
f 2355/3404/1004 2345/3403/1004 2341/3408/1004 2358/3407/1004
f 2355/3404/92 2358/3407/92 2349/3398/92
f 2360/3411/92 2348/3395/92 2363/3415/92
f 2363/3415/92 2348/3395/92 2362/3416/92
f 2362/3416/92 2348/3395/92 2357/3406/92
f 2357/3406/92 2348/3395/92 2352/3401/92
f 2348/3395/92 2349/3398/92 2352/3401/92
f 2349/3398/92 2358/3407/92 2352/3401/92
f 2358/3407/92 2359/3410/92 2352/3401/92
f 2352/3401/92 2359/3410/92 2353/3402/92
f 2353/3402/92 2359/3410/92 2361/3413/92
f 2362/3416/1005 2354/3417/1005 2350/3418/1005 2363/3415/1005
f 2359/3410/1006 2340/3409/1006 2356/3414/1006 2361/3413/1006
f 2363/3415/1007 2350/3418/1007 2346/3412/1007 2360/3411/1007
f 2357/3406/1008 2347/3405/1008 2354/3417/1008 2362/3416/1008
f 2372/3419/1009 2366/3420/1009 2365/3421/1009 2373/3422/1009
f 2374/3423/1010 2368/3424/1010 2366/3420/1011 2372/3419/1011
f 2376/3425/1012 2369/3426/1012 2371/3427/1012 2377/3428/1012
f 2373/3422/1013 2365/3421/1013 2364/3429/1013 2379/3430/1013
f 2379/3430/1014 2364/3429/1014 2375/3431/1014 2380/3432/1014
f 2381/3433/96 2382/3434/96 2377/3428/96
f 2382/3434/96 2374/3423/96 2377/3428/96
f 2374/3423/96 2372/3419/96 2377/3428/96
f 2373/3422/96 2379/3430/96 2372/3419/96
f 2372/3419/96 2379/3430/96 2377/3428/96
f 2379/3430/96 2380/3432/96 2377/3428/96
f 2380/3432/96 2383/3435/96 2377/3428/96
f 2377/3428/96 2383/3435/96 2376/3425/96
f 2383/3435/1015 2378/3436/1015 2369/3426/1015 2376/3425/1015
f 2380/3432/1016 2375/3431/1016 2378/3436/1016 2383/3435/1016
f 2382/3434/1017 2367/3437/1017 2368/3424/1010 2374/3423/1010
f 2381/3433/1018 2370/3438/1018 2367/3437/1018 2382/3434/1018
f 2377/3428/1019 2371/3427/1019 2370/3438/1019 2381/3433/1019
f 2389/3439/1020 2390/3440/1020 2391/3441/1020 2392/3442/1020
f 2390/3440/92 2393/3443/92 2394/3444/92 2391/3441/92
f 2394/3444/1021 2393/3443/1021 2385/3445/1021 2397/3446/1021
f 2397/3446/1022 2385/3445/1022 2384/3447/1022 2399/3448/1022
f 2400/3449/1023 2398/3450/1023 2387/3451/1023 2401/3452/1023
f 2402/3453/1024 2386/3454/1024 2389/3439/1024 2392/3442/1024
f 2405/3455/69 2400/3449/69 2399/3448/69
f 2400/3449/69 2401/3452/69 2399/3448/69
f 2402/3453/69 2392/3442/69 2404/3456/69
f 2392/3442/69 2391/3441/69 2404/3456/69
f 2403/3457/69 2404/3456/69 2401/3452/69
f 2404/3456/69 2391/3441/69 2401/3452/69
f 2391/3441/69 2394/3444/69 2401/3452/69
f 2401/3452/69 2394/3444/69 2399/3448/69
f 2394/3444/69 2397/3446/69 2399/3448/69
f 2399/3448/88 2384/3447/88 2395/3458/88 2405/3455/88
f 2403/3457/1025 2396/3459/1025 2388/3460/1025 2404/3456/1025
f 2404/3456/1026 2388/3460/1026 2386/3454/1026 2402/3453/1026
f 2405/3455/1027 2395/3458/1027 2398/3450/1027 2400/3449/1027
f 2401/3452/1028 2387/3451/1028 2396/3459/1028 2403/3457/1028
f 2416/3461/1029 2413/3462/1029 2417/3463/1029 2418/3464/1029
f 2419/3465/1030 2410/3466/1030 2407/3467/1030 2420/3468/1030
f 2420/3468/69 2407/3467/69 2408/3469/69 2421/3470/69
f 2422/3471/1031 2411/3472/1031 2414/3473/1031 2423/3474/1031
f 2424/3475/1032 2406/3476/1032 2415/3477/1032 2425/3478/1032
f 2424/3475/83 2425/3478/83 2421/3470/83
f 2425/3478/83 2416/3461/83 2421/3470/83
f 2420/3468/83 2421/3470/83 2419/3465/83
f 2422/3471/83 2423/3474/83 2418/3464/83
f 2418/3464/83 2423/3474/83 2416/3461/83
f 2416/3461/83 2423/3474/83 2421/3470/83
f 2421/3470/83 2423/3474/83 2419/3465/83
f 2419/3465/83 2423/3474/83 2426/3479/83
f 2426/3479/83 2423/3474/83 2427/3480/83
f 2425/3478/1033 2415/3477/1033 2413/3462/1033 2416/3461/1033
f 2418/3464/88 2417/3463/88 2411/3472/88 2422/3471/88
f 2421/3470/1034 2408/3469/1034 2406/3476/1034 2424/3475/1034
f 2427/3480/1035 2412/3481/1035 2409/3482/1035 2426/3479/1035
f 2423/3474/1036 2414/3473/1036 2412/3481/1036 2427/3480/1036
f 2426/3479/1037 2409/3482/1037 2410/3466/1037 2419/3465/1037
f 2431/3483/1038 2429/3484/1039 2430/3485/1040 2447/3486/1041
f 2434/3487/1042 2432/3488/1043 2433/3489/1044 2448/3490/1045
f 2430/3485/1040 2435/3491/1046 2436/3492/1047 2447/3486/1041
f 2438/3493/1048 2437/3494/1049 2434/3487/1042 2448/3490/1045
f 2441/3495/1050 2439/3496/1051 2440/3497/1052 2446/3498/1053
f 2527/3499/1054 2444/3500/1055 2442/3501/1056 2443/3502/1057
f 2446/3498/1053 2440/3497/1052 2445/3503/1058 2536/3504/1059
f 2444/3500/1055 2450/3505/1060 2449/3506/1061 2442/3501/1056
f 2451/3507/1062 2452/3508/1063 2453/3509/1064 2454/3510/1065
f 2455/3511/1066 2456/3512/1067 2457/3513/1068 2458/3514/1069
f 2459/3515/1070 2460/3516/1071 2461/3517/1072 2462/3518/1073
f 2463/3519/1074 2464/3520/1075 2465/3521/1076 2466/3522/1077
f 2452/3508/1063 2467/3523/1078 2468/3524/1079 2453/3509/1064
f 2469/3525/1080 2455/3511/1066 2458/3514/1069 2470/3526/1081
f 2471/3527/1082 2459/3515/1070 2462/3518/1073 2472/3528/1083
f 2464/3520/1075 2473/3529/1084 2474/3530/1085 2465/3521/1076
f 2467/3523/1078 2469/3525/1080 2470/3526/1081 2468/3524/1079
f 2473/3529/1084 2471/3527/1082 2472/3528/1083 2474/3530/1085
f 2438/3493/1048 2436/3492/1047 2435/3491/1046 2437/3494/1049
f 2477/3531/1086 2475/3532/1087 2476/3533/1088 2769/3534/1089
f 2480/3535/1090 2478/3536/1091 2479/3537/1092 2482/3538/1093
f 2479/3537/1094 2481/3539/1095 2526/3540/1096 2482/3538/1097
f 2484/3541/1098 2483/3542/1099 2475/3532/1100 2477/3531/1101
f 2485/3543/1102 2448/3490/1045 2433/3489/1044 2491/3544/1103
f 2486/3545/1104 2452/3508/1063 2451/3507/1062 2492/3546/1105
f 2456/3512/1067 2455/3511/1066 2487/3547/1106 2493/3548/1107
f 2460/3516/1071 2459/3515/1070 2488/3549/1108 2494/3550/1109
f 2431/3483/1038 2447/3486/1041 2489/3551/1110 2495/3552/1111
f 2490/3553/1112 2464/3520/1075 2463/3519/1074 2496/3554/1113
f 2438/3493/1048 2448/3490/1045 2485/3543/1102 2497/3555/1114
f 2467/3523/1078 2452/3508/1063 2486/3545/1104 2521/3556/1115
f 2487/3547/1106 2455/3511/1066 2469/3525/1080 2522/3557/1116
f 2488/3549/1108 2459/3515/1070 2471/3527/1082 2523/3558/1117
f 2489/3551/1110 2447/3486/1041 2436/3492/1047 2525/3559/1118
f 2473/3529/1084 2464/3520/1075 2490/3553/1112 2524/3560/1119
f 2436/3492/1047 2438/3493/1048 2497/3555/1114 2525/3559/1118
f 2485/3543/1120 2491/3544/1121 2498/3561/1122 2497/3555/1123
f 2486/3545/1124 2492/3546/1125 2499/3562/1126 2521/3556/1127
f 2500/3563/1128 2493/3548/1129 2487/3547/1130 2522/3557/1131
f 2501/3564/1132 2494/3550/1133 2488/3549/1134 2523/3558/1135
f 2490/3553/1136 2496/3554/1137 2502/3565/1138 2524/3560/1139
f 2503/3566/1140 2495/3552/1141 2489/3551/1142 2525/3559/1143
f 2505/3567/1144 2506/3568/1145 2507/3569/1146 2508/3570/1147
f 2509/3571/1148 2510/3572/1149 2511/3573/1150 2512/3574/1151
f 2513/3575/1152 2514/3576/1153 2515/3577/1154 2516/3578/1155
f 2517/3579/1156 2518/3580/1157 2519/3581/1158 2520/3582/1159
f 2441/3495/1050 2483/3542/1099 2484/3541/1098 2439/3496/1051
f 2498/3561/1122 2503/3566/1140 2525/3559/1143 2497/3555/1123
f 2481/3539/1095 2527/3499/1054 2443/3502/1057 2526/3540/1096
f 2467/3523/1078 2521/3556/1115 2522/3557/1116 2469/3525/1080
f 2473/3529/1084 2524/3560/1119 2523/3558/1117 2471/3527/1082
f 2521/3556/1127 2499/3562/1126 2500/3563/1128 2522/3557/1131
f 2524/3560/1139 2502/3565/1138 2501/3564/1132 2523/3558/1135
f 2528/3583/1160 2505/3567/1144 2508/3570/1147 2529/3584/1161
f 2530/3585/1162 2509/3571/1148 2512/3574/1151 2531/3586/1163
f 2532/3587/1164 2513/3575/1152 2516/3578/1155 2533/3588/1165
f 2534/3589/1166 2517/3579/1156 2520/3582/1159 2535/3590/1167
f 2428/3591/1168 2528/3583/1160 2529/3584/1161 2504/3592/1169
f 2537/3593/1170 2530/3585/1162 2531/3586/1163 2538/3594/1171
f 2539/3595/1172 2532/3587/1164 2533/3588/1165 2540/3596/1173
f 2541/3597/1174 2534/3589/1166 2535/3590/1167 2542/3598/1175
f 2547/3599/1176 2545/3600/1177 2546/3601/1178 2559/3602/1179
f 2550/3603/1180 2548/3604/1181 2549/3605/1182 2560/3606/1183
f 2476/3533/1088 2475/3532/1087 2551/3607/1184 2561/3608/1185
f 2554/3609/1186 2552/3610/1187 2553/3611/1188 2562/3612/1189
f 2557/3613/1190 2555/3614/1191 2556/3615/1192 2563/3616/1193
f 2507/3569/1146 2545/3600/1194 2547/3599/1195 2564/3617/1196
f 2511/3573/1150 2548/3604/1197 2550/3603/1198 2565/3618/1199
f 2551/3607/1200 2475/3532/1100 2483/3542/1099 2566/3619/1201
f 2553/3611/1202 2552/3610/1203 2514/3576/1153 2567/3620/1204
f 2556/3615/1205 2555/3614/1206 2518/3580/1157 2568/3621/1207
f 2558/3622/1208 2479/3537/1092 2478/3536/1091 2569/3623/1209
f 2481/3539/1095 2479/3537/1094 2558/3622/1210 2570/3624/1211
f 2571/3625/1212 2564/3617/1196 2547/3599/1195 2559/3602/1213
f 2572/3626/1214 2565/3618/1199 2550/3603/1198 2560/3606/1215
f 2551/3607/1200 2566/3619/1201 2573/3627/1216 2561/3608/1217
f 2553/3611/1202 2567/3620/1204 2574/3628/1218 2562/3612/1219
f 2556/3615/1205 2568/3621/1207 2575/3629/1220 2563/3616/1221
f 2576/3630/1222 2570/3624/1211 2558/3622/1210 2569/3623/1223
f 2481/3539/1095 2570/3624/1211 2577/3631/1224 2527/3499/1054
f 2577/3631/1224 2570/3624/1211 2576/3630/1222 2579/3632/1225
f 2578/3633/1226 2569/3623/1209 2478/3536/1091 2580/3634/1227
f 2576/3630/1222 2569/3623/1223 2578/3633/1228 2581/3635/1229
f 2508/3570/1147 2582/3636/1230 2583/3637/1231 2529/3584/1161
f 2512/3574/1151 2584/3638/1232 2585/3639/1233 2531/3586/1163
f 2587/3640/1234 2586/3641/1235 2441/3495/1050 2446/3498/1053
f 2589/3642/1236 2588/3643/1237 2513/3575/1152 2532/3587/1164
f 2591/3644/1238 2590/3645/1239 2517/3579/1156 2534/3589/1166
f 2527/3499/1054 2577/3631/1224 2592/3646/1240 2444/3500/1055
f 2583/3637/1231 2582/3636/1230 2593/3647/1241 2598/3648/1242
f 2585/3639/1233 2584/3638/1232 2594/3649/1243 2599/3650/1244
f 2595/3651/1245 2586/3641/1235 2587/3640/1234 2600/3652/1246
f 2596/3653/1247 2588/3643/1237 2589/3642/1236 2601/3654/1248
f 2597/3655/1249 2590/3645/1239 2591/3644/1238 2602/3656/1250
f 2592/3646/1240 2577/3631/1224 2579/3632/1225 2603/3657/1251
f 2504/3592/1169 2529/3584/1161 2583/3637/1231 2598/3648/1242
f 2538/3594/1171 2531/3586/1163 2585/3639/1233 2599/3650/1244
f 2587/3640/1234 2446/3498/1053 2536/3504/1059 2600/3652/1246
f 2589/3642/1236 2532/3587/1164 2539/3595/1172 2601/3654/1248
f 2591/3644/1238 2534/3589/1166 2541/3597/1174 2602/3656/1250
f 2450/3505/1060 2444/3500/1055 2592/3646/1240 2603/3657/1251
f 2604/3658/1252 2578/3633/1226 2580/3634/1227 2625/3659/1253
f 2607/3660/1254 2605/3661/1255 2606/3662/1256 2626/3663/1257
f 2610/3664/1258 2608/3665/1259 2609/3666/1260 2627/3667/1261
f 2613/3668/1262 2611/3669/1263 2612/3670/1264 2628/3671/1265
f 2616/3672/1266 2614/3673/1267 2615/3674/1268 2629/3675/1269
f 2619/3676/1270 2617/3677/1271 2618/3678/1272 2630/3679/1273
f 2581/3635/1229 2578/3633/1228 2604/3658/1274 2631/3680/1275
f 2620/3681/1276 2605/3661/1277 2607/3660/1278 2632/3682/1279
f 2609/3666/1280 2608/3665/1281 2621/3683/1282 2633/3684/1283
f 2622/3685/1284 2611/3669/1285 2613/3668/1286 2634/3686/1287
f 2615/3674/1288 2614/3673/1289 2623/3687/1290 2635/3688/1291
f 2618/3678/1292 2617/3677/1293 2624/3689/1294 2636/3690/1295
f 2603/3657/1251 2579/3632/1225 2637/3691/1296 2638/3692/1297
f 2450/3505/1060 2603/3657/1251 2638/3692/1297 2544/3693/1298
f 2604/3658/1274 2625/3659/1299 2639/3694/1300 2631/3680/1275
f 2607/3660/1278 2626/3663/1301 2640/3695/1302 2632/3682/1279
f 2641/3696/1303 2627/3667/1304 2609/3666/1280 2633/3684/1283
f 2613/3668/1286 2628/3671/1305 2642/3697/1306 2634/3686/1287
f 2643/3698/1307 2629/3675/1308 2615/3674/1288 2635/3688/1291
f 2644/3699/1309 2630/3679/1310 2618/3678/1292 2636/3690/1295
f 2581/3635/1229 2631/3680/1275 2645/3700/1311 2637/3691/1296
f 2645/3700/1311 2631/3680/1275 2639/3694/1300 2648/3701/1312
f 2649/3702/1313 2638/3692/1297 2637/3691/1296 2645/3700/1311
f 2652/3703/1314 2650/3704/1315 2651/3705/1316 2665/3706/1317
f 2655/3707/1318 2653/3708/1319 2654/3709/1320 2666/3710/1321
f 2658/3711/1322 2656/3712/1323 2657/3713/1324 2667/3714/1325
f 2661/3715/1326 2659/3716/1327 2660/3717/1328 2668/3718/1329
f 2664/3719/1330 2662/3720/1331 2663/3721/1332 2669/3722/1333
f 2544/3693/1298 2638/3692/1297 2649/3702/1313 2679/3723/1334
f 2646/3724/1335 2650/3704/1315 2652/3703/1314 2680/3725/1336
f 2654/3709/1320 2653/3708/1319 2670/3726/1337 2681/3727/1338
f 2671/3728/1339 2656/3712/1323 2658/3711/1322 2682/3729/1340
f 2660/3717/1328 2659/3716/1327 2672/3730/1341 2683/3731/1342
f 2663/3721/1332 2662/3720/1331 2673/3732/1343 2684/3733/1344
f 2649/3702/1313 2645/3700/1311 2648/3701/1312 2679/3723/1334
f 2652/3703/1314 2665/3706/1317 2674/3734/1345 2680/3725/1336
f 2675/3735/1346 2666/3710/1321 2654/3709/1320 2681/3727/1338
f 2658/3711/1322 2667/3714/1325 2676/3736/1347 2682/3729/1340
f 2677/3737/1348 2668/3718/1329 2660/3717/1328 2683/3731/1342
f 2678/3738/1349 2669/3722/1333 2663/3721/1332 2684/3733/1344
f 2507/3569/1146 2564/3617/1196 2582/3636/1230 2508/3570/1147
f 2566/3619/1201 2483/3542/1099 2441/3495/1050 2586/3641/1235
f 2511/3573/1150 2565/3618/1199 2584/3638/1232 2512/3574/1151
f 2567/3620/1204 2514/3576/1153 2513/3575/1152 2588/3643/1237
f 2568/3621/1207 2518/3580/1157 2517/3579/1156 2590/3645/1239
f 2564/3617/1196 2571/3625/1212 2593/3647/1241 2582/3636/1230
f 2573/3627/1216 2566/3619/1201 2586/3641/1235 2595/3651/1245
f 2565/3618/1199 2572/3626/1214 2594/3649/1243 2584/3638/1232
f 2574/3628/1218 2567/3620/1204 2588/3643/1237 2596/3653/1247
f 2575/3629/1220 2568/3621/1207 2590/3645/1239 2597/3655/1249
f 2580/3634/1227 2689/3739/1350 2685/3740/1351 2625/3659/1253
f 2559/3602/1179 2546/3601/1178 2606/3662/1256 2605/3661/1255
f 2608/3665/1259 2610/3664/1258 2476/3533/1088 2561/3608/1185
f 2560/3606/1183 2549/3605/1182 2612/3670/1264 2611/3669/1263
f 2614/3673/1267 2616/3672/1266 2557/3613/1190 2563/3616/1193
f 2617/3677/1271 2619/3676/1270 2554/3609/1186 2562/3612/1189
f 2685/3740/1352 2686/3741/1353 2639/3694/1300 2625/3659/1299
f 2571/3625/1212 2559/3602/1213 2605/3661/1277 2620/3681/1276
f 2621/3683/1282 2608/3665/1281 2561/3608/1217 2573/3627/1216
f 2572/3626/1214 2560/3606/1215 2611/3669/1285 2622/3685/1284
f 2624/3689/1294 2617/3677/1293 2562/3612/1219 2574/3628/1218
f 2623/3687/1290 2614/3673/1289 2563/3616/1221 2575/3629/1220
f 2687/3742/1354 2647/3743/1355 2544/3693/1298 2679/3723/1334
f 2690/3744/1356 2687/3742/1354 2679/3723/1334 2648/3701/1312
f 2571/3625/1212 2620/3681/1276 2651/3705/1316 2593/3647/1241
f 2621/3683/1282 2573/3627/1216 2595/3651/1245 2655/3707/1318
f 2572/3626/1214 2622/3685/1284 2657/3713/1324 2594/3649/1243
f 2624/3689/1294 2574/3628/1218 2596/3653/1247 2664/3719/1330
f 2623/3687/1290 2575/3629/1220 2597/3655/1249 2661/3715/1326
f 2576/3630/1222 2581/3635/1229 2637/3691/1296 2579/3632/1225
f 2598/3648/1242 2593/3647/1241 2651/3705/1316 2650/3704/1315
f 2653/3708/1319 2655/3707/1318 2595/3651/1245 2600/3652/1246
f 2599/3650/1244 2594/3649/1243 2657/3713/1324 2656/3712/1323
f 2662/3720/1331 2664/3719/1330 2596/3653/1247 2601/3654/1248
f 2659/3716/1327 2661/3715/1326 2597/3655/1249 2602/3656/1250
f 2504/3592/1169 2598/3648/1242 2650/3704/1315 2646/3724/1335
f 2670/3726/1337 2653/3708/1319 2600/3652/1246 2536/3504/1059
f 2538/3594/1171 2599/3650/1244 2656/3712/1323 2671/3728/1339
f 2672/3730/1341 2659/3716/1327 2602/3656/1250 2541/3597/1174
f 2673/3732/1343 2662/3720/1331 2601/3654/1248 2539/3595/1172
f 2620/3681/1276 2632/3682/1279 2665/3706/1317 2651/3705/1316
f 2633/3684/1283 2621/3683/1282 2655/3707/1318 2666/3710/1321
f 2622/3685/1284 2634/3686/1287 2667/3714/1325 2657/3713/1324
f 2635/3688/1291 2623/3687/1290 2661/3715/1326 2668/3718/1329
f 2636/3690/1295 2624/3689/1294 2664/3719/1330 2669/3722/1333
f 2632/3682/1279 2640/3695/1302 2674/3734/1345 2665/3706/1317
f 2641/3696/1303 2633/3684/1283 2666/3710/1321 2675/3735/1346
f 2634/3686/1287 2642/3697/1306 2676/3736/1347 2667/3714/1325
f 2643/3698/1307 2635/3688/1291 2668/3718/1329 2677/3737/1348
f 2644/3699/1309 2636/3690/1295 2669/3722/1333 2678/3738/1349
f 2693/3745/1357 2694/3746/1358 2692/3747/1359 2710/3748/1360
f 2696/3749/1361 2697/3750/1362 2695/3751/1363 2711/3752/1364
f 2699/3753/1365 2698/3754/1366 2696/3749/1361 2711/3752/1364
f 2701/3755/1367 2700/3756/1368 2693/3745/1357 2710/3748/1360
f 2702/3757/1369 2685/3740/1351 2689/3739/1350 2712/3758/1370
f 2705/3759/1371 2703/3760/1372 2704/3761/1373 2713/3762/1374
f 2694/3746/1358 2706/3763/1375 2707/3764/1376 2692/3747/1359
f 2697/3750/1362 2708/3765/1377 2709/3766/1378 2695/3751/1363
f 2714/3767/1379 2698/3754/1380 2699/3753/1381 2721/3768/1382
f 2715/3769/1383 2700/3756/1384 2701/3755/1385 2722/3770/1386
f 2686/3741/1353 2685/3740/1352 2702/3757/1387 2723/3771/1388
f 2704/3761/1389 2703/3760/1390 2716/3772/1391 2724/3773/1392
f 2707/3764/1393 2706/3763/1394 2717/3774/1395 2725/3775/1396
f 2709/3766/1397 2708/3765/1398 2718/3776/1399 2726/3777/1400
f 2710/3748/1401 2692/3747/1402 2719/3778/1403 2728/3779/1404
f 2711/3752/1405 2695/3751/1406 2720/3780/1407 2727/3781/1408
f 2699/3753/1381 2711/3752/1405 2727/3781/1408 2721/3768/1382
f 2701/3755/1385 2710/3748/1401 2728/3779/1404 2722/3770/1386
f 2702/3757/1387 2712/3758/1409 2729/3782/1410 2723/3771/1388
f 2730/3783/1411 2713/3762/1412 2704/3761/1389 2724/3773/1392
f 2719/3778/1403 2692/3747/1402 2707/3764/1393 2725/3775/1396
f 2720/3780/1407 2695/3751/1406 2709/3766/1397 2726/3777/1400
f 2714/3767/1379 2721/3768/1382 2731/3784/1413 2735/3785/1414
f 2715/3769/1383 2722/3770/1386 2732/3786/1415 2736/3787/1416
f 2733/3788/1417 2725/3775/1396 2717/3774/1395 2737/3789/1418
f 2734/3790/1419 2726/3777/1400 2718/3776/1399 2738/3791/1420
f 2731/3784/1413 2721/3768/1382 2727/3781/1408 2740/3792/1421
f 2732/3786/1415 2722/3770/1386 2728/3779/1404 2739/3793/1422
f 2719/3778/1403 2725/3775/1396 2733/3788/1417 2741/3794/1423
f 2720/3780/1407 2726/3777/1400 2734/3790/1419 2742/3795/1424
f 2745/3796/1425 2743/3797/1426 2744/3798/1427 2759/3799/1428
f 2691/3800/1429 2688/3801/1430 2746/3802/1431 2762/3803/1432
f 2748/3804/1433 2747/3805/1434 2745/3796/1425 2759/3799/1428
f 2647/3743/1355 2687/3742/1354 2749/3806/1435 2760/3807/1436
f 2751/3808/1437 2750/3809/1438 2543/3810/1439 2761/3811/1440
f 2753/3812/1441 2752/3813/1442 2691/3800/1429 2762/3803/1432
f 2743/3797/1426 2754/3814/1443 2755/3815/1444 2744/3798/1427
f 2688/3801/1430 2756/3816/1445 2757/3817/1446 2746/3802/1431
f 2737/3789/1418 2747/3805/1434 2748/3804/1433 2733/3788/1417
f 2749/3806/1435 2687/3742/1354 2690/3744/1356 2763/3818/1447
f 2738/3791/1420 2752/3813/1442 2753/3812/1441 2734/3790/1419
f 2758/3819/1448 2750/3809/1438 2751/3808/1437 2764/3820/1449
f 2755/3815/1444 2754/3814/1443 2736/3787/1416 2732/3786/1415
f 2757/3817/1446 2756/3816/1445 2735/3785/1414 2731/3784/1413
f 2755/3815/1444 2732/3786/1415 2739/3793/1422 2744/3798/1427
f 2757/3817/1446 2731/3784/1413 2740/3792/1421 2746/3802/1431
f 2741/3794/1423 2733/3788/1417 2748/3804/1433 2759/3799/1428
f 2742/3795/1424 2734/3790/1419 2753/3812/1441 2762/3803/1432
f 2749/3806/1435 2763/3818/1447 2765/3821/1450 2760/3807/1436
f 2766/3822/1451 2764/3820/1449 2751/3808/1437 2761/3811/1440
f 2759/3799/1428 2744/3798/1427 2739/3793/1422 2741/3794/1423
f 2762/3803/1432 2746/3802/1431 2740/3792/1421 2742/3795/1424
f 2696/3749/1361 2698/3754/1366 2626/3663/1257 2606/3662/1256
f 2703/3760/1372 2705/3759/1371 2610/3664/1258 2627/3667/1261
f 2693/3745/1357 2700/3756/1368 2628/3671/1265 2612/3670/1264
f 2706/3763/1375 2694/3746/1358 2616/3672/1266 2629/3675/1269
f 2708/3765/1377 2697/3750/1362 2619/3676/1270 2630/3679/1273
f 2698/3754/1380 2714/3767/1379 2640/3695/1302 2626/3663/1301
f 2716/3772/1391 2703/3760/1390 2627/3667/1304 2641/3696/1303
f 2717/3774/1395 2706/3763/1394 2629/3675/1308 2643/3698/1307
f 2700/3756/1384 2715/3769/1383 2642/3697/1306 2628/3671/1305
f 2718/3776/1399 2708/3765/1398 2630/3679/1310 2644/3699/1309
f 2686/3741/1353 2690/3744/1356 2648/3701/1312 2639/3694/1300
f 2674/3734/1345 2640/3695/1302 2714/3767/1379 2735/3785/1414
f 2758/3819/1448 2716/3772/1391 2641/3696/1303 2675/3735/1346
f 2676/3736/1347 2642/3697/1306 2715/3769/1383 2736/3787/1416
f 2737/3789/1418 2717/3774/1395 2643/3698/1307 2677/3737/1348
f 2738/3791/1420 2718/3776/1399 2644/3699/1309 2678/3738/1349
f 2543/3810/1439 2750/3809/1438 2681/3727/1338 2670/3726/1337
f 2756/3816/1445 2688/3801/1430 2646/3724/1335 2680/3725/1336
f 2754/3814/1443 2743/3797/1426 2671/3728/1339 2682/3729/1340
f 2745/3796/1425 2747/3805/1434 2683/3731/1342 2672/3730/1341
f 2691/3800/1429 2752/3813/1442 2684/3733/1344 2673/3732/1343
f 2750/3809/1438 2758/3819/1448 2675/3735/1346 2681/3727/1338
f 2735/3785/1414 2756/3816/1445 2680/3725/1336 2674/3734/1345
f 2736/3787/1416 2754/3814/1443 2682/3729/1340 2676/3736/1347
f 2747/3805/1434 2737/3789/1418 2677/3737/1348 2683/3731/1342
f 2752/3813/1442 2738/3791/1420 2678/3738/1349 2684/3733/1344
f 2712/3758/1370 2689/3739/1350 2705/3759/1371 2713/3762/1374
f 2729/3782/1410 2712/3758/1409 2713/3762/1412 2730/3783/1411
f 2686/3741/1353 2723/3771/1388 2763/3818/1447 2690/3744/1356
f 2724/3773/1392 2716/3772/1391 2758/3819/1448 2764/3820/1449
f 2723/3771/1388 2729/3782/1410 2765/3821/1450 2763/3818/1447
f 2730/3783/1411 2724/3773/1392 2764/3820/1449 2766/3822/1451
f 2728/3779/1404 2719/3778/1403 2741/3794/1423 2739/3793/1422
f 2727/3781/1408 2720/3780/1407 2742/3795/1424 2740/3792/1421
f 2729/3782/1410 2730/3783/1411 2766/3822/1451 2765/3821/1450
f 2647/3743/1355 2760/3807/1436 2761/3811/1440 2543/3810/1439
f 2760/3807/1436 2765/3821/1450 2766/3822/1451 2761/3811/1440
f 2518/3580/1157 2555/3614/1206 2770/3823/1452 2519/3581/1158
f 2510/3572/1149 2771/3824/1453 2548/3604/1197 2511/3573/1150
f 2514/3576/1153 2552/3610/1203 2772/3825/1454 2515/3577/1154
f 2506/3568/1145 2773/3826/1455 2545/3600/1194 2507/3569/1146
f 2555/3614/1191 2557/3613/1190 2768/3827/1456 2770/3823/1457
f 2552/3610/1187 2554/3609/1186 2774/3828/1458 2772/3825/1459
f 2771/3824/1460 2767/3829/1461 2549/3605/1182 2548/3604/1181
f 2773/3826/1462 2775/3830/1463 2546/3601/1178 2545/3600/1177
f 2437/3494/1049 2435/3491/1046 2776/3831/1464 2783/3832/1465
f 2777/3833/1466 2434/3487/1042 2437/3494/1049 2783/3832/1465
f 2470/3526/1081 2458/3514/1069 2778/3834/1467 2784/3835/1468
f 2472/3528/1083 2462/3518/1073 2779/3836/1469 2786/3837/1470
f 2780/3838/1471 2465/3521/1076 2474/3530/1085 2785/3839/1472
f 2781/3840/1473 2453/3509/1064 2468/3524/1079 2787/3841/1474
f 2435/3491/1046 2430/3485/1040 2782/3842/1475 2776/3831/1464
f 2432/3488/1043 2434/3487/1042 2777/3833/1466 2788/3843/1476
f 2779/3836/1469 2462/3518/1073 2461/3517/1072 2789/3844/1477
f 2778/3834/1467 2458/3514/1069 2457/3513/1068 2791/3845/1478
f 2466/3522/1077 2465/3521/1076 2780/3838/1471 2790/3846/1479
f 2454/3510/1065 2453/3509/1064 2781/3840/1473 2792/3847/1480
f 2782/3842/1475 2430/3485/1040 2429/3484/1039 2793/3848/1481
f 2777/3833/1466 2783/3832/1465 2794/3849/1482 2788/3843/1476
f 2780/3838/1471 2785/3839/1472 2795/3850/1483 2790/3846/1479
f 2796/3851/1484 2784/3835/1468 2778/3834/1467 2791/3845/1478
f 2797/3852/1485 2786/3837/1470 2779/3836/1469 2789/3844/1477
f 2781/3840/1473 2787/3841/1474 2798/3853/1486 2792/3847/1480
f 2799/3854/1487 2776/3831/1464 2782/3842/1475 2793/3848/1481
f 2783/3832/1465 2776/3831/1464 2799/3854/1487 2794/3849/1482
f 2785/3839/1472 2474/3530/1085 2472/3528/1083 2786/3837/1470
f 2787/3841/1474 2468/3524/1079 2470/3526/1081 2784/3835/1468
f 2795/3850/1483 2785/3839/1472 2786/3837/1470 2797/3852/1485
f 2798/3853/1486 2787/3841/1474 2784/3835/1468 2796/3851/1484
f 2802/3855/1488 2449/3506/1061 2445/3503/1058 2809/3856/1489
f 2803/3857/1490 2442/3501/1056 2449/3506/1061 2802/3855/1488
f 2445/3503/1058 2440/3497/1052 2804/3858/1491 2809/3856/1489
f 2542/3598/1175 2535/3590/1167 2805/3859/1492 2810/3860/1493
f 2806/3861/1494 2530/3585/1162 2537/3593/1170 2811/3862/1495
f 2807/3863/1496 2528/3583/1160 2428/3591/1168 2812/3864/1497
f 2540/3596/1173 2533/3588/1165 2808/3865/1498 2813/3866/1499
f 2443/3502/1057 2442/3501/1056 2803/3857/1490 2815/3867/1500
f 2804/3858/1491 2440/3497/1052 2439/3496/1051 2821/3868/1501
f 2805/3859/1492 2535/3590/1167 2520/3582/1159 2822/3869/1502
f 2509/3571/1148 2530/3585/1162 2806/3861/1494 2823/3870/1503
f 2808/3865/1498 2533/3588/1165 2516/3578/1155 2824/3871/1504
f 2505/3567/1144 2528/3583/1160 2807/3863/1496 2825/3872/1505
f 2803/3857/1490 2802/3855/1488 2814/3873/1506 2815/3867/1500
f 2814/3873/1506 2802/3855/1488 2809/3856/1489 2816/3874/1507
f 2816/3874/1507 2809/3856/1489 2804/3858/1491 2821/3868/1501
f 2817/3875/1508 2810/3860/1493 2805/3859/1492 2822/3869/1502
f 2806/3861/1494 2811/3862/1495 2818/3876/1509 2823/3870/1503
f 2819/3877/1510 2813/3866/1499 2808/3865/1498 2824/3871/1504
f 2807/3863/1496 2812/3864/1497 2820/3878/1511 2825/3872/1505
f 2542/3598/1175 2810/3860/1493 2811/3862/1495 2537/3593/1170
f 2540/3596/1173 2813/3866/1499 2812/3864/1497 2428/3591/1168
f 2810/3860/1493 2817/3875/1508 2818/3876/1509 2811/3862/1495
f 2813/3866/1499 2819/3877/1510 2820/3878/1511 2812/3864/1497
f 2526/3540/1096 2830/3879/1512 2831/3880/1513 2482/3538/1097
f 2833/3881/1514 2832/3882/1515 2484/3541/1098 2477/3531/1101
f 2835/3883/1516 2834/3884/1517 2519/3581/1158 2770/3823/1452
f 2510/3572/1149 2836/3885/1518 2837/3886/1519 2771/3824/1453
f 2506/3568/1145 2838/3887/1520 2839/3888/1521 2773/3826/1455
f 2841/3889/1522 2840/3890/1523 2515/3577/1154 2772/3825/1454
f 2831/3880/1513 2830/3879/1512 2842/3891/1524 2844/3892/1525
f 2480/3535/1090 2482/3538/1093 2831/3880/1526 2844/3892/1527
f 2844/3892/1525 2842/3891/1524 2843/3893/1528 2849/3894/1529
f 2843/3893/1528 2832/3882/1515 2833/3881/1514 2849/3894/1529
f 2845/3895/1530 2834/3884/1517 2835/3883/1516 2850/3896/1531
f 2837/3886/1519 2836/3885/1518 2846/3897/1532 2851/3898/1533
f 2839/3888/1521 2838/3887/1520 2847/3899/1534 2852/3900/1535
f 2848/3901/1536 2840/3890/1523 2841/3889/1522 2853/3902/1537
f 2769/3534/1089 2480/3535/1090 2844/3892/1527 2849/3894/1538
f 2833/3881/1539 2477/3531/1086 2769/3534/1089 2849/3894/1538
f 2835/3883/1540 2770/3823/1457 2768/3827/1456 2850/3896/1541
f 2767/3829/1461 2771/3824/1460 2837/3886/1542 2851/3898/1543
f 2841/3889/1544 2772/3825/1459 2774/3828/1458 2853/3902/1545
f 2775/3830/1463 2773/3826/1462 2839/3888/1546 2852/3900/1547
f 2495/3552/1141 2503/3566/1140 2854/3903/1548 2855/3904/1549
f 2856/3905/1550 2800/3906/1551 2502/3565/1138 2496/3554/1137
f 2498/3561/1122 2491/3544/1121 2857/3907/1552 2858/3908/1553
f 2494/3550/1133 2501/3564/1132 2828/3909/1554 2859/3910/1555
f 2493/3548/1129 2500/3563/1128 2829/3911/1556 2860/3912/1557
f 2861/3913/1558 2801/3914/1559 2499/3562/1126 2492/3546/1125
f 2862/3915/1560 2856/3905/1561 2496/3554/1113 2463/3519/1074
f 2431/3483/1038 2495/3552/1111 2855/3904/1562 2863/3916/1563
f 2491/3544/1103 2433/3489/1044 2864/3917/1564 2857/3907/1565
f 2456/3512/1067 2493/3548/1107 2860/3912/1566 2865/3918/1567
f 2460/3516/1071 2494/3550/1109 2859/3910/1568 2866/3919/1569
f 2867/3920/1570 2861/3913/1571 2492/3546/1105 2451/3507/1062
f 2830/3879/1512 2526/3540/1096 2443/3502/1057 2815/3867/1500
f 2484/3541/1098 2832/3882/1515 2821/3868/1501 2439/3496/1051
f 2519/3581/1158 2834/3884/1517 2822/3869/1502 2520/3582/1159
f 2836/3885/1518 2510/3572/1149 2509/3571/1148 2823/3870/1503
f 2515/3577/1154 2840/3890/1523 2824/3871/1504 2516/3578/1155
f 2838/3887/1520 2506/3568/1145 2505/3567/1144 2825/3872/1505
f 2842/3891/1524 2830/3879/1512 2815/3867/1500 2814/3873/1506
f 2832/3882/1515 2843/3893/1528 2816/3874/1507 2821/3868/1501
f 2843/3893/1528 2842/3891/1524 2814/3873/1506 2816/3874/1507
f 2834/3884/1517 2845/3895/1530 2817/3875/1508 2822/3869/1502
f 2846/3897/1532 2836/3885/1518 2823/3870/1503 2818/3876/1509
f 2840/3890/1523 2848/3901/1536 2819/3877/1510 2824/3871/1504
f 2847/3899/1534 2838/3887/1520 2825/3872/1505 2820/3878/1511
f 2845/3895/1530 2846/3897/1532 2818/3876/1509 2817/3875/1508
f 2848/3901/1536 2847/3899/1534 2820/3878/1511 2819/3877/1510
f 2429/3484/1039 2431/3483/1038 2863/3916/1563 2872/3921/1572
f 2873/3922/1573 2862/3915/1560 2463/3519/1074 2466/3522/1077
f 2874/3923/1574 2864/3917/1564 2433/3489/1044 2432/3488/1043
f 2457/3513/1068 2456/3512/1067 2865/3918/1567 2875/3924/1575
f 2876/3925/1576 2867/3920/1570 2451/3507/1062 2454/3510/1065
f 2461/3517/1072 2460/3516/1071 2866/3919/1569 2877/3926/1577
f 2878/3927/1578 2855/3904/1549 2854/3903/1548 2884/3928/1579
f 2858/3908/1553 2857/3907/1552 2879/3929/1580 2885/3930/1581
f 2800/3906/1551 2856/3905/1550 2880/3931/1582 2886/3932/1583
f 2801/3914/1559 2861/3913/1558 2881/3933/1584 2887/3934/1585
f 2882/3935/1586 2860/3912/1557 2829/3911/1556 2888/3936/1587
f 2883/3937/1588 2859/3910/1555 2828/3909/1554 2889/3938/1589
f 2863/3916/1563 2855/3904/1562 2878/3927/1590 2890/3939/1591
f 2880/3931/1592 2856/3905/1561 2862/3915/1560 2891/3940/1593
f 2879/3929/1594 2857/3907/1565 2864/3917/1564 2892/3941/1595
f 2881/3933/1596 2861/3913/1571 2867/3920/1570 2893/3942/1597
f 2865/3918/1567 2860/3912/1566 2882/3935/1598 2894/3943/1599
f 2866/3919/1569 2859/3910/1568 2883/3937/1600 2895/3944/1601
f 2896/3945/1602 2890/3939/1591 2878/3927/1590 2884/3928/1603
f 2880/3931/1592 2891/3940/1593 2897/3946/1604 2886/3932/1605
f 2879/3929/1594 2892/3941/1595 2898/3947/1606 2885/3930/1607
f 2881/3933/1596 2893/3942/1597 2899/3948/1608 2887/3934/1609
f 2900/3949/1610 2894/3943/1599 2882/3935/1598 2888/3936/1611
f 2901/3950/1612 2895/3944/1601 2883/3937/1600 2889/3938/1613
f 2902/3951/1614 2891/3940/1593 2862/3915/1560 2873/3922/1573
f 2903/3952/1615 2893/3942/1597 2867/3920/1570 2876/3925/1576
f 2897/3946/1604 2891/3940/1593 2902/3951/1614 2914/3953/1616
f 2899/3948/1608 2893/3942/1597 2903/3952/1615 2915/3954/1617
f 2904/3955/1618 2800/3906/1551 2886/3932/1583 2906/3956/1619
f 2905/3957/1620 2801/3914/1559 2887/3934/1585 2907/3958/1621
f 2845/3895/1530 2850/3896/1531 2851/3898/1533 2846/3897/1532
f 2848/3901/1536 2853/3902/1537 2852/3900/1535 2847/3899/1534
f 2850/3896/1541 2768/3827/1456 2767/3829/1461 2851/3898/1543
f 2853/3902/1545 2774/3828/1458 2775/3830/1463 2852/3900/1547
f 2906/3956/1622 2886/3932/1605 2897/3946/1604 2918/3959/1623
f 2907/3958/1624 2887/3934/1609 2899/3948/1608 2919/3960/1625
f 2793/3848/1481 2429/3484/1039 2872/3921/1572 2908/3961/1626
f 2909/3962/1627 2873/3922/1573 2466/3522/1077 2790/3846/1479
f 2432/3488/1043 2788/3843/1476 2910/3963/1628 2874/3923/1574
f 2791/3845/1478 2457/3513/1068 2875/3924/1575 2911/3964/1629
f 2912/3965/1630 2876/3925/1576 2454/3510/1065 2792/3847/1480
f 2789/3844/1477 2461/3517/1072 2877/3926/1577 2913/3966/1631
f 2799/3854/1487 2793/3848/1481 2908/3961/1626 2869/3967/1632
f 2826/3968/1633 2909/3962/1627 2790/3846/1479 2795/3850/1483
f 2788/3843/1476 2794/3849/1482 2868/3969/1634 2910/3963/1628
f 2796/3851/1484 2791/3845/1478 2911/3964/1629 2871/3970/1635
f 2797/3852/1485 2789/3844/1477 2913/3966/1631 2870/3971/1636
f 2827/3972/1637 2912/3965/1630 2792/3847/1480 2798/3853/1486
f 2920/3973/1638 2902/3951/1614 2873/3922/1573 2909/3962/1627
f 2921/3974/1639 2903/3952/1615 2876/3925/1576 2912/3965/1630
f 2872/3921/1572 2922/3975/1640 2923/3976/1641 2908/3961/1626
f 2925/3977/1642 2924/3978/1643 2874/3923/1574 2910/3963/1628
f 2875/3924/1575 2926/3979/1644 2927/3980/1645 2911/3964/1629
f 2877/3926/1577 2928/3981/1646 2929/3982/1647 2913/3966/1631
f 2914/3953/1616 2902/3951/1614 2920/3973/1638 2934/3983/1648
f 2915/3954/1617 2903/3952/1615 2921/3974/1639 2935/3984/1649
f 2923/3976/1641 2922/3975/1640 2930/3985/1650 2936/3986/1651
f 2931/3987/1652 2924/3978/1643 2925/3977/1642 2937/3988/1653
f 2927/3980/1645 2926/3979/1644 2932/3989/1654 2938/3990/1655
f 2929/3982/1647 2928/3981/1646 2933/3991/1656 2939/3992/1657
f 2920/3973/1638 2909/3962/1627 2826/3968/1633 2934/3983/1648
f 2921/3974/1639 2912/3965/1630 2827/3972/1637 2935/3984/1649
f 2869/3967/1632 2908/3961/1626 2923/3976/1641 2936/3986/1651
f 2925/3977/1642 2910/3963/1628 2868/3969/1634 2937/3988/1653
f 2871/3970/1635 2911/3964/1629 2927/3980/1645 2938/3990/1655
f 2870/3971/1636 2913/3966/1631 2929/3982/1647 2939/3992/1657
f 2943/3993/1658 2941/3994/1659 2942/3995/1660 2957/3996/1661
f 2946/3997/1662 2944/3998/1663 2945/3999/1664 2958/4000/1665
f 2948/4001/1666 2947/4002/1667 2916/4003/1668 2959/4004/1669
f 2950/4005/1670 2949/4006/1671 2917/4007/1672 2960/4008/1673
f 2904/3955/1618 2906/3956/1619 2951/4009/1674 2961/4010/1675
f 2905/3957/1620 2907/3958/1621 2952/4011/1676 2962/4012/1677
f 2953/4013/1678 2941/3994/1679 2943/3993/1680 2963/4014/1681
f 2945/3999/1682 2944/3998/1683 2954/4015/1684 2964/4016/1685
f 2955/4017/1686 2947/4002/1687 2948/4001/1688 2966/4018/1689
f 2956/4019/1690 2949/4006/1691 2950/4005/1692 2965/4020/1693
f 2951/4009/1694 2906/3956/1622 2918/3959/1623 2967/4021/1695
f 2952/4011/1696 2907/3958/1624 2919/3960/1625 2968/4022/1697
f 2969/4023/1698 2914/3953/1616 2934/3983/1648 2971/4024/1699
f 2970/4025/1700 2915/3954/1617 2935/3984/1649 2972/4026/1701
f 2971/4024/1699 2934/3983/1648 2826/3968/1633 2984/4027/1702
f 2972/4026/1701 2935/3984/1649 2827/3972/1637 2985/4028/1703
f 2943/3993/1680 2957/3996/1704 2975/4029/1705 2963/4014/1681
f 2976/4030/1706 2958/4000/1707 2945/3999/1682 2964/4016/1685
f 2950/4005/1692 2960/4008/1708 2977/4031/1709 2965/4020/1693
f 2948/4001/1688 2959/4004/1710 2978/4032/1711 2966/4018/1689
f 2979/4033/1712 2961/4010/1713 2951/4009/1694 2967/4021/1695
f 2980/4034/1714 2962/4012/1715 2952/4011/1696 2968/4022/1697
f 2981/4035/1716 2967/4021/1695 2918/3959/1623 2969/4023/1698
f 2982/4036/1717 2968/4022/1697 2919/3960/1625 2970/4025/1700
f 2979/4033/1712 2967/4021/1695 2981/4035/1716 2986/4037/1718
f 2980/4034/1714 2968/4022/1697 2982/4036/1717 2987/4038/1719
f 2970/4025/1700 2972/4026/1701 2988/4039/1720 2982/4036/1717
f 2969/4023/1698 2971/4024/1699 2989/4040/1721 2981/4035/1716
f 2992/4041/1722 2990/4042/1723 2991/4043/1724 3002/4044/1725
f 2995/4045/1726 2993/4046/1727 2994/4047/1728 3004/4048/1729
f 2998/4049/1730 2996/4050/1731 2997/4051/1732 3003/4052/1733
f 3001/4053/1734 2999/4054/1735 3000/4055/1736 3005/4056/1737
f 2988/4039/1720 2972/4026/1701 2985/4028/1703 3010/4057/1738
f 2989/4040/1721 2971/4024/1699 2984/4027/1702 3011/4058/1739
f 2983/4059/1740 2990/4042/1723 2992/4041/1722 3012/4060/1741
f 2994/4047/1728 2993/4046/1727 2940/4061/1742 3013/4062/1743
f 2974/4063/1744 2996/4050/1731 2998/4049/1730 3014/4064/1745
f 2973/4065/1746 2999/4054/1735 3001/4053/1734 3015/4066/1747
f 2987/4038/1719 2982/4036/1717 2988/4039/1720 3010/4057/1738
f 2986/4037/1718 2981/4035/1716 2989/4040/1721 3011/4058/1739
f 2992/4041/1722 3002/4044/1725 3006/4067/1748 3012/4060/1741
f 2998/4049/1730 3003/4052/1733 3007/4068/1749 3014/4064/1745
f 3008/4069/1750 3004/4048/1729 2994/4047/1728 3013/4062/1743
f 3001/4053/1734 3005/4056/1737 3009/4070/1751 3015/4066/1747
f 2863/3916/1563 2890/3939/1591 2922/3975/1640 2872/3921/1572
f 2892/3941/1595 2864/3917/1564 2874/3923/1574 2924/3978/1643
f 2865/3918/1567 2894/3943/1599 2926/3979/1644 2875/3924/1575
f 2866/3919/1569 2895/3944/1601 2928/3981/1646 2877/3926/1577
f 2890/3939/1591 2896/3945/1602 2930/3985/1650 2922/3975/1640
f 2898/3947/1606 2892/3941/1595 2924/3978/1643 2931/3987/1652
f 2894/3943/1599 2900/3949/1610 2932/3989/1654 2926/3979/1644
f 2895/3944/1601 2901/3950/1612 2933/3991/1656 2928/3981/1646
f 2884/3928/1579 2854/3903/1548 2942/3995/1660 2941/3994/1659
f 2944/3998/1663 2946/3997/1662 2858/3908/1553 2885/3930/1581
f 2888/3936/1587 2829/3911/1556 2916/4003/1668 2947/4002/1667
f 2889/3938/1589 2828/3909/1554 2917/4007/1672 2949/4006/1671
f 2896/3945/1602 2884/3928/1603 2941/3994/1679 2953/4013/1678
f 2954/4015/1684 2944/3998/1683 2885/3930/1607 2898/3947/1606
f 2900/3949/1610 2888/3936/1611 2947/4002/1687 2955/4017/1686
f 2901/3950/1612 2889/3938/1613 2949/4006/1691 2956/4019/1690
f 2918/3959/1623 2897/3946/1604 2914/3953/1616 2969/4023/1698
f 2919/3960/1625 2899/3948/1608 2915/3954/1617 2970/4025/1700
f 2896/3945/1602 2953/4013/1678 2991/4043/1724 2930/3985/1650
f 2954/4015/1684 2898/3947/1606 2931/3987/1652 2995/4045/1726
f 2900/3949/1610 2955/4017/1686 2997/4051/1732 2932/3989/1654
f 2901/3950/1612 2956/4019/1690 3000/4055/1736 2933/3991/1656
f 2936/3986/1651 2930/3985/1650 2991/4043/1724 2990/4042/1723
f 2993/4046/1727 2995/4045/1726 2931/3987/1652 2937/3988/1653
f 2938/3990/1655 2932/3989/1654 2997/4051/1732 2996/4050/1731
f 2939/3992/1657 2933/3991/1656 3000/4055/1736 2999/4054/1735
f 2869/3967/1632 2936/3986/1651 2990/4042/1723 2983/4059/1740
f 2940/4061/1742 2993/4046/1727 2937/3988/1653 2868/3969/1634
f 2871/3970/1635 2938/3990/1655 2996/4050/1731 2974/4063/1744
f 2870/3971/1636 2939/3992/1657 2999/4054/1735 2973/4065/1746
f 2953/4013/1678 2963/4014/1681 3002/4044/1725 2991/4043/1724
f 2964/4016/1685 2954/4015/1684 2995/4045/1726 3004/4048/1729
f 2955/4017/1686 2966/4018/1689 3003/4052/1733 2997/4051/1732
f 2956/4019/1690 2965/4020/1693 3005/4056/1737 3000/4055/1736
f 2963/4014/1681 2975/4029/1705 3006/4067/1748 3002/4044/1725
f 2976/4030/1706 2964/4016/1685 3004/4048/1729 3008/4069/1750
f 2966/4018/1689 2978/4032/1711 3007/4068/1749 3003/4052/1733
f 2965/4020/1693 2977/4031/1709 3009/4070/1751 3005/4056/1737
f 3027/4071/1752 3026/4072/1753 3016/4073/1754 3040/4074/1755
f 3022/4075/1756 3028/4076/1757 3029/4077/1758 3041/4078/1759
f 3032/4079/1760 3030/4080/1761 3031/4081/1762 3042/4082/1763
f 3035/4083/1764 3033/4084/1765 3034/4085/1766 3043/4086/1767
f 3023/4087/1768 3036/4088/1769 3037/4089/1770 3044/4090/1771
f 3039/4091/1772 3038/4092/1773 3017/4093/1774 3045/4094/1775
f 3046/4095/1776 3026/4072/1777 3027/4071/1778 3052/4096/1779
f 3029/4077/1780 3028/4076/1781 3047/4097/1782 3053/4098/1783
f 3048/4099/1784 3030/4080/1785 3032/4079/1786 3054/4100/1787
f 3037/4089/1788 3036/4088/1789 3049/4101/1790 3056/4102/1791
f 3034/4085/1792 3033/4084/1793 3050/4103/1794 3055/4104/1795
f 3051/4105/1796 3038/4092/1797 3039/4091/1798 3057/4106/1799
f 3027/4071/1778 3040/4074/1800 3058/4107/1801 3052/4096/1779
f 3059/4108/1802 3041/4078/1803 3029/4077/1780 3053/4098/1783
f 3032/4079/1786 3042/4082/1804 3060/4109/1805 3054/4100/1787
f 3061/4110/1806 3043/4086/1807 3034/4085/1792 3055/4104/1795
f 3062/4111/1808 3044/4090/1809 3037/4089/1788 3056/4102/1791
f 3039/4091/1798 3045/4094/1810 3063/4112/1811 3057/4106/1799
f 3018/4113/1812 3064/4114/1813 3065/4115/1814 3083/4116/1815
f 3067/4117/1816 3066/4118/1817 3024/4119/1818 3082/4120/1819
f 3021/4121/1820 3068/4122/1821 3069/4123/1822 3084/4124/1823
f 3071/4125/1824 3070/4126/1825 3019/4127/1826 3085/4128/1827
f 3073/4129/1828 3072/4130/1829 3025/4131/1830 3086/4132/1831
f 3020/4133/1832 3074/4134/1833 3075/4135/1834 3087/4136/1835
f 3076/4137/1836 3066/4118/1817 3067/4117/1816 3088/4138/1837
f 3065/4115/1814 3064/4114/1813 3077/4139/1838 3089/4140/1839
f 3069/4123/1822 3068/4122/1821 3078/4141/1840 3090/4142/1841
f 3079/4143/1842 3070/4126/1825 3071/4125/1824 3091/4144/1843
f 3080/4145/1844 3072/4130/1829 3073/4129/1828 3092/4146/1845
f 3075/4135/1834 3074/4134/1833 3081/4147/1846 3093/4148/1847
f 3094/4149/1848 3088/4138/1837 3067/4117/1816 3082/4120/1819
f 3069/4123/1822 3090/4142/1841 3095/4150/1849 3084/4124/1823
f 3065/4115/1814 3089/4140/1839 3096/4151/1850 3083/4116/1815
f 3097/4152/1851 3091/4144/1843 3071/4125/1824 3085/4128/1827
f 3098/4153/1852 3092/4146/1845 3073/4129/1828 3086/4132/1831
f 3075/4135/1834 3093/4148/1847 3099/4154/1853 3087/4136/1835
f 2904/3955/1618 2961/4010/1675 3028/4076/1757 3022/4075/1756
f 2957/3996/1661 2942/3995/1660 3031/4081/1762 3030/4080/1761
f 2960/4008/1673 2917/4007/1672 3016/4073/1754 3026/4072/1753
f 2905/3957/1620 2962/4012/1677 3036/4088/1769 3023/4087/1768
f 3033/4084/1765 3035/4083/1764 2946/3997/1662 2958/4000/1665
f 2959/4004/1669 2916/4003/1668 3017/4093/1774 3038/4092/1773
f 2961/4010/1713 2979/4033/1712 3047/4097/1782 3028/4076/1781
f 2975/4029/1705 2957/3996/1704 3030/4080/1785 3048/4099/1784
f 2977/4031/1709 2960/4008/1708 3026/4072/1777 3046/4095/1776
f 2962/4012/1715 2980/4034/1714 3049/4101/1790 3036/4088/1789
f 3050/4103/1794 3033/4084/1793 2958/4000/1707 2976/4030/1706
f 2978/4032/1711 2959/4004/1710 3038/4092/1797 3051/4105/1796
f 3076/4137/1836 3047/4097/1782 2979/4033/1712 2986/4037/1718
f 3006/4067/1748 2975/4029/1705 3048/4099/1784 3078/4141/1840
f 3009/4070/1751 2977/4031/1709 3046/4095/1776 3077/4139/1838
f 3080/4145/1844 3049/4101/1790 2980/4034/1714 2987/4038/1719
f 3079/4143/1842 3050/4103/1794 2976/4030/1706 3008/4069/1750
f 3007/4068/1749 2978/4032/1711 3051/4105/1796 3081/4147/1846
f 2983/4059/1740 3012/4060/1741 3068/4122/1821 3021/4121/1820
f 3011/4058/1739 2984/4027/1702 3024/4119/1818 3066/4118/1817
f 2973/4065/1746 3015/4066/1747 3064/4114/1813 3018/4113/1812
f 3010/4057/1738 2985/4028/1703 3025/4131/1830 3072/4130/1829
f 3019/4127/1826 3070/4126/1825 3013/4062/1743 2940/4061/1742
f 2974/4063/1744 3014/4064/1745 3074/4134/1833 3020/4133/1832
f 2986/4037/1718 3011/4058/1739 3066/4118/1817 3076/4137/1836
f 3012/4060/1741 3006/4067/1748 3078/4141/1840 3068/4122/1821
f 2987/4038/1719 3010/4057/1738 3072/4130/1829 3080/4145/1844
f 3015/4066/1747 3009/4070/1751 3077/4139/1838 3064/4114/1813
f 3070/4126/1825 3079/4143/1842 3008/4069/1750 3013/4062/1743
f 3014/4064/1745 3007/4068/1749 3081/4147/1846 3074/4134/1833
f 3040/4074/1755 3016/4073/1754 3022/4075/1756 3041/4078/1759
f 3042/4082/1763 3031/4081/1762 3035/4083/1764 3043/4086/1767
f 3045/4094/1775 3017/4093/1774 3023/4087/1768 3044/4090/1771
f 3058/4107/1801 3040/4074/1800 3041/4078/1803 3059/4108/1802
f 3060/4109/1805 3042/4082/1804 3043/4086/1807 3061/4110/1806
f 3063/4112/1811 3045/4094/1810 3044/4090/1809 3062/4111/1808
f 3046/4095/1776 3052/4096/1779 3089/4140/1839 3077/4139/1838
f 3053/4098/1783 3047/4097/1782 3076/4137/1836 3088/4138/1837
f 3048/4099/1784 3054/4100/1787 3090/4142/1841 3078/4141/1840
f 3055/4104/1795 3050/4103/1794 3079/4143/1842 3091/4144/1843
f 3056/4102/1791 3049/4101/1790 3080/4145/1844 3092/4146/1845
f 3051/4105/1796 3057/4106/1799 3093/4148/1847 3081/4147/1846
f 3059/4108/1802 3053/4098/1783 3088/4138/1837 3094/4149/1848
f 3052/4096/1779 3058/4107/1801 3096/4151/1850 3089/4140/1839
f 3054/4100/1787 3060/4109/1805 3095/4150/1849 3090/4142/1841
f 3061/4110/1806 3055/4104/1795 3091/4144/1843 3097/4152/1851
f 3062/4111/1808 3056/4102/1791 3092/4146/1845 3098/4153/1852
f 3057/4106/1799 3063/4112/1811 3099/4154/1853 3093/4148/1847
f 3058/4107/1801 3059/4108/1802 3094/4149/1848 3096/4151/1850
f 3060/4109/1805 3061/4110/1806 3097/4152/1851 3095/4150/1849
f 3063/4112/1811 3062/4111/1808 3098/4153/1852 3099/4154/1853
f 3018/4113/1812 3083/4116/1815 3082/4120/1819 3024/4119/1818
f 3021/4121/1820 3084/4124/1823 3085/4128/1827 3019/4127/1826
f 3020/4133/1832 3087/4136/1835 3086/4132/1831 3025/4131/1830
f 3083/4116/1815 3096/4151/1850 3094/4149/1848 3082/4120/1819
f 3084/4124/1823 3095/4150/1849 3097/4152/1851 3085/4128/1827
f 3087/4136/1835 3099/4154/1853 3098/4153/1852 3086/4132/1831
f 2396/4155/69 2691/3800/1429 2388/4156/69
f 2388/4156/69 2691/3800/1429 2673/3732/1343
f 2395/4157/1854 2384/4158/1855 2504/3592/1169
f 2504/3592/1169 2384/4158/1855 2428/3591/1168
f 2395/4157/1854 2646/3724/1335 2398/4159/69
f 2398/4159/69 2646/3724/1335 2688/3801/1430
f 2428/3591/1856 2384/4158/1857 2540/3596/1173
f 2388/4156/69 2673/3732/1343 2386/4160/1858
f 2673/3732/1343 2539/3595/1172 2386/4160/1858
f 2539/3595/1172 2540/3596/1173 2386/4160/1858
f 2390/4161/69 2389/4162/1859 2393/4163/69
f 2393/4163/69 2389/4162/1859 2385/4164/1860
f 2389/4162/1859 2386/4160/1858 2385/4164/1860
f 2386/4160/1858 2540/3596/1173 2385/4164/1860
f 2540/3596/1173 2384/4158/1857 2385/4164/1860
f 2387/4165/69 2398/4159/69 2396/4155/69
f 2396/4155/69 2398/4159/69 2691/3800/1429
f 2398/4159/69 2688/3801/1430 2691/3800/1429
f 2646/3724/1335 2395/4157/1854 2504/3592/1169
f 2304/4166/88 2307/4167/88 2538/3594/1171
f 2538/3594/1171 2307/4167/88 2537/3593/1170
f 2538/3594/1171 2671/3728/1339 2304/4166/88
f 2301/4168/1861 2302/4169/88 2745/3796/1425
f 2745/3796/1425 2302/4169/88 2743/3797/1426
f 2743/3797/1426 2302/4169/88 2671/3728/1339
f 2302/4169/88 2305/4170/88 2671/3728/1339
f 2305/4170/88 2304/4166/88 2671/3728/1339
f 2745/3796/1425 2672/3730/1341 2301/4168/1861
f 2307/4167/88 2306/4171/88 2537/3593/1862
f 2306/4171/88 2303/4172/1863 2537/3593/1862
f 2537/3593/1862 2303/4172/1863 2542/3598/1175
f 2303/4172/1863 2298/4173/88 2542/3598/1175
f 2542/3598/1175 2298/4173/88 2541/3597/1174
f 2298/4173/88 2299/4174/88 2541/3597/1174
f 2541/3597/1174 2299/4175/88 2672/3730/1341
f 2672/3730/1341 2299/4175/88 2301/4168/1861
f 2299/4175/88 2300/4176/1864 2301/4168/1861
f 2407/4177/83 2410/4178/83 2869/3967/1632
f 2869/3967/1632 2410/4178/83 2799/3854/1487
f 2417/4179/83 3019/4127/1826 2411/4180/83
f 2411/4180/83 3019/4127/1826 2940/4061/1742
f 2410/4178/83 2409/4181/1865 2799/3854/1487
f 2799/3854/1487 2409/4181/1865 2794/3849/1482
f 2794/3849/1482 2409/4181/1865 2868/3969/1634
f 2409/4181/1865 2412/4182/1866 2868/3969/1634
f 2414/4183/1867 2411/4180/83 2412/4182/1866
f 2412/4182/1866 2411/4180/83 2868/3969/1634
f 2411/4180/83 2940/4061/1742 2868/3969/1634
f 2413/4184/1867 2415/4185/1868 2417/4179/83
f 2417/4179/83 2415/4185/1868 3019/4127/1826
f 3019/4127/1826 2415/4185/1868 3021/4121/1820
f 3021/4121/1820 2415/4185/1868 2983/4059/1740
f 2415/4185/1868 2406/4186/1868 2983/4059/1740
f 2408/4187/83 2407/4177/83 2406/4186/1868
f 2407/4177/83 2869/3967/1632 2406/4186/1868
f 2406/4186/1868 2869/3967/1632 2983/4059/1740
f 2319/4188/78 2324/4189/78 2984/4027/1702
f 2984/4027/1702 2324/4189/78 3024/4119/1818
f 2324/4189/78 2328/4190/78 3024/4119/1818
f 2984/4027/1702 2826/3968/1633 2319/4188/78
f 2319/4188/78 2826/3968/1633 2318/4191/78
f 2826/3968/1633 2795/3850/1483 2318/4191/78
f 2318/4191/78 2795/3850/1483 2326/4192/78
f 2326/4192/78 2795/3850/1483 2325/4193/78
f 2795/3850/1483 2797/3852/1485 2325/4193/78
f 2797/3852/1485 2870/3971/1636 2325/4193/78
f 2325/4193/78 2870/3971/1636 2327/4194/78
f 2327/4194/78 2870/3971/1636 2320/4195/78
f 2320/4195/78 2870/3971/1636 2323/4196/78
f 2870/3971/1636 2973/4065/1746 2323/4196/78
f 2328/4190/78 2321/4197/78 3024/4119/1818
f 3024/4119/1818 2321/4197/78 3018/4113/1812
f 3018/4113/1812 2321/4197/78 2973/4065/1746
f 2321/4197/78 2322/4198/78 2973/4065/1746
f 2973/4065/1746 2322/4198/78 2323/4196/78
f 2340/4199/92 2341/4200/92 2450/3505/1060
f 2450/3505/1060 2341/4200/92 2449/3506/1061
f 2340/4199/92 2450/3505/1060 2356/4201/92
f 2450/3505/1060 2544/3693/1298 2356/4201/92
f 2544/3693/1298 2647/3743/1355 2356/4201/92
f 2356/4201/92 2647/3743/1355 2343/4202/92
f 2341/4200/92 2345/4203/92 2449/3506/1061
f 2449/3506/1061 2345/4203/92 2445/3503/1058
f 2445/3503/1058 2345/4203/92 2536/3504/1059
f 2345/4203/92 2342/4204/92 2536/3504/1059
f 2342/4204/92 2344/4205/92 2536/3504/1059
f 2344/4205/92 2346/4206/1869 2536/3504/1059
f 2351/4207/92 2343/4202/92 2347/4208/92
f 2343/4202/92 2647/3743/1355 2347/4208/92
f 2347/4208/92 2647/3743/1355 2354/4209/92
f 2647/3743/1355 2543/3810/1439 2354/4209/92
f 2543/3810/1439 2670/3726/1337 2354/4209/92
f 2354/4209/92 2670/3726/1337 2350/4210/92
f 2350/4210/92 2670/3726/1337 2346/4206/1869
f 2346/4206/1869 2670/3726/1337 2536/3504/1059
f 2367/4211/96 2370/4212/96 2871/3970/1635
f 2871/3970/1635 2370/4212/96 2796/3851/1484
f 2871/3970/1635 2974/4063/1744 2367/4211/96
f 2974/4063/1744 3020/4133/1832 2367/4211/96
f 2367/4211/96 3020/4133/1832 2368/4213/96
f 2368/4213/96 3020/4133/1832 2366/4214/96
f 2366/4214/96 3020/4133/1832 2365/4215/1870
f 3020/4133/1832 3025/4131/1830 2365/4215/1870
f 2365/4215/1870 3025/4131/1830 2364/4216/96
f 3025/4131/1830 2985/4028/1703 2364/4216/96
f 2364/4216/96 2985/4028/1703 2375/4217/96
f 2796/3851/1484 2370/4212/96 2798/3853/1486
f 2798/3853/1486 2370/4212/96 2827/3972/1637
f 2375/4217/96 2985/4028/1703 2378/4218/96
f 2985/4028/1703 2827/3972/1637 2378/4218/96
f 2371/4219/1871 2369/4220/96 2370/4212/96
f 2370/4212/96 2369/4220/96 2827/3972/1637
f 2827/3972/1637 2369/4220/96 2378/4218/96
f 3102/4221/1872 3101/4222/1873 3107/4223/1874 3106/4224/1875
f 3101/4222/1873 3100/4225/1876 3108/4226/1877 3107/4223/1874
f 3104/4227/1878 3103/4228/1879 3322/4229/1880 3321/4230/1881
f 3103/4228/1879 3110/4231/1882 3323/4232/1883 3322/4229/1880
f 3106/4224/1875 3105/4233/1884 3117/4234/1885 3116/4235/1886
f 3105/4236/1884 3104/4227/1878 3118/4237/1887 3117/4238/1885
f 3110/4231/1882 3109/4239/1888 3127/4240/1889 3126/4241/1890
f 3109/4242/1888 3108/4226/1877 3128/4243/1891 3127/4244/1889
f 3112/4245/1892 3111/4246/1893 3328/4247/1894 3327/4248/1895
f 3111/4246/1893 3118/4237/1887 3329/4249/1896 3328/4247/1894
f 3114/4250/1897 3113/4251/1898 3263/4252/1899 3262/4253/1900
f 3113/4254/1898 3112/4245/1892 3264/4255/1901 3263/4256/1899
f 3116/4235/1886 3115/4257/1902 3120/4258/1903 3119/4259/1904
f 3115/4257/1902 3114/4250/1897 3121/4260/1905 3120/4258/1903
f 3124/4261/1906 3123/4262/1907 3129/4263/1908 3128/4243/1891
f 3123/4262/1907 3122/4264/1909 3130/4265/1910 3129/4263/1908
f 3126/4241/1890 3125/4266/1911 3334/4267/1912 3333/4268/1913
f 3125/4266/1911 3132/4269/1914 3335/4270/1915 3334/4267/1912
f 3132/4269/1914 3131/4271/1916 3138/4272/1917 3137/4273/1918
f 3131/4274/1916 3130/4265/1910 3139/4275/1919 3138/4276/1917
f 3135/4277/1920 3134/4278/1921 3140/4279/1922 3139/4275/1919
f 3134/4278/1921 3133/4280/1923 3141/4281/1924 3140/4279/1922
f 3137/4273/1918 3136/4282/1925 3340/4283/1926 3339/4284/1927
f 3136/4282/1925 3143/4285/1928 3341/4286/1929 3340/4283/1926
f 3143/4285/1928 3142/4287/1930 3149/4288/1931 3148/4289/1932
f 3142/4290/1930 3141/4281/1924 3150/4291/1933 3149/4292/1931
f 3146/4293/1934 3145/4294/1935 3151/4295/1936 3150/4291/1933
f 3145/4296/1935 3144/4297/1937 3152/4298/1938 3151/4299/1936
f 3148/4289/1932 3147/4300/1939 3346/4301/1940 3345/4302/1941
f 3147/4300/1939 3154/4303/1942 3347/4304/1943 3346/4301/1940
f 3154/4303/1942 3153/4305/1944 3160/4306/1945 3159/4307/1946
f 3153/4308/1944 3152/4298/1938 3161/4309/1947 3160/4310/1945
f 3157/4311/1948 3156/4312/1949 3162/4313/1950 3161/4309/1947
f 3156/4312/1949 3155/4314/1951 3163/4315/1952 3162/4313/1950
f 3159/4307/1946 3158/4316/1953 3352/4317/1954 3351/4318/1955
f 3158/4316/1953 3165/4319/1956 3353/4320/1957 3352/4317/1954
f 3165/4319/1956 3164/4321/1958 3171/4322/1959 3170/4323/1960
f 3164/4324/1958 3163/4315/1952 3172/4325/1961 3171/4326/1959
f 3168/4327/1962 3167/4328/1963 3173/4329/1964 3172/4325/1961
f 3167/4328/1963 3166/4330/1965 3174/4331/1966 3173/4329/1964
f 3170/4323/1960 3169/4332/1967 3358/4333/1968 3357/4334/1969
f 3169/4332/1967 3176/4335/1970 3359/4336/1971 3358/4333/1968
f 3176/4335/1970 3175/4337/1972 3182/4338/1973 3181/4339/1974
f 3175/4340/1972 3174/4331/1966 3183/4341/1975 3182/4342/1973
f 3179/4343/1976 3178/4344/1977 3184/4345/1978 3183/4341/1975
f 3178/4344/1977 3177/4346/1979 3185/4347/1980 3184/4345/1978
f 3181/4339/1974 3180/4348/1981 3364/4349/1982 3363/4350/1983
f 3180/4348/1981 3187/4351/1984 3365/4352/1985 3364/4349/1982
f 3187/4351/1984 3186/4353/1986 3193/4354/1987 3192/4355/1988
f 3186/4356/1986 3185/4347/1980 3194/4357/1989 3193/4358/1987
f 3190/4359/1990 3189/4360/1991 3195/4361/1992 3194/4357/1989
f 3189/4360/1991 3188/4362/1993 3196/4363/1994 3195/4361/1992
f 3192/4355/1988 3191/4364/1995 3370/4365/1996 3369/4366/1997
f 3191/4364/1995 3198/4367/1998 3371/4368/1999 3370/4365/1996
f 3198/4367/1998 3197/4369/2000 3204/4370/2001 3203/4371/2002
f 3197/4372/2000 3196/4363/1994 3205/4373/2003 3204/4374/2001
f 3201/4375/2004 3200/4376/2005 3206/4377/2006 3205/4373/2003
f 3200/4376/2005 3199/4378/2007 3207/4379/2008 3206/4377/2006
f 3203/4371/2002 3202/4380/2009 3376/4381/2010 3375/4382/2011
f 3202/4380/2009 3209/4383/2012 3377/4384/2013 3376/4381/2010
f 3209/4383/2012 3208/4385/2014 3215/4386/2015 3214/4387/2016
f 3208/4388/2014 3207/4379/2008 3216/4389/2017 3215/4390/2015
f 3212/4391/2018 3211/4392/2019 3217/4393/2020 3216/4389/2017
f 3211/4392/2019 3210/4394/2021 3218/4395/2022 3217/4393/2020
f 3214/4387/2016 3213/4396/2023 3382/4397/2024 3381/4398/2025
f 3213/4396/2023 3220/4399/2026 3383/4400/2027 3382/4397/2024
f 3220/4399/2026 3219/4401/2028 3226/4402/2029 3225/4403/2030
f 3219/4404/2028 3218/4395/2022 3227/4405/2031 3226/4406/2029
f 3223/4407/2032 3222/4408/2033 3228/4409/2034 3227/4405/2031
f 3222/4408/2033 3221/4410/2035 3229/4411/2036 3228/4409/2034
f 3225/4403/2030 3224/4412/2037 3387/4413/2038 3386/4414/2039
f 3224/4412/2037 3231/4415/2040 3388/4416/2041 3387/4413/2038
f 3231/4415/2040 3230/4417/2042 3237/4418/2043 3236/4419/2044
f 3230/4420/2042 3229/4411/2036 3238/4421/2045 3237/4422/2043
f 3234/4423/2046 3233/4424/2047 3239/4425/2048 3238/4421/2045
f 3233/4424/2047 3232/4426/2049 3240/4427/2050 3239/4425/2048
f 3236/4419/2044 3235/4428/2051 3392/4429/2052 3391/4430/2053
f 3235/4428/2051 3242/4431/2054 3393/4432/2055 3392/4429/2052
f 3242/4431/2054 3241/4433/2056 3248/4434/2057 3247/4435/2058
f 3241/4436/2056 3240/4427/2050 3249/4437/2059 3248/4438/2057
f 3245/4439/2060 3244/4440/2061 3250/4441/2062 3249/4437/2059
f 3244/4440/2061 3243/4442/2063 3251/4443/2064 3250/4441/2062
f 3247/4435/2058 3246/4444/2065 3397/4445/2066 3396/4446/2067
f 3246/4444/2065 3253/4447/2068 3398/4448/2069 3397/4445/2066
f 3253/4447/2068 3252/4449/2070 3259/4450/2071 3258/4451/2072
f 3252/4452/2070 3251/4443/2064 3260/4453/2073 3259/4454/2071
f 3256/4455/2074 3255/4456/2075 3261/4457/2076 3260/4453/2073
f 3255/4458/2075 3254/4459/2077 3262/4253/1900 3261/4460/2076
f 3258/4451/2072 3257/4461/2078 3405/4462/2079 3404/4463/2080
f 3257/4461/2078 3264/4255/1901 3406/4464/2081 3405/4462/2079
f 3267/4465/2082 3266/4466/2083 3272/4467/2084 3271/4468/2085
f 3266/4466/2083 3265/4469/2086 3273/4470/2087 3272/4467/2084
f 3269/4471/2088 3268/4472/2089 3412/4473/2090 3411/4474/2091
f 3268/4472/2089 3275/4475/2092 3413/4476/2093 3412/4473/2090
f 3271/4468/2085 3270/4477/2094 3282/4478/2095 3281/4479/2096
f 3270/4480/2094 3269/4471/2088 3283/4481/2097 3282/4482/2095
f 3275/4475/2092 3274/4483/2098 3292/4484/2099 3291/4485/2100
f 3274/4486/2098 3273/4470/2087 3293/4487/2101 3292/4488/2099
f 3277/4489/2102 3276/4490/2103 3417/4491/2104 3416/4492/2105
f 3276/4490/2103 3283/4481/2097 3418/4493/2106 3417/4491/2104
f 3279/4494/2107 3278/4495/2108 3318/4496/2109 3317/4497/2110
f 3278/4498/2108 3277/4489/2102 3319/4499/2111 3318/4500/2109
f 3281/4479/2096 3280/4501/2112 3285/4502/2113 3284/4503/2114
f 3280/4501/2112 3279/4494/2107 3286/4504/2115 3285/4502/2113
f 3289/4505/2116 3288/4506/2117 3294/4507/2118 3293/4487/2101
f 3288/4506/2117 3287/4508/2119 3295/4509/2120 3294/4507/2118
f 3291/4485/2100 3290/4510/2121 3422/4511/2122 3421/4512/2123
f 3290/4510/2121 3297/4513/2124 3423/4514/2125 3422/4511/2122
f 3297/4513/2124 3296/4515/2126 3303/4516/2127 3302/4517/2128
f 3296/4518/2126 3295/4509/2120 3304/4519/2129 3303/4520/2127
f 3300/4521/2130 3299/4522/2131 3305/4523/2132 3304/4519/2129
f 3299/4522/2131 3298/4524/2133 3306/4525/2134 3305/4523/2132
f 3302/4517/2128 3301/4526/2135 3427/4527/2136 3426/4528/2137
f 3301/4526/2135 3308/4529/2138 3428/4530/2139 3427/4527/2136
f 3308/4529/2138 3307/4531/2140 3314/4532/2141 3313/4533/2142
f 3307/4534/2140 3306/4525/2134 3315/4535/2143 3314/4536/2141
f 3311/4537/2144 3310/4538/2145 3316/4539/2146 3315/4535/2143
f 3310/4538/2145 3309/4540/2147 3317/4497/2110 3316/4539/2146
f 3313/4533/2142 3312/4541/2148 3432/4542/2149 3431/4543/2150
f 3312/4541/2148 3319/4499/2111 3433/4544/2151 3432/4542/2149
f 3321/4230/1881 3320/4545/2152 3330/4546/2153 3329/4249/1896
f 3320/4545/2152 3325/4547/2154 3331/4548/2155 3330/4546/2153
f 3325/4547/2154 3324/4549/2156 3332/4550/2157 3337/4551/2158
f 3324/4549/2156 3323/4232/1883 3333/4268/1913 3332/4550/2157
f 3327/4248/1895 3326/4552/2159 3401/4553/2160 3406/4464/2081
f 3326/4552/2159 3331/4548/2155 3402/4554/2161 3401/4553/2160
f 3337/4551/2158 3336/4555/2162 3338/4556/2163 3343/4557/2164
f 3336/4555/2162 3335/4270/1915 3339/4284/1927 3338/4556/2163
f 3343/4557/2164 3342/4558/2165 3344/4559/2166 3349/4560/2167
f 3342/4558/2165 3341/4286/1929 3345/4302/1941 3344/4559/2166
f 3349/4560/2167 3348/4561/2168 3350/4562/2169 3355/4563/2170
f 3348/4561/2168 3347/4304/1943 3351/4318/1955 3350/4562/2169
f 3355/4563/2170 3354/4564/2171 3356/4565/2172 3361/4566/2173
f 3354/4564/2171 3353/4320/1957 3357/4334/1969 3356/4565/2172
f 3361/4566/2173 3360/4567/2174 3362/4568/2175 3367/4569/2176
f 3360/4567/2174 3359/4336/1971 3363/4350/1983 3362/4568/2175
f 3367/4569/2176 3366/4570/2177 3368/4571/2178 3373/4572/2179
f 3366/4570/2177 3365/4352/1985 3369/4366/1997 3368/4571/2178
f 3373/4572/2179 3372/4573/2180 3374/4574/2181 3379/4575/2182
f 3372/4573/2180 3371/4368/1999 3375/4382/2011 3374/4574/2181
f 3378/4576/2183 3377/4384/2013 3381/4398/2025 3380/4577/2184
f 3384/4578/2185 3383/4400/2027 3386/4414/2039 3385/4579/2186
f 3389/4580/2187 3388/4416/2041 3391/4430/2053 3390/4581/2188
f 3394/4582/2189 3393/4432/2055 3396/4446/2067 3395/4583/2190
f 3400/4584/2191 3399/4585/2192 3403/4586/2193 3402/4554/2161
f 3399/4585/2192 3398/4448/2069 3404/4463/2080 3403/4586/2193
f 3411/4474/2091 3410/4587/2194 3419/4588/2195 3418/4493/2106
f 3414/4589/2196 3413/4476/2093 3421/4512/2123 3420/4590/2197
f 3416/4492/2105 3415/4591/2198 3434/4592/2199 3433/4544/2151
f 3424/4593/2200 3423/4514/2125 3426/4528/2137 3425/4594/2201
f 3429/4595/2202 3428/4530/2139 3431/4543/2150 3430/4596/2203
f 3437/4597/2204 3436/4598/2205 3442/4599/2206 3441/4600/2207
f 3436/4598/2205 3435/4601/2208 3443/4602/2209 3442/4599/2206
f 3439/4603/2210 3438/4604/2211 3591/4605/2212 3590/4606/2213
f 3438/4604/2211 3445/4607/2214 3592/4608/2215 3591/4605/2212
f 3441/4600/2207 3440/4609/2216 3452/4610/2217 3451/4611/2218
f 3440/4612/2216 3439/4603/2210 3453/4613/2219 3452/4614/2217
f 3445/4607/2214 3444/4615/2220 3462/4616/2221 3461/4617/2222
f 3444/4618/2220 3443/4602/2209 3463/4619/2223 3462/4620/2221
f 3447/4621/2224 3446/4622/2225 3597/4623/2226 3596/4624/2227
f 3446/4622/2225 3453/4613/2219 3598/4625/2228 3597/4623/2226
f 3449/4626/2229 3448/4627/2230 3587/4628/2231 3586/4629/2232
f 3448/4630/2230 3447/4621/2224 3588/4631/2233 3587/4632/2231
f 3451/4611/2218 3450/4633/2234 3455/4634/2235 3454/4635/2236
f 3450/4636/2234 3449/4626/2229 3456/4637/2237 3455/4638/2235
f 3459/4639/2238 3458/4640/2239 3464/4641/2240 3463/4619/2223
f 3458/4640/2239 3457/4642/2241 3465/4643/2242 3464/4641/2240
f 3461/4617/2222 3460/4644/2243 3605/4645/2244 3604/4646/2245
f 3460/4644/2243 3467/4647/2246 3606/4648/2247 3605/4645/2244
f 3467/4647/2246 3466/4649/2248 3473/4650/2249 3472/4651/2250
f 3466/4652/2248 3465/4643/2242 3474/4653/2251 3473/4654/2249
f 3470/4655/2252 3469/4656/2253 3475/4657/2254 3474/4653/2251
f 3469/4656/2253 3468/4658/2255 3476/4659/2256 3475/4657/2254
f 3472/4651/2250 3471/4660/2257 3609/4661/2258 3608/4662/2259
f 3471/4660/2257 3478/4663/2260 3610/4664/2261 3609/4661/2258
f 3478/4663/2260 3477/4665/2262 3484/4666/2263 3483/4667/2264
f 3477/4668/2262 3476/4659/2256 3485/4669/2265 3484/4670/2263
f 3481/4671/2266 3480/4672/2267 3486/4673/2268 3485/4669/2265
f 3480/4672/2267 3479/4674/2269 3487/4675/2270 3486/4673/2268
f 3483/4667/2264 3482/4676/2271 3614/4677/2272 3613/4678/2273
f 3482/4676/2271 3489/4679/2274 3615/4680/2275 3614/4677/2272
f 3489/4679/2274 3488/4681/2276 3495/4682/2277 3494/4683/2278
f 3488/4684/2276 3487/4675/2270 3496/4685/2279 3495/4686/2277
f 3492/4687/2280 3491/4688/2281 3497/4689/2282 3496/4685/2279
f 3491/4688/2281 3490/4690/2283 3498/4691/2284 3497/4689/2282
f 3494/4683/2278 3493/4692/2285 3620/4693/2286 3619/4694/2287
f 3493/4692/2285 3500/4695/2288 3621/4696/2289 3620/4693/2286
f 3500/4695/2288 3499/4697/2290 3506/4698/2291 3505/4699/2292
f 3499/4700/2290 3498/4691/2284 3507/4701/2293 3506/4702/2291
f 3503/4703/2294 3502/4704/2295 3508/4705/2296 3507/4701/2293
f 3502/4704/2295 3501/4706/2297 3509/4707/2298 3508/4705/2296
f 3505/4699/2292 3504/4708/2299 3626/4709/2300 3625/4710/2301
f 3504/4708/2299 3511/4711/2302 3627/4712/2303 3626/4709/2300
f 3511/4711/2302 3510/4713/2304 3517/4714/2305 3516/4715/2306
f 3510/4716/2304 3509/4707/2298 3518/4717/2307 3517/4718/2305
f 3514/4719/2308 3513/4720/2309 3519/4721/2310 3518/4717/2307
f 3513/4720/2309 3512/4722/2311 3520/4723/2312 3519/4721/2310
f 3516/4715/2306 3515/4724/2313 3632/4725/2314 3631/4726/2315
f 3515/4724/2313 3522/4727/2316 3633/4728/2317 3632/4725/2314
f 3522/4727/2316 3521/4729/2318 3528/4730/2319 3527/4731/2320
f 3521/4732/2318 3520/4723/2312 3529/4733/2321 3528/4734/2319
f 3525/4735/2322 3524/4736/2323 3530/4737/2324 3529/4733/2321
f 3524/4738/2323 3523/4739/2325 3531/4740/2326 3530/4741/2324
f 3527/4731/2320 3526/4742/2327 3640/4743/2328 3639/4744/2329
f 3526/4742/2327 3533/4745/2330 3641/4746/2331 3640/4743/2328
f 3533/4745/2330 3532/4747/2332 3539/4748/2333 3538/4749/2334
f 3532/4750/2332 3531/4740/2326 3540/4751/2335 3539/4752/2333
f 3536/4753/2336 3535/4754/2337 3541/4755/2338 3540/4751/2335
f 3535/4754/2337 3534/4756/2339 3542/4757/2340 3541/4755/2338
f 3538/4749/2334 3537/4758/2341 3644/4759/2342 3643/4760/2343
f 3537/4758/2341 3544/4761/2344 3645/4762/2345 3644/4759/2342
f 3544/4761/2344 3543/4763/2346 3550/4764/2347 3549/4765/2348
f 3543/4766/2346 3542/4757/2340 3551/4767/2349 3550/4768/2347
f 3547/4769/2350 3546/4770/2351 3552/4771/2352 3551/4767/2349
f 3546/4770/2351 3545/4772/2353 3553/4773/2354 3552/4771/2352
f 3549/4765/2348 3548/4774/2355 3650/4775/2356 3649/4776/2357
f 3548/4774/2355 3555/4777/2358 3651/4778/2359 3650/4775/2356
f 3555/4777/2358 3554/4779/2360 3561/4780/2361 3560/4781/2362
f 3554/4782/2360 3553/4773/2354 3562/4783/2363 3561/4784/2361
f 3558/4785/2364 3557/4786/2365 3563/4787/2366 3562/4783/2363
f 3557/4786/2365 3556/4788/2367 3564/4789/2368 3563/4787/2366
f 3560/4781/2362 3559/4790/2369 3655/4791/2370 3654/4792/2371
f 3559/4790/2369 3566/4793/2372 3656/4794/2373 3655/4791/2370
f 3566/4793/2372 3565/4795/2374 3572/4796/2375 3571/4797/2376
f 3565/4798/2374 3564/4789/2368 3573/4799/2377 3572/4800/2375
f 3569/4801/2378 3568/4802/2379 3574/4803/2380 3573/4799/2377
f 3568/4802/2379 3567/4804/2381 3575/4805/2382 3574/4803/2380
f 3571/4797/2376 3570/4806/2383 3660/4807/2384 3659/4808/2385
f 3570/4806/2383 3577/4809/2386 3661/4810/2387 3660/4807/2384
f 3577/4809/2386 3576/4811/2388 3583/4812/2389 3582/4813/2390
f 3576/4814/2388 3575/4805/2382 3584/4815/2391 3583/4816/2389
f 3580/4817/2392 3579/4818/2393 3585/4819/2394 3584/4815/2391
f 3579/4818/2393 3578/4820/2395 3586/4629/2232 3585/4819/2394
f 3582/4813/2390 3581/4821/2396 3665/4822/2397 3664/4823/2398
f 3581/4821/2396 3588/4631/2233 3666/4824/2399 3665/4822/2397
f 3590/4606/2213 3589/4825/2400 3599/4826/2401 3598/4625/2228
f 3589/4825/2400 3594/4827/2402 3600/4828/2403 3599/4826/2401
f 3594/4827/2402 3593/4829/2404 3603/4830/2405 3602/4831/2406
f 3593/4829/2404 3592/4608/2215 3604/4646/2245 3603/4830/2405
f 3596/4624/2227 3595/4832/2407 3667/4833/2408 3666/4824/2399
f 3595/4832/2407 3600/4828/2403 3668/4834/2409 3667/4833/2408
f 3601/4835/2410 3606/4648/2247 3608/4662/2259 3607/4836/2411
f 3611/4837/2412 3610/4664/2261 3613/4678/2273 3612/4838/2413
f 3616/4839/2414 3615/4680/2275 3619/4694/2287 3618/4840/2415
f 3622/4841/2416 3621/4696/2289 3625/4710/2301 3624/4842/2417
f 3629/4843/2418 3628/4844/2419 3630/4845/2420 3635/4846/2421
f 3628/4844/2419 3627/4712/2303 3631/4726/2315 3630/4845/2420
f 3635/4846/2421 3634/4847/2422 3638/4848/2423 3637/4849/2424
f 3634/4847/2422 3633/4728/2317 3639/4744/2329 3638/4848/2423
f 3637/4849/2424 3636/4850/2425 3642/4851/2426 3647/4852/2427
f 3636/4850/2425 3641/4746/2331 3643/4760/2343 3642/4851/2426
f 3646/4853/2428 3645/4762/2345 3649/4776/2357 3648/4854/2429
f 3652/4855/2430 3651/4778/2359 3654/4792/2371 3653/4856/2431
f 3623/4857/2432 3657/4858/2433 3658/4859/2434 3617/4860/2435
f 3657/4858/2433 3656/4794/2373 3659/4808/2385 3658/4859/2434
f 3617/4860/2435 3662/4861/2436 3663/4862/2437 3668/4834/2409
f 3662/4861/2436 3661/4810/2387 3664/4823/2398 3663/4862/2437
f 3671/4863/2438 3670/4864/2439 3676/4865/2440 3675/4866/2441
f 3670/4864/2439 3669/4867/2442 3677/4868/2443 3676/4865/2440
f 3673/4869/2444 3672/4870/2445 3882/4871/2446 3881/4872/2447
f 3672/4870/2445 3679/4873/2448 3883/4874/2449 3882/4871/2446
f 3675/4866/2441 3674/4875/2450 3686/4876/2451 3685/4877/2452
f 3674/4878/2450 3673/4869/2444 3687/4879/2453 3686/4880/2451
f 3679/4873/2448 3678/4881/2454 3696/4882/2455 3695/4883/2456
f 3678/4884/2454 3677/4868/2443 3697/4885/2457 3696/4886/2455
f 3681/4887/2458 3680/4888/2459 3886/4889/2460 3885/4890/2461
f 3680/4888/2459 3687/4879/2453 3887/4891/2462 3886/4889/2460
f 3683/4892/2463 3682/4893/2464 3876/4894/2465 3875/4895/2466
f 3682/4896/2464 3681/4887/2458 3877/4897/2467 3876/4898/2465
f 3685/4877/2452 3684/4899/2468 3689/4900/2469 3688/4901/2470
f 3684/4899/2468 3683/4892/2463 3690/4902/2471 3689/4900/2469
f 3693/4903/2472 3692/4904/2473 3698/4905/2474 3697/4885/2457
f 3692/4904/2473 3691/4906/2475 3699/4907/2476 3698/4905/2474
f 3695/4883/2456 3694/4908/2477 3892/4909/2478 3891/4910/2479
f 3694/4908/2477 3701/4911/2480 3893/4912/2481 3892/4909/2478
f 3701/4911/2480 3700/4913/2482 3707/4914/2483 3706/4915/2484
f 3700/4916/2482 3699/4907/2476 3708/4917/2485 3707/4918/2483
f 3704/4919/2486 3703/4920/2487 3709/4921/2488 3708/4917/2485
f 3703/4920/2487 3702/4922/2489 3710/4923/2490 3709/4921/2488
f 3706/4915/2484 3705/4924/2491 3898/4925/2492 3897/4926/2493
f 3705/4924/2491 3712/4927/2494 3899/4928/2495 3898/4925/2492
f 3712/4927/2494 3711/4929/2496 3718/4930/2497 3717/4931/2498
f 3711/4932/2496 3710/4923/2490 3719/4933/2499 3718/4934/2497
f 3715/4935/2500 3714/4936/2501 3720/4937/2502 3719/4933/2499
f 3714/4936/2501 3713/4938/2503 3721/4939/2504 3720/4937/2502
f 3717/4931/2498 3716/4940/2505 3906/4941/2506 3905/4942/2507
f 3716/4940/2505 3723/4943/2508 3907/4944/2509 3906/4941/2506
f 3723/4943/2508 3722/4945/2510 3729/4946/2511 3728/4947/2512
f 3722/4948/2510 3721/4939/2504 3730/4949/2513 3729/4950/2511
f 3726/4951/2514 3725/4952/2515 3731/4953/2516 3730/4949/2513
f 3725/4952/2515 3724/4954/2517 3732/4955/2518 3731/4953/2516
f 3728/4947/2512 3727/4956/2519 3912/4957/2520 3911/4958/2521
f 3727/4956/2519 3734/4959/2522 3913/4960/2523 3912/4957/2520
f 3734/4959/2522 3733/4961/2524 3740/4962/2525 3739/4963/2526
f 3733/4964/2524 3732/4955/2518 3741/4965/2527 3740/4966/2525
f 3737/4967/2528 3736/4968/2529 3742/4969/2530 3741/4965/2527
f 3736/4968/2529 3735/4970/2531 3743/4971/2532 3742/4969/2530
f 3739/4963/2526 3738/4972/2533 3920/4973/2534 3919/4974/2535
f 3738/4972/2533 3745/4975/2536 3921/4976/2537 3920/4973/2534
f 3745/4975/2536 3744/4977/2538 3751/4978/2539 3750/4979/2540
f 3744/4980/2538 3743/4971/2532 3752/4981/2541 3751/4982/2539
f 3748/4983/2542 3747/4984/2543 3753/4985/2544 3752/4981/2541
f 3747/4984/2543 3746/4986/2545 3754/4987/2546 3753/4985/2544
f 3750/4979/2540 3749/4988/2547 3924/4989/2548 3923/4990/2549
f 3749/4988/2547 3756/4991/2550 3925/4992/2551 3924/4989/2548
f 3756/4991/2550 3755/4993/2552 3762/4994/2553 3761/4995/2554
f 3755/4996/2552 3754/4987/2546 3763/4997/2555 3762/4998/2553
f 3759/4999/2556 3758/5000/2557 3764/5001/2558 3763/4997/2555
f 3758/5000/2557 3757/5002/2559 3765/5003/2560 3764/5001/2558
f 3761/4995/2554 3760/5004/2561 3930/5005/2562 3929/5006/2563
f 3760/5004/2561 3767/5007/2564 3931/5008/2565 3930/5005/2562
f 3767/5007/2564 3766/5009/2566 3773/5010/2567 3772/5011/2568
f 3766/5012/2566 3765/5003/2560 3774/5013/2569 3773/5014/2567
f 3770/5015/2570 3769/5016/2571 3775/5017/2572 3774/5013/2569
f 3769/5016/2571 3768/5018/2573 3776/5019/2574 3775/5017/2572
f 3772/5011/2568 3771/5020/2575 3936/5021/2576 3935/5022/2577
f 3771/5020/2575 3778/5023/2578 3937/5024/2579 3936/5021/2576
f 3778/5023/2578 3777/5025/2580 3784/5026/2581 3783/5027/2582
f 3777/5028/2580 3776/5019/2574 3785/5029/2583 3784/5030/2581
f 3781/5031/2584 3780/5032/2585 3786/5033/2586 3785/5029/2583
f 3780/5032/2585 3779/5034/2587 3787/5035/2588 3786/5033/2586
f 3783/5027/2582 3782/5036/2589 3942/5037/2590 3941/5038/2591
f 3782/5036/2589 3789/5039/2592 3943/5040/2593 3942/5037/2590
f 3789/5039/2592 3788/5041/2594 3795/5042/2595 3794/5043/2596
f 3788/5044/2594 3787/5035/2588 3796/5045/2597 3795/5046/2595
f 3792/5047/2598 3791/5048/2599 3797/5049/2600 3796/5045/2597
f 3791/5050/2599 3790/5051/2601 3798/5052/2602 3797/5053/2600
f 3794/5043/2596 3793/5054/2603 3950/5055/2604 3949/5056/2605
f 3793/5054/2603 3800/5057/2606 3951/5058/2607 3950/5055/2604
f 3800/5057/2606 3799/5059/2608 3806/5060/2609 3805/5061/2610
f 3799/5062/2608 3798/5052/2602 3807/5063/2611 3806/5064/2609
f 3803/5065/2612 3802/5066/2613 3808/5067/2614 3807/5063/2611
f 3802/5066/2613 3801/5068/2615 3809/5069/2616 3808/5067/2614
f 3805/5061/2610 3804/5070/2617 3954/5071/2618 3953/5072/2619
f 3804/5070/2617 3811/5073/2620 3955/5074/2621 3954/5071/2618
f 3811/5073/2620 3810/5075/2622 3817/5076/2623 3816/5077/2624
f 3810/5078/2622 3809/5069/2616 3818/5079/2625 3817/5080/2623
f 3814/5081/2626 3813/5082/2627 3819/5083/2628 3818/5079/2625
f 3813/5082/2627 3812/5084/2629 3820/5085/2630 3819/5083/2628
f 3816/5077/2624 3815/5086/2631 3959/5087/2632 3958/5088/2633
f 3815/5086/2631 3822/5089/2634 3960/5090/2635 3959/5087/2632
f 3822/5089/2634 3821/5091/2636 3828/5092/2637 3827/5093/2638
f 3821/5094/2636 3820/5085/2630 3829/5095/2639 3828/5096/2637
f 3825/5097/2640 3824/5098/2641 3830/5099/2642 3829/5095/2639
f 3824/5098/2641 3823/5100/2643 3831/5101/2644 3830/5099/2642
f 3827/5093/2638 3826/5102/2645 3965/5103/2646 3964/5104/2647
f 3826/5102/2645 3833/5105/2648 3966/5106/2649 3965/5103/2646
f 3833/5105/2648 3832/5107/2650 3839/5108/2651 3838/5109/2652
f 3832/5110/2650 3831/5101/2644 3840/5111/2653 3839/5112/2651
f 3836/5113/2654 3835/5114/2655 3841/5115/2656 3840/5111/2653
f 3835/5114/2655 3834/5116/2657 3842/5117/2658 3841/5115/2656
f 3838/5109/2652 3837/5118/2659 3970/5119/2660 3969/5120/2661
f 3837/5118/2659 3844/5121/2662 3971/5122/2663 3970/5119/2660
f 3844/5121/2662 3843/5123/2664 3850/5124/2665 3849/5125/2666
f 3843/5126/2664 3842/5117/2658 3851/5127/2667 3850/5128/2665
f 3847/5129/2668 3846/5130/2669 3852/5131/2670 3851/5127/2667
f 3846/5130/2669 3845/5132/2671 3853/5133/2672 3852/5131/2670
f 3849/5125/2666 3848/5134/2673 3975/5135/2674 3974/5136/2675
f 3848/5134/2673 3855/5137/2676 3976/5138/2677 3975/5135/2674
f 3855/5137/2676 3854/5139/2678 3861/5140/2679 3860/5141/2680
f 3854/5142/2678 3853/5133/2672 3862/5143/2681 3861/5144/2679
f 3858/5145/2682 3857/5146/2683 3863/5147/2684 3862/5143/2681
f 3857/5146/2683 3856/5148/2685 3864/5149/2686 3863/5147/2684
f 3860/5141/2680 3859/5150/2687 3980/5151/2688 3979/5152/2689
f 3859/5150/2687 3866/5153/2690 3981/5154/2691 3980/5151/2688
f 3866/5153/2690 3865/5155/2692 3872/5156/2693 3871/5157/2694
f 3865/5158/2692 3864/5149/2686 3873/5159/2695 3872/5160/2693
f 3869/5161/2696 3868/5162/2697 3874/5163/2698 3873/5159/2695
f 3868/5164/2697 3867/5165/2699 3875/4895/2466 3874/5166/2698
f 3871/5157/2694 3870/5167/2700 3986/5168/2701 3985/5169/2702
f 3870/5167/2700 3877/4897/2467 3987/5170/2703 3986/5168/2701
f 3879/5171/2704 3878/5172/2705 3890/5173/2706 3895/5174/2707
f 3878/5172/2705 3883/4874/2449 3891/4910/2479 3890/5173/2706
f 3881/4872/2447 3880/5175/2708 3888/5176/2709 3887/4891/2462
f 3880/5175/2708 3879/5171/2704 3889/5177/2710 3888/5176/2709
f 3885/4890/2461 3884/5178/2711 3988/5179/2712 3987/5170/2703
f 3884/5178/2711 3889/5177/2710 3901/5180/2713 3988/5179/2712
f 3894/5181/2714 3893/4912/2481 3897/4926/2493 3896/5182/2715
f 3900/5183/2716 3899/4928/2495 3905/4942/2507 3904/5184/2717
f 3902/5185/2718 3908/5186/2719 3910/5187/2720 3915/5188/2721
f 3908/5186/2719 3907/4944/2509 3911/4958/2521 3910/5187/2720
f 3915/5188/2721 3914/5189/2722 3918/5190/2723 3917/5191/2724
f 3914/5189/2722 3913/4960/2523 3919/4974/2535 3918/5190/2723
f 3916/5192/2725 3921/4976/2537 3923/4990/2549 3922/5193/2726
f 3926/5194/2727 3925/4992/2551 3929/5006/2563 3928/5195/2728
f 3932/5196/2729 3931/5008/2565 3935/5022/2577 3934/5197/2730
f 3938/5198/2731 3937/5024/2579 3941/5038/2591 3940/5199/2732
f 3945/5200/2733 3944/5201/2734 3948/5202/2735 3947/5203/2736
f 3944/5201/2734 3943/5040/2593 3949/5056/2605 3948/5202/2735
f 3947/5203/2736 3946/5204/2737 3952/5205/2738 3939/5206/2739
f 3946/5204/2737 3951/5058/2607 3953/5072/2619 3952/5205/2738
f 3939/5206/2739 3956/5207/2740 3957/5208/2741 3962/5209/2742
f 3956/5207/2740 3955/5074/2621 3958/5088/2633 3957/5208/2741
f 3962/5209/2742 3961/5210/2743 3963/5211/2744 3933/5212/2745
f 3961/5210/2743 3960/5090/2635 3964/5104/2647 3963/5211/2744
f 3933/5212/2745 3967/5213/2746 3968/5214/2747 3927/5215/2748
f 3967/5213/2746 3966/5106/2649 3969/5120/2661 3968/5214/2747
f 3972/5216/2749 3971/5122/2663 3974/5136/2675 3973/5217/2750
f 3977/5218/2751 3976/5138/2677 3979/5152/2689 3978/5219/2752
f 3983/5220/2753 3982/5221/2754 3984/5222/2755 3901/5180/2713
f 3982/5221/2754 3981/5154/2691 3985/5169/2702 3984/5222/2755
f 3991/5223/2756 3990/5224/2757 3996/5225/2758 3995/5226/2759
f 3990/5227/2757 3989/5228/2760 3997/5229/2761 3996/5230/2758
f 3993/5231/2762 3992/5232/2763 4114/5233/2764 4113/5234/2765
f 3992/5232/2763 3999/5235/2766 4115/5236/2767 4114/5233/2764
f 3995/5226/2759 3994/5237/2768 4006/5238/2769 4005/5239/2770
f 3994/5240/2768 3993/5231/2762 4007/5241/2771 4006/5242/2769
f 3999/5235/2766 3998/5243/2772 4016/5244/2773 4015/5245/2774
f 3998/5246/2772 3997/5229/2761 4017/5247/2775 4016/5248/2773
f 4001/5249/2776 4000/5250/2777 4118/5251/2778 4117/5252/2779
f 4000/5250/2777 4007/5241/2771 4119/5253/2780 4118/5251/2778
f 4003/5254/2781 4002/5255/2782 4108/5256/2783 4107/5257/2784
f 4002/5258/2782 4001/5249/2776 4109/5259/2785 4108/5260/2783
f 4005/5239/2770 4004/5261/2786 4009/5262/2787 4008/5263/2788
f 4004/5261/2786 4003/5254/2781 4010/5264/2789 4009/5262/2787
f 4013/5265/2790 4012/5266/2791 4018/5267/2792 4017/5247/2775
f 4012/5266/2791 4011/5268/2793 4019/5269/2794 4018/5267/2792
f 4015/5245/2774 4014/5270/2795 4124/5271/2796 4123/5272/2797
f 4014/5270/2795 4021/5273/2798 4125/5274/2799 4124/5271/2796
f 4021/5273/2798 4020/5275/2800 4027/5276/2801 4026/5277/2802
f 4020/5278/2800 4019/5269/2794 4028/5279/2803 4027/5280/2801
f 4024/5281/2804 4023/5282/2805 4029/5283/2806 4028/5279/2803
f 4023/5282/2805 4022/5284/2807 4030/5285/2808 4029/5283/2806
f 4026/5277/2802 4025/5286/2809 4130/5287/2810 4129/5288/2811
f 4025/5286/2809 4032/5289/2812 4131/5290/2813 4130/5287/2810
f 4032/5289/2812 4031/5291/2814 4038/5292/2815 4037/5293/2816
f 4031/5294/2814 4030/5285/2808 4039/5295/2817 4038/5296/2815
f 4035/5297/2818 4034/5298/2819 4040/5299/2820 4039/5295/2817
f 4034/5298/2819 4033/5300/2821 4041/5301/2822 4040/5299/2820
f 4037/5293/2816 4036/5302/2823 4136/5303/2824 4135/5304/2825
f 4036/5302/2823 4043/5305/2826 4137/5306/2827 4136/5303/2824
f 4043/5305/2826 4042/5307/2828 4049/5308/2829 4048/5309/2830
f 4042/5310/2828 4041/5301/2822 4050/5311/2831 4049/5312/2829
f 4046/5313/2832 4045/5314/2833 4051/5315/2834 4050/5311/2831
f 4045/5314/2833 4044/5316/2835 4052/5317/2836 4051/5315/2834
f 4048/5309/2830 4047/5318/2837 4144/5319/2838 4143/5320/2839
f 4047/5318/2837 4054/5321/2840 4145/5322/2841 4144/5319/2838
f 4054/5321/2840 4053/5323/2842 4060/5324/2843 4059/5325/2844
f 4053/5326/2842 4052/5317/2836 4061/5327/2845 4060/5328/2843
f 4057/5329/2846 4056/5330/2847 4062/5331/2848 4061/5327/2845
f 4056/5330/2847 4055/5332/2849 4063/5333/2850 4062/5331/2848
f 4059/5325/2844 4058/5334/2851 4148/5335/2852 4147/5336/2853
f 4058/5334/2851 4065/5337/2854 4149/5338/2855 4148/5335/2852
f 4065/5337/2854 4064/5339/2856 4071/5340/2857 4070/5341/2858
f 4064/5342/2856 4063/5333/2850 4072/5343/2859 4071/5344/2857
f 4068/5345/2860 4067/5346/2861 4073/5347/2862 4072/5343/2859
f 4067/5348/2861 4066/5349/2863 4074/5350/2864 4073/5351/2862
f 4070/5341/2858 4069/5352/2865 4156/5353/2866 4155/5354/2867
f 4069/5352/2865 4076/5355/2868 4157/5356/2869 4156/5353/2866
f 4076/5355/2868 4075/5357/2870 4082/5358/2871 4081/5359/2872
f 4075/5360/2870 4074/5350/2864 4083/5361/2873 4082/5362/2871
f 4079/5363/2874 4078/5364/2875 4084/5365/2876 4083/5361/2873
f 4078/5364/2875 4077/5366/2877 4085/5367/2878 4084/5365/2876
f 4081/5359/2872 4080/5368/2879 4160/5369/2880 4159/5370/2881
f 4080/5368/2879 4087/5371/2882 4161/5372/2883 4160/5369/2880
f 4087/5371/2882 4086/5373/2884 4093/5374/2885 4092/5375/2886
f 4086/5376/2884 4085/5367/2878 4094/5377/2887 4093/5378/2885
f 4090/5379/2888 4089/5380/2889 4095/5381/2890 4094/5377/2887
f 4089/5380/2889 4088/5382/2891 4096/5383/2892 4095/5381/2890
f 4092/5375/2886 4091/5384/2893 4166/5385/2894 4165/5386/2895
f 4091/5384/2893 4098/5387/2896 4167/5388/2897 4166/5385/2894
f 4098/5387/2896 4097/5389/2898 4104/5390/2899 4103/5391/2900
f 4097/5392/2898 4096/5383/2892 4105/5393/2901 4104/5394/2899
f 4101/5395/2902 4100/5396/2903 4106/5397/2904 4105/5393/2901
f 4100/5396/2903 4099/5398/2905 4107/5257/2784 4106/5397/2904
f 4103/5391/2900 4102/5399/2906 4171/5400/2907 4170/5401/2908
f 4102/5399/2906 4109/5259/2785 4172/5402/2909 4171/5400/2907
f 4111/5403/2910 4110/5404/2911 4122/5405/2912 4127/5406/2913
f 4110/5404/2911 4115/5236/2767 4123/5272/2797 4122/5405/2912
f 4113/5234/2765 4112/5407/2914 4120/5408/2915 4119/5253/2780
f 4112/5407/2914 4111/5403/2910 4121/5409/2916 4120/5408/2915
f 4117/5252/2779 4116/5410/2917 4173/5411/2918 4172/5402/2909
f 4116/5410/2917 4121/5409/2916 4133/5412/2919 4173/5411/2918
f 4126/5413/2920 4125/5274/2799 4129/5288/2811 4128/5414/2921
f 4132/5415/2922 4131/5290/2813 4135/5304/2825 4134/5416/2923
f 4138/5417/2924 4137/5306/2827 4143/5320/2839 4142/5418/2925
f 4141/5419/2926 4140/5420/2927 4146/5421/2928 4151/5422/2929
f 4140/5420/2927 4145/5322/2841 4147/5336/2853 4146/5421/2928
f 4151/5422/2929 4150/5423/2930 4154/5424/2931 4153/5425/2932
f 4150/5423/2930 4149/5338/2855 4155/5354/2867 4154/5424/2931
f 4153/5425/2932 4152/5426/2933 4158/5427/2934 4163/5428/2935
f 4152/5426/2933 4157/5356/2869 4159/5370/2881 4158/5427/2934
f 4162/5429/2936 4161/5372/2883 4165/5386/2895 4164/5430/2937
f 4168/5431/2938 4167/5388/2897 4170/5401/2908 4169/5432/2939
f 4176/5433/2940 4175/5434/2941 4181/5435/2942 4180/5436/2943
f 4175/5434/2941 4174/5437/2944 4182/5438/2945 4181/5435/2942
f 4178/5439/2946 4177/5440/2947 4330/5441/2948 4329/5442/2949
f 4177/5440/2947 4184/5443/2950 4331/5444/2951 4330/5441/2948
f 4180/5436/2943 4179/5445/2952 4191/5446/2953 4190/5447/2954
f 4179/5448/2952 4178/5439/2946 4192/5449/2955 4191/5450/2953
f 4184/5443/2950 4183/5451/2956 4201/5452/2957 4200/5453/2958
f 4183/5454/2956 4182/5438/2945 4202/5455/2959 4201/5456/2957
f 4186/5457/2960 4185/5458/2961 4336/5459/2962 4335/5460/2963
f 4185/5458/2961 4192/5449/2955 4337/5461/2964 4336/5459/2962
f 4188/5462/2965 4187/5463/2966 4293/5464/2967 4292/5465/2968
f 4187/5466/2966 4186/5457/2960 4294/5467/2969 4293/5468/2967
f 4190/5447/2954 4189/5469/2970 4194/5470/2971 4193/5471/2972
f 4189/5472/2970 4188/5462/2965 4195/5473/2973 4194/5474/2971
f 4198/5475/2974 4197/5476/2975 4203/5477/2976 4202/5455/2959
f 4197/5476/2975 4196/5478/2977 4204/5479/2978 4203/5477/2976
f 4200/5453/2958 4199/5480/2979 4344/5481/2980 4343/5482/2981
f 4199/5480/2979 4206/5483/2982 4345/5484/2983 4344/5481/2980
f 4206/5483/2982 4205/5485/2984 4212/5486/2985 4211/5487/2986
f 4205/5488/2984 4204/5479/2978 4213/5489/2987 4212/5490/2985
f 4209/5491/2988 4208/5492/2989 4214/5493/2990 4213/5489/2987
f 4208/5492/2989 4207/5494/2991 4215/5495/2992 4214/5493/2990
f 4211/5487/2986 4210/5496/2993 4348/5497/2994 4347/5498/2995
f 4210/5496/2993 4217/5499/2996 4349/5500/2997 4348/5497/2994
f 4217/5499/2996 4216/5501/2998 4223/5502/2999 4222/5503/3000
f 4216/5504/2998 4215/5495/2992 4224/5505/3001 4223/5506/2999
f 4220/5507/3002 4219/5508/3003 4225/5509/3004 4224/5505/3001
f 4219/5508/3003 4218/5510/3005 4226/5511/3006 4225/5509/3004
f 4222/5503/3000 4221/5512/3007 4356/5513/3008 4355/5514/3009
f 4221/5512/3007 4228/5515/3010 4357/5516/3011 4356/5513/3008
f 4228/5515/3010 4227/5517/3012 4234/5518/3013 4233/5519/3014
f 4227/5520/3012 4226/5511/3006 4235/5521/3015 4234/5522/3013
f 4231/5523/3016 4230/5524/3017 4236/5525/3018 4235/5521/3015
f 4230/5526/3017 4229/5527/3019 4237/5528/3020 4236/5529/3018
f 4233/5519/3014 4232/5530/3021 4360/5531/3022 4359/5532/3023
f 4232/5530/3021 4239/5533/3024 4361/5534/3025 4360/5531/3022
f 4239/5533/3024 4238/5535/3026 4245/5536/3027 4244/5537/3028
f 4238/5538/3026 4237/5528/3020 4246/5539/3029 4245/5540/3027
f 4242/5541/3030 4241/5542/3031 4247/5543/3032 4246/5539/3029
f 4241/5542/3031 4240/5544/3033 4248/5545/3034 4247/5543/3032
f 4244/5537/3028 4243/5546/3035 4366/5547/3036 4365/5548/3037
f 4243/5546/3035 4250/5549/3038 4367/5550/3039 4366/5547/3036
f 4250/5549/3038 4249/5551/3040 4256/5552/3041 4255/5553/3042
f 4249/5554/3040 4248/5545/3034 4257/5555/3043 4256/5556/3041
f 4253/5557/3044 4252/5558/3045 4258/5559/3046 4257/5555/3043
f 4252/5558/3045 4251/5560/3047 4259/5561/3048 4258/5559/3046
f 4255/5553/3042 4254/5562/3049 4373/5563/3050 4372/5564/3051
f 4254/5562/3049 4261/5565/3052 4374/5566/3053 4373/5563/3050
f 4261/5565/3052 4260/5567/3054 4267/5568/3055 4266/5569/3056
f 4260/5570/3054 4259/5561/3048 4268/5571/3057 4267/5572/3055
f 4264/5573/3058 4263/5574/3059 4269/5575/3060 4268/5571/3057
f 4263/5574/3059 4262/5576/3061 4270/5577/3062 4269/5575/3060
f 4266/5569/3056 4265/5578/3063 4377/5579/3064 4376/5580/3065
f 4265/5578/3063 4272/5581/3066 4378/5582/3067 4377/5579/3064
f 4272/5581/3066 4271/5583/3068 4278/5584/3069 4277/5585/3070
f 4271/5586/3068 4270/5577/3062 4279/5587/3071 4278/5588/3069
f 4275/5589/3072 4274/5590/3073 4280/5591/3074 4279/5587/3071
f 4274/5590/3073 4273/5592/3075 4281/5593/3076 4280/5591/3074
f 4277/5585/3070 4276/5594/3077 4383/5595/3078 4382/5596/3079
f 4276/5594/3077 4283/5597/3080 4384/5598/3081 4383/5595/3078
f 4283/5597/3080 4282/5599/3082 4289/5600/3083 4288/5601/3084
f 4282/5602/3082 4281/5593/3076 4290/5603/3085 4289/5604/3083
f 4286/5605/3086 4285/5606/3087 4291/5607/3088 4290/5603/3085
f 4285/5606/3087 4284/5608/3089 4292/5465/2968 4291/5607/3088
f 4288/5601/3084 4287/5609/3090 4388/5610/3091 4387/5611/3092
f 4287/5609/3090 4294/5467/2969 4389/5612/3093 4388/5610/3091
f 4297/5613/3094 4296/5614/3095 4302/5615/3096 4301/5616/3097
f 4296/5614/3095 4295/5617/3098 4303/5618/3099 4302/5615/3096
f 4299/5619/3100 4298/5620/3101 4395/5621/3102 4394/5622/3103
f 4298/5620/3101 4305/5623/3104 4396/5624/3105 4395/5621/3102
f 4301/5616/3097 4300/5625/3106 4312/5626/3107 4311/5627/3108
f 4300/5628/3106 4299/5619/3100 4313/5629/3109 4312/5630/3107
f 4305/5623/3104 4304/5631/3110 4322/5632/3111 4321/5633/3112
f 4304/5634/3110 4303/5618/3099 4323/5635/3113 4322/5636/3111
f 4307/5637/3114 4306/5638/3115 4402/5639/3116 4401/5640/3117
f 4306/5638/3115 4313/5629/3109 4403/5641/3118 4402/5639/3116
f 4309/5642/3119 4308/5643/3120 4326/5644/3121 4325/5645/3122
f 4308/5646/3120 4307/5637/3114 4327/5647/3123 4326/5648/3121
f 4311/5627/3108 4310/5649/3124 4315/5650/3125 4314/5651/3126
f 4310/5649/3124 4309/5642/3119 4316/5652/3127 4315/5650/3125
f 4319/5653/3128 4318/5654/3129 4324/5655/3130 4323/5635/3113
f 4318/5654/3129 4317/5656/3131 4325/5645/3122 4324/5655/3130
f 4321/5633/3112 4320/5657/3132 4407/5658/3133 4406/5659/3134
f 4320/5657/3132 4327/5647/3123 4408/5660/3135 4407/5658/3133
f 4329/5442/2949 4328/5661/3136 4338/5662/3137 4337/5461/2964
f 4328/5661/3136 4333/5663/3138 4339/5664/3139 4338/5662/3137
f 4333/5663/3138 4332/5665/3140 4342/5666/3141 4341/5667/3142
f 4332/5665/3140 4331/5444/2951 4343/5482/2981 4342/5666/3141
f 4335/5460/2963 4334/5668/3143 4390/5669/3144 4389/5612/3093
f 4334/5668/3143 4339/5664/3139 4391/5670/3145 4390/5669/3144
f 4340/5671/3146 4345/5484/2983 4347/5498/2995 4346/5672/3147
f 4350/5673/3148 4349/5500/2997 4355/5514/3009 4354/5674/3149
f 4353/5675/3150 4352/5676/3151 4358/5677/3152 4363/5678/3153
f 4352/5676/3151 4357/5516/3011 4359/5532/3023 4358/5677/3152
f 4362/5679/3154 4361/5534/3025 4365/5548/3037 4364/5680/3155
f 4368/5681/3156 4367/5550/3039 4372/5564/3051 4371/5682/3157
f 4370/5683/3158 4369/5684/3159 4375/5685/3160 4380/5686/3161
f 4369/5684/3159 4374/5566/3053 4376/5580/3065 4375/5685/3160
f 4379/5687/3162 4378/5582/3067 4382/5596/3079 4381/5688/3163
f 4385/5689/3164 4384/5598/3081 4387/5611/3092 4386/5690/3165
f 4394/5622/3103 4393/5691/3166 4404/5692/3167 4403/5641/3118
f 4397/5693/3168 4396/5624/3105 4406/5659/3134 4405/5694/3169
f 4401/5640/3117 4400/5695/3170 4409/5696/3171 4408/5660/3135
f 4412/5697/3172 4411/5698/3173 4414/5699/3174 4413/5700/3175
f 4411/5698/3173 4410/5701/3176 4415/5702/3177 4414/5699/3174
f 4418/5703/3178 4417/5704/3179 4420/5705/3180 4419/5706/3181
f 4417/5707/3179 4416/5708/3182 4421/5709/3183 4420/5710/3180
f 4424/5711/3184 4423/5712/3185 4426/5713/3186 4425/5714/3187
f 4423/5712/3185 4422/5715/3188 4427/5716/3189 4426/5713/3186
f 4430/5717/3190 4429/5718/3191 4432/5719/3192 4431/5720/3193
f 4429/5718/3191 4428/5721/3194 4433/5722/3195 4432/5719/3192
f 4879/5723/3196 4880/5724/3196 4878/5725/3196 4877/5726/3196
f 4880/5724/3197 4434/5727/3197 4435/5728/3197 4878/5725/3197
f 4438/5729/3198 4437/5730/3199 4440/5731/3200 4439/5732/3201
f 4437/5730/3199 4436/5733/3202 4441/5734/3203 4440/5731/3200
f 4444/5735/3204 4443/5736/3205 4446/5737/3206 4445/5738/3207
f 4443/5736/3205 4442/5739/3208 4447/5740/3209 4446/5737/3206
f 4450/5741/3210 4449/5742/3211 4452/5743/3212 4451/5744/3213
f 4449/5742/3211 4448/5745/3214 4453/5746/3215 4452/5743/3212
f 4456/5747/3216 4455/5748/3217 4458/5749/3218 4457/5750/3219
f 4455/5748/3217 4454/5751/3220 4459/5752/3221 4458/5749/3218
f 4462/5753/3222 4461/5754/3223 4464/5755/3224 4463/5756/3225
f 4461/5757/3223 4460/5758/3226 4465/5759/3227 4464/5760/3224
f 4468/5761/3228 4467/5762/3229 4470/5763/3230 4469/5764/3231
f 4467/5762/3229 4466/5765/3232 4471/5766/3233 4470/5763/3230
f 4474/5767/3234 4473/5768/3235 4476/5769/3236 4475/5770/3237
f 4473/5768/3235 4472/5771/3238 4477/5772/3239 4476/5769/3236
f 4480/5773/3240 4479/5774/3241 4482/5775/3242 4481/5776/3243
f 4479/5774/3241 4478/5777/3244 4483/5778/3245 4482/5775/3242
f 4486/5779/3246 4485/5780/3247 4488/5781/3248 4487/5782/3249
f 4485/5780/3247 4484/5783/3250 4489/5784/3251 4488/5781/3248
f 4492/5785/3252 4491/5786/3253 4494/5787/3254 4493/5788/3255
f 4491/5786/3253 4490/5789/3256 4495/5790/3257 4494/5787/3254
f 4498/5791/3258 4497/5792/3259 4500/5793/3260 4499/5794/3261
f 4497/5792/3259 4496/5795/3262 4501/5796/3263 4500/5793/3260
f 4504/5797/3264 4503/5798/3265 4506/5799/3266 4505/5800/3267
f 4503/5798/3265 4502/5801/3268 4507/5802/3269 4506/5799/3266
f 4510/5803/3270 4509/5804/3271 4512/5805/3272 4511/5806/3273
f 4509/5804/3271 4508/5807/3274 4513/5808/3275 4512/5805/3272
f 4515/5809/3276 4514/5810/3277 4524/5811/3278 4523/5812/3279
f 4514/5810/3277 4519/5813/3280 4525/5814/3281 4524/5811/3278
f 4519/5813/3280 4518/5815/3282 4526/5816/3283 4531/5817/3284
f 4518/5815/3282 4517/5818/3285 4527/5819/3286 4526/5816/3283
f 4521/5820/3287 4520/5821/3288 4612/5822/3289 4611/5823/3290
f 4520/5821/3288 4525/5814/3281 4613/5824/3291 4612/5822/3289
f 4531/5817/3284 4530/5825/3292 4532/5826/3293 4537/5827/3294
f 4530/5825/3292 4529/5828/3295 4533/5829/3296 4532/5826/3293
f 4542/5830/3297 4541/5831/3298 4545/5832/3299 4544/5833/3300
f 4548/5834/3301 4547/5835/3302 4551/5836/3303 4550/5837/3304
f 4555/5838/3305 4554/5839/3306 4556/5840/3307 4561/5841/3308
f 4554/5839/3306 4553/5842/3309 4557/5843/3310 4556/5840/3307
f 4561/5841/3308 4560/5844/3311 4564/5845/3312 4563/5846/3313
f 4560/5844/3311 4559/5847/3314 4565/5848/3315 4564/5845/3312
f 4563/5846/3313 4562/5849/3316 4568/5850/3317 4555/5838/3305
f 4562/5849/3316 4567/5851/3318 4569/5852/3319 4568/5850/3317
f 4555/5838/3305 4572/5853/3320 4573/5854/3321 4549/5855/3322
f 4572/5853/3320 4571/5856/3323 4574/5857/3324 4573/5854/3321
f 4549/5855/3322 4577/5858/3325 4578/5859/3326 4543/5860/3327
f 4577/5858/3325 4576/5861/3328 4579/5862/3329 4578/5859/3326
f 4543/5860/3327 4582/5863/3330 4583/5864/3331 4588/5865/3332
f 4582/5863/3330 4581/5866/3333 4584/5867/3334 4583/5864/3331
f 4588/5865/3332 4587/5868/3335 4589/5869/3336 4594/5870/3337
f 4587/5868/3335 4586/5871/3338 4590/5872/3339 4589/5869/3336
f 4593/5873/3340 4592/5874/3341 4596/5875/3342 4595/5876/3343
f 4599/5877/3344 4598/5878/3345 4602/5879/3346 4601/5880/3347
f 4606/5881/3348 4605/5882/3349 4608/5883/3350 4613/5824/3291
f 4605/5882/3349 4604/5884/3351 4609/5885/3352 4608/5883/3350
f 3116/4235/1886 3119/4259/1904 3102/4221/1872 3106/4224/1875
f 3108/4226/1877 3100/4225/1876 3124/4261/1906 3128/4243/1891
f 3130/4265/1910 3122/4264/1909 3135/4277/1920 3139/4275/1919
f 3141/4281/1924 3133/4280/1923 3146/4293/1934 3150/4291/1933
f 3152/4298/1938 3144/4297/1937 3157/4311/1948 3161/4309/1947
f 3163/4315/1952 3155/4314/1951 3168/4327/1962 3172/4325/1961
f 3174/4331/1966 3166/4330/1965 3179/4343/1976 3183/4341/1975
f 3185/4347/1980 3177/4346/1979 3190/4359/1990 3194/4357/1989
f 3196/4363/1994 3188/4362/1993 3201/4375/2004 3205/4373/2003
f 3207/4379/2008 3199/4378/2007 3212/4391/2018 3216/4389/2017
f 3218/4395/2022 3210/4394/2021 3223/4407/2032 3227/4405/2031
f 3229/4411/2036 3221/4410/2035 3234/4423/2046 3238/4421/2045
f 3240/4427/2050 3232/4426/2049 3245/4439/2060 3249/4437/2059
f 3251/4443/2064 3243/4442/2063 3256/4455/2074 3260/4453/2073
f 3262/4253/1900 3254/4459/2077 3121/4260/1905 3114/4250/1897
f 3281/4479/2096 3284/4503/2114 3267/4465/2082 3271/4468/2085
f 3273/4470/2087 3265/4469/2086 3289/4505/2116 3293/4487/2101
f 3295/4509/2120 3287/4508/2119 3300/4521/2130 3304/4519/2129
f 3306/4525/2134 3298/4524/2133 3311/4537/2144 3315/4535/2143
f 3317/4497/2110 3309/4540/2147 3286/4504/2115 3279/4494/2107
f 3118/4237/1887 3104/4227/1878 3321/4230/1881 3329/4249/1896
f 3110/4231/1882 3126/4241/1890 3333/4268/1913 3323/4232/1883
f 3132/4269/1914 3137/4273/1918 3339/4284/1927 3335/4270/1915
f 3143/4285/1928 3148/4289/1932 3345/4302/1941 3341/4286/1929
f 3154/4303/1942 3159/4307/1946 3351/4318/1955 3347/4304/1943
f 3165/4319/1956 3170/4323/1960 3357/4334/1969 3353/4320/1957
f 3176/4335/1970 3181/4339/1974 3363/4350/1983 3359/4336/1971
f 3187/4351/1984 3192/4355/1988 3369/4366/1997 3365/4352/1985
f 3198/4367/1998 3203/4371/2002 3375/4382/2011 3371/4368/1999
f 3209/4383/2012 3214/4387/2016 3381/4398/2025 3377/4384/2013
f 3220/4399/2026 3225/4403/2030 3386/4414/2039 3383/4400/2027
f 3231/4415/2040 3236/4419/2044 3391/4430/2053 3388/4416/2041
f 3242/4431/2054 3247/4435/2058 3396/4446/2067 3393/4432/2055
f 3253/4447/2068 3258/4451/2072 3404/4463/2080 3398/4448/2069
f 3264/4255/1901 3112/4245/1892 3327/4248/1895 3406/4464/2081
f 3283/4481/2097 3269/4471/2088 3411/4474/2091 3418/4493/2106
f 3275/4475/2092 3291/4485/2100 3421/4512/2123 3413/4476/2093
f 3297/4513/2124 3302/4517/2128 3426/4528/2137 3423/4514/2125
f 3308/4529/2138 3313/4533/2142 3431/4543/2150 3428/4530/2139
f 3319/4499/2111 3277/4489/2102 3416/4492/2105 3433/4544/2151
f 3402/4554/2161 3331/4548/2155 3400/4584/2191
f 3400/4584/2191 3331/4548/2155 4620/5886/3353
f 3331/4548/2155 3325/4547/2154 4622/5887/3354
f 3325/4547/2154 3337/4551/2158 4622/5887/3354
f 3337/4551/2158 4617/5888/3355 4622/5887/3354
f 3337/4551/2158 3343/4557/2164 4614/5889/3356 4619/5890/3357
f 3349/4560/2167 3355/4563/2170 3343/4557/2164
f 3355/4563/2170 4629/5891/3358 4634/5892/3359 3343/4557/2164
f 3343/4557/2164 4632/5893/3360 4625/5894/3361 4616/5895/3362
f 3379/4575/2182 4623/5896/3363 3409/5897/3364
f 3379/4575/2182 3409/5897/3364 3408/5898/3365 3373/4572/2179
f 3355/4563/2170 3361/4566/2173 4626/5899/3366 4631/5900/3367
f 3373/4572/2179 3408/5898/3365 3407/5901/3368 3367/4569/2176
f 3407/5901/3368 4628/5902/3369 3361/4566/2173 3367/4569/2176
f 3451/4611/2218 3454/4635/2236 3437/4597/2204 3441/4600/2207
f 3443/4602/2209 3435/4601/2208 3459/4639/2238 3463/4619/2223
f 3465/4643/2242 3457/4642/2241 3470/4655/2252 3474/4653/2251
f 3476/4659/2256 3468/4658/2255 3481/4671/2266 3485/4669/2265
f 3487/4675/2270 3479/4674/2269 3492/4687/2280 3496/4685/2279
f 3498/4691/2284 3490/4690/2283 3503/4703/2294 3507/4701/2293
f 3509/4707/2298 3501/4706/2297 3514/4719/2308 3518/4717/2307
f 3520/4723/2312 3512/4722/2311 3525/4735/2322 3529/4733/2321
f 3531/4740/2326 3523/4739/2325 3536/4753/2336 3540/4751/2335
f 3542/4757/2340 3534/4756/2339 3547/4769/2350 3551/4767/2349
f 3553/4773/2354 3545/4772/2353 3558/4785/2364 3562/4783/2363
f 3564/4789/2368 3556/4788/2367 3569/4801/2378 3573/4799/2377
f 3575/4805/2382 3567/4804/2381 3580/4817/2392 3584/4815/2391
f 3586/4629/2232 3578/4820/2395 3456/4637/2237 3449/4626/2229
f 3453/4613/2219 3439/4603/2210 3590/4606/2213 3598/4625/2228
f 3445/4607/2214 3461/4617/2222 3604/4646/2245 3592/4608/2215
f 3467/4647/2246 3472/4651/2250 3608/4662/2259 3606/4648/2247
f 3478/4663/2260 3483/4667/2264 3613/4678/2273 3610/4664/2261
f 3489/4679/2274 3494/4683/2278 3619/4694/2287 3615/4680/2275
f 3500/4695/2288 3505/4699/2292 3625/4710/2301 3621/4696/2289
f 3511/4711/2302 3516/4715/2306 3631/4726/2315 3627/4712/2303
f 3522/4727/2316 3527/4731/2320 3639/4744/2329 3633/4728/2317
f 3533/4745/2330 3538/4749/2334 3643/4760/2343 3641/4746/2331
f 3544/4761/2344 3549/4765/2348 3649/4776/2357 3645/4762/2345
f 3555/4777/2358 3560/4781/2362 3654/4792/2371 3651/4778/2359
f 3566/4793/2372 3571/4797/2376 3659/4808/2385 3656/4794/2373
f 3577/4809/2386 3582/4813/2390 3664/4823/2398 3661/4810/2387
f 3588/4631/2233 3447/4621/2224 3596/4624/2227 3666/4824/2399
f 3637/4849/2424 3647/4852/2427 3635/4846/2421
f 3647/4852/2427 4646/5903/3370 3629/4843/2418 3635/4846/2421
f 3629/4843/2418 3623/4857/2432 4641/5904/3371
f 3629/4843/2418 4644/5905/3372 3623/4857/2432
f 3623/4857/2432 3617/4860/2435 4638/5906/3373 4643/5907/3374
f 3617/4860/2435 3668/4834/2409 4640/5908/3375
f 4640/5908/3375 3668/4834/2409 4635/5909/3376
f 3668/4834/2409 3600/4828/2403 4635/5909/3376
f 3594/4827/2402 3602/4831/2406 4637/5910/3377 3600/4828/2403
f 3685/4877/2452 3688/4901/2470 3671/4863/2438 3675/4866/2441
f 3677/4868/2443 3669/4867/2442 3693/4903/2472 3697/4885/2457
f 3699/4907/2476 3691/4906/2475 3704/4919/2486 3708/4917/2485
f 3710/4923/2490 3702/4922/2489 3715/4935/2500 3719/4933/2499
f 3721/4939/2504 3713/4938/2503 3726/4951/2514 3730/4949/2513
f 3732/4955/2518 3724/4954/2517 3737/4967/2528 3741/4965/2527
f 3743/4971/2532 3735/4970/2531 3748/4983/2542 3752/4981/2541
f 3754/4987/2546 3746/4986/2545 3759/4999/2556 3763/4997/2555
f 3765/5003/2560 3757/5002/2559 3770/5015/2570 3774/5013/2569
f 3776/5019/2574 3768/5018/2573 3781/5031/2584 3785/5029/2583
f 3787/5035/2588 3779/5034/2587 3792/5047/2598 3796/5045/2597
f 3798/5052/2602 3790/5051/2601 3803/5065/2612 3807/5063/2611
f 3809/5069/2616 3801/5068/2615 3814/5081/2626 3818/5079/2625
f 3820/5085/2630 3812/5084/2629 3825/5097/2640 3829/5095/2639
f 3831/5101/2644 3823/5100/2643 3836/5113/2654 3840/5111/2653
f 3842/5117/2658 3834/5116/2657 3847/5129/2668 3851/5127/2667
f 3853/5133/2672 3845/5132/2671 3858/5145/2682 3862/5143/2681
f 3864/5149/2686 3856/5148/2685 3869/5161/2696 3873/5159/2695
f 3875/4895/2466 3867/5165/2699 3690/4902/2471 3683/4892/2463
f 3687/4879/2453 3673/4869/2444 3881/4872/2447 3887/4891/2462
f 3679/4873/2448 3695/4883/2456 3891/4910/2479 3883/4874/2449
f 3701/4911/2480 3706/4915/2484 3897/4926/2493 3893/4912/2481
f 3712/4927/2494 3717/4931/2498 3905/4942/2507 3899/4928/2495
f 3723/4943/2508 3728/4947/2512 3911/4958/2521 3907/4944/2509
f 3734/4959/2522 3739/4963/2526 3919/4974/2535 3913/4960/2523
f 3745/4975/2536 3750/4979/2540 3923/4990/2549 3921/4976/2537
f 3756/4991/2550 3761/4995/2554 3929/5006/2563 3925/4992/2551
f 3767/5007/2564 3772/5011/2568 3935/5022/2577 3931/5008/2565
f 3778/5023/2578 3783/5027/2582 3941/5038/2591 3937/5024/2579
f 3789/5039/2592 3794/5043/2596 3949/5056/2605 3943/5040/2593
f 3800/5057/2606 3805/5061/2610 3953/5072/2619 3951/5058/2607
f 3811/5073/2620 3816/5077/2624 3958/5088/2633 3955/5074/2621
f 3822/5089/2634 3827/5093/2638 3964/5104/2647 3960/5090/2635
f 3833/5105/2648 3838/5109/2652 3969/5120/2661 3966/5106/2649
f 3844/5121/2662 3849/5125/2666 3974/5136/2675 3971/5122/2663
f 3855/5137/2676 3860/5141/2680 3979/5152/2689 3976/5138/2677
f 3866/5153/2690 3871/5157/2694 3985/5169/2702 3981/5154/2691
f 3877/4897/2467 3681/4887/2458 3885/4890/2461 3987/5170/2703
f 3947/5203/2736 3939/5206/2739 3945/5200/2733
f 3945/5200/2733 3939/5206/2739 4656/5911/3378
f 3933/5212/2745 4653/5912/3379 3962/5209/2742
f 3939/5206/2739 3962/5209/2742 4658/5913/3380
f 3962/5209/2742 4653/5912/3379 4658/5913/3380
f 3933/5212/2745 3927/5215/2748 4650/5914/3381 4655/5915/3382
f 3927/5215/2748 4661/5916/3383 3915/5188/2721
f 3879/5171/2704 3895/5174/2707 3889/5177/2710
f 3895/5174/2707 4649/5917/3384 3889/5177/2710
f 3889/5177/2710 4649/5917/3384 3901/5180/2713
f 3901/5180/2713 4647/5918/3385 3903/5919/3386 3983/5220/2753
f 3915/5188/2721 4659/5920/3387 3902/5185/2718
f 3983/5220/2753 3903/5919/3386 4659/5920/3387
f 3903/5919/3386 3909/5921/3388 4659/5920/3387
f 3909/5921/3388 3902/5185/2718 4659/5920/3387
f 3915/5188/2721 3917/5191/2724 4652/5922/3389 3927/5215/2748
f 4005/5239/2770 4008/5263/2788 3991/5223/2756 3995/5226/2759
f 3997/5229/2761 3989/5228/2760 4013/5265/2790 4017/5247/2775
f 4019/5269/2794 4011/5268/2793 4024/5281/2804 4028/5279/2803
f 4030/5285/2808 4022/5284/2807 4035/5297/2818 4039/5295/2817
f 4041/5301/2822 4033/5300/2821 4046/5313/2832 4050/5311/2831
f 4052/5317/2836 4044/5316/2835 4057/5329/2846 4061/5327/2845
f 4063/5333/2850 4055/5332/2849 4068/5345/2860 4072/5343/2859
f 4074/5350/2864 4066/5349/2863 4079/5363/2874 4083/5361/2873
f 4085/5367/2878 4077/5366/2877 4090/5379/2888 4094/5377/2887
f 4096/5383/2892 4088/5382/2891 4101/5395/2902 4105/5393/2901
f 4107/5257/2784 4099/5398/2905 4010/5264/2789 4003/5254/2781
f 4007/5241/2771 3993/5231/2762 4113/5234/2765 4119/5253/2780
f 3999/5235/2766 4015/5245/2774 4123/5272/2797 4115/5236/2767
f 4021/5273/2798 4026/5277/2802 4129/5288/2811 4125/5274/2799
f 4032/5289/2812 4037/5293/2816 4135/5304/2825 4131/5290/2813
f 4043/5305/2826 4048/5309/2830 4143/5320/2839 4137/5306/2827
f 4054/5321/2840 4059/5325/2844 4147/5336/2853 4145/5322/2841
f 4065/5337/2854 4070/5341/2858 4155/5354/2867 4149/5338/2855
f 4076/5355/2868 4081/5359/2872 4159/5370/2881 4157/5356/2869
f 4087/5371/2882 4092/5375/2886 4165/5386/2895 4161/5372/2883
f 4098/5387/2896 4103/5391/2900 4170/5401/2908 4167/5388/2897
f 4109/5259/2785 4001/5249/2776 4117/5252/2779 4172/5402/2909
f 4139/5923/69 4153/5425/2932 4163/5428/2935 4670/5924/3390
f 4111/5403/2910 4127/5406/2913 4121/5409/2916
f 4127/5406/2913 4664/5925/3391 4133/5412/2919 4121/5409/2916
f 4133/5412/2919 4139/5923/69 4668/5926/3392
f 4133/5412/2919 4662/5927/3393 4667/5928/3394 4139/5923/69
f 4139/5923/69 4665/5929/3395 4141/5419/2926 4151/5422/2929
f 4190/5447/2954 4193/5471/2972 4176/5433/2940 4180/5436/2943
f 4182/5438/2945 4174/5437/2944 4198/5475/2974 4202/5455/2959
f 4204/5479/2978 4196/5478/2977 4209/5491/2988 4213/5489/2987
f 4215/5495/2992 4207/5494/2991 4220/5507/3002 4224/5505/3001
f 4226/5511/3006 4218/5510/3005 4231/5523/3016 4235/5521/3015
f 4237/5528/3020 4229/5527/3019 4242/5541/3030 4246/5539/3029
f 4248/5545/3034 4240/5544/3033 4253/5557/3044 4257/5555/3043
f 4259/5561/3048 4251/5560/3047 4264/5573/3058 4268/5571/3057
f 4270/5577/3062 4262/5576/3061 4275/5589/3072 4279/5587/3071
f 4281/5593/3076 4273/5592/3075 4286/5605/3086 4290/5603/3085
f 4292/5465/2968 4284/5608/3089 4195/5473/2973 4188/5462/2965
f 4311/5627/3108 4314/5651/3126 4297/5613/3094 4301/5616/3097
f 4303/5618/3099 4295/5617/3098 4319/5653/3128 4323/5635/3113
f 4325/5645/3122 4317/5656/3131 4316/5652/3127 4309/5642/3119
f 4192/5449/2955 4178/5439/2946 4329/5442/2949 4337/5461/2964
f 4184/5443/2950 4200/5453/2958 4343/5482/2981 4331/5444/2951
f 4206/5483/2982 4211/5487/2986 4347/5498/2995 4345/5484/2983
f 4217/5499/2996 4222/5503/3000 4355/5514/3009 4349/5500/2997
f 4228/5515/3010 4233/5519/3014 4359/5532/3023 4357/5516/3011
f 4239/5533/3024 4244/5537/3028 4365/5548/3037 4361/5534/3025
f 4250/5549/3038 4255/5553/3042 4372/5564/3051 4367/5550/3039
f 4261/5565/3052 4266/5569/3056 4376/5580/3065 4374/5566/3053
f 4272/5581/3066 4277/5585/3070 4382/5596/3079 4378/5582/3067
f 4283/5597/3080 4288/5601/3084 4387/5611/3092 4384/5598/3081
f 4294/5467/2969 4186/5457/2960 4335/5460/2963 4389/5612/3093
f 4313/5629/3109 4299/5619/3100 4394/5622/3103 4403/5641/3118
f 4305/5623/3104 4321/5633/3112 4406/5659/3134 4396/5624/3105
f 4327/5647/3123 4307/5637/3114 4401/5640/3117 4408/5660/3135
f 4353/5675/3150 4363/5678/3153 4351/5930/83 4671/5931/3396
f 4363/5678/3153 4676/5932/3397 4351/5930/83
f 4341/5667/3142 4673/5933/3398 4351/5930/83 4333/5663/3138
f 4333/5663/3138 4351/5930/83 4398/5934/3399 4685/5935/3400
f 4333/5663/3138 4683/5936/3401 4682/5937/3402 4339/5664/3139
f 4391/5670/3145 4351/5930/83 4677/5938/3403
f 4391/5670/3145 4680/5939/3404 4392/5940/3405 4351/5930/83
f 4351/5930/83 4380/5686/3161 4679/5941/3406
f 4351/5930/83 4674/5942/3407 4370/5683/3158 4380/5686/3161
f 4421/5709/3183 4416/5708/3182 4412/5697/3172 4413/5700/3175
f 4415/5702/3177 4410/5701/3176 4424/5711/3184 4425/5714/3187
f 4427/5716/3189 4422/5715/3188 4430/5717/3190 4431/5720/3193
f 4433/5943/3408 4428/5944/3408 4879/5723/3408 4877/5726/3408
f 4435/5728/3409 4434/5727/3409 4438/5729/3198 4439/5732/3201
f 4441/5734/3203 4436/5733/3202 4444/5735/3204 4445/5738/3207
f 4447/5740/3209 4442/5739/3208 4450/5741/3210 4451/5744/3213
f 4453/5746/3215 4448/5745/3214 4456/5747/3216 4457/5750/3219
f 4459/5752/3221 4454/5751/3220 4462/5753/3222 4463/5756/3225
f 4465/5759/3227 4460/5758/3226 4468/5761/3228 4469/5764/3231
f 4471/5766/3233 4466/5765/3232 4474/5767/3234 4475/5770/3237
f 4477/5772/3239 4472/5771/3238 4480/5773/3240 4481/5776/3243
f 4483/5778/3245 4478/5777/3244 4486/5779/3246 4487/5782/3249
f 4489/5784/3251 4484/5783/3250 4492/5785/3252 4493/5788/3255
f 4495/5790/3257 4490/5789/3256 4498/5791/3258 4499/5794/3261
f 4501/5796/3263 4496/5795/3262 4504/5797/3264 4505/5800/3267
f 4507/5802/3269 4502/5801/3268 4510/5803/3270 4511/5806/3273
f 4513/5808/3275 4508/5807/3274 4418/5703/3178 4419/5706/3181
f 4421/5945/3183 4413/5946/3175 4515/5809/3276 4523/5812/3279
f 4415/5947/3177 4425/5948/3187 4527/5819/3286 4517/5818/3285
f 4427/5949/3189 4431/5950/3193 4533/5829/3296 4529/5828/3295
f 4441/5951/3203 4445/5952/3207 4545/5832/3299 4541/5831/3298
f 4447/5953/3209 4451/5954/3213 4551/5836/3303 4547/5835/3302
f 4453/5955/3215 4457/5956/3219 4557/5843/3310 4553/5842/3309
f 4459/5957/3221 4463/5958/3225 4565/5848/3315 4559/5847/3314
f 4465/5959/3227 4469/5960/3231 4569/5852/3319 4567/5851/3318
f 4471/5961/3233 4475/5962/3237 4574/5857/3324 4571/5856/3323
f 4477/5963/3239 4481/5964/3243 4579/5862/3329 4576/5861/3328
f 4483/5965/3245 4487/5966/3249 4584/5867/3334 4581/5866/3333
f 4489/5967/3251 4493/5968/3255 4590/5872/3339 4586/5871/3338
f 4495/5969/3257 4499/5970/3261 4596/5875/3342 4592/5874/3341
f 4501/5971/3263 4505/5972/3267 4602/5879/3346 4598/5878/3345
f 4507/5973/3269 4511/5974/3273 4609/5885/3352 4604/5884/3351
f 4513/5975/3275 4419/5976/3181 4521/5820/3287 4611/5823/3290
f 4525/5814/3281 4519/5813/3280 4613/5824/3291
f 4613/5824/3291 4519/5813/3280 4606/5881/3348
f 4606/5881/3348 4519/5813/3280 4607/5977/3410
f 4607/5977/3410 4519/5813/3280 4600/5978/3411
f 4519/5813/3280 4531/5817/3284 4600/5978/3411
f 4537/5827/3294 4692/5979/3412 4600/5978/3411 4531/5817/3284
f 4537/5827/3294 4872/5980/3413 4594/5870/3337 4694/5981/3414
f 4563/5846/3313 4555/5838/3305 4561/5841/3308
f 4555/5838/3305 4549/5855/3322 4689/5982/3415
f 4549/5855/3322 4543/5860/3327 4686/5983/3416 4691/5984/3417
f 4588/5865/3332 4594/5870/3337 4543/5860/3327
f 4398/5934/3399 4351/5930/83 4399/5985/3418
f 4399/5985/3418 4351/5930/83 4392/5940/3405
f 3412/4473/2090 4867/5986/3419 3410/4587/2194 3411/4474/2091
f 3379/4575/2182 3378/4576/2183 3380/4577/2184 4616/5895/3362
f 4616/5895/3362 4615/5987/3420 3343/4557/2164
f 3343/4557/2164 4615/5987/3420 4614/5889/3356
f 3384/4578/2185 3385/4579/2186 4619/5890/3357 4614/5889/3356
f 4617/5888/3355 3337/4551/2158 4618/5988/3421
f 3337/4551/2158 4619/5890/3357 4618/5988/3421
f 3394/4582/2189 3395/4583/2190 3400/4584/2191 4620/5886/3353
f 3389/4580/2187 3390/4581/2188 4622/5887/3354 4617/5888/3355
f 4622/5887/3354 4621/5989/3422 3331/4548/2155
f 3331/4548/2155 4621/5989/3422 4620/5886/3353
f 3410/4587/2194 3409/5897/3364 4623/5896/3363 3419/4588/2195
f 4625/5894/3361 4624/5990/3423 3379/4575/2182
f 3379/4575/2182 4624/5990/3423 4623/5896/3363
f 3407/5901/3368 3414/4589/2196 3420/4590/2197 4628/5902/3369
f 4628/5902/3369 4627/5991/3424 3361/4566/2173
f 3361/4566/2173 4627/5991/3424 4626/5899/3366
f 3424/4593/2200 3425/4594/2201 4631/5900/3367 4626/5899/3366
f 4629/5891/3358 3355/4563/2170 4630/5992/3425
f 3355/4563/2170 4631/5900/3367 4630/5992/3425
f 3415/4591/2198 4625/5894/3361 4632/5893/3360 3434/4592/2199
f 3429/4595/2202 3430/4596/2203 4634/5892/3359 4629/5891/3358
f 4634/5892/3359 4633/5993/3426 3343/4557/2164
f 3343/4557/2164 4633/5993/3426 4632/5893/3360
f 3602/4831/2406 3601/4835/2410 3607/4836/2411 4637/5910/3377
f 4635/5909/3376 3600/4828/2403 4636/5994/3427
f 3600/4828/2403 4637/5910/3377 4636/5994/3427
f 3611/4837/2412 3612/4838/2413 4640/5908/3375 4635/5909/3376
f 4638/5906/3373 3617/4860/2435 4639/5995/3428
f 3617/4860/2435 4640/5908/3375 4639/5995/3428
f 3622/4841/2416 3624/4842/2417 3629/4843/2418 4641/5904/3371
f 3616/4839/2414 3618/4840/2415 4643/5907/3374 4638/5906/3373
f 4641/5904/3371 3623/4857/2432 4642/5996/3429
f 3623/4857/2432 4643/5907/3374 4642/5996/3429
f 3652/4855/2430 3653/4856/2431 3623/4857/2432 4644/5905/3372
f 3647/4852/2427 3646/4853/2428 3648/4854/2429 4646/5903/3370
f 4646/5903/3370 4645/5997/3430 3629/4843/2418
f 3629/4843/2418 4645/5997/3430 4644/5905/3372
f 3900/5183/2716 3904/5184/2717 3903/5919/3386 4647/5918/3385
f 3895/5174/2707 3894/5181/2714 3896/5182/2715 4649/5917/3384
f 4649/5917/3384 4648/5998/3431 3901/5180/2713
f 3901/5180/2713 4648/5998/3431 4647/5918/3385
f 3917/5191/2724 3916/5192/2725 3922/5193/2726 4652/5922/3389
f 4652/5922/3389 4651/5999/3432 3927/5215/2748
f 3927/5215/2748 4651/5999/3432 4650/5914/3381
f 3926/5194/2727 3928/5195/2728 4655/5915/3382 4650/5914/3381
f 4653/5912/3379 3933/5212/2745 4654/6000/3433
f 3933/5212/2745 4655/5915/3382 4654/6000/3433
f 3938/5198/2731 3940/5199/2732 3945/5200/2733 4656/5911/3378
f 3932/5196/2729 3934/5197/2730 4658/5913/3380 4653/5912/3379
f 4658/5913/3380 4657/6001/3434 3939/5206/2739
f 3939/5206/2739 4657/6001/3434 4656/5911/3378
f 3977/5218/2751 3978/5219/2752 3983/5220/2753 4659/5920/3387
f 3927/5215/2748 3972/5216/2749 3973/5217/2750 4661/5916/3383
f 4661/5916/3383 4660/6002/3435 3915/5188/2721
f 3915/5188/2721 4660/6002/3435 4659/5920/3387
f 4127/5406/2913 4126/5413/2920 4128/5414/2921 4664/5925/3391
f 4664/5925/3391 4663/6003/3436 4133/5412/2919
f 4133/5412/2919 4663/6003/3436 4662/5927/3393
f 4138/5417/2924 4142/5418/2925 4141/5419/2926 4665/5929/3395
f 4132/5415/2922 4134/5416/2923 4667/5928/3394 4662/5927/3393
f 4665/5929/3395 4139/5923/69 4666/6004/3437
f 4139/5923/69 4667/5928/3394 4666/6004/3437
f 4168/5431/2938 4169/5432/2939 4133/5412/2919 4668/5926/3392
f 4163/5428/2935 4162/5429/2936 4164/5430/2937 4670/5924/3390
f 4670/5924/3390 4669/6005/3438 4139/5923/69
f 4139/5923/69 4669/6005/3438 4668/5926/3392
f 4350/5673/3148 4354/5674/3149 4353/5675/3150 4671/5931/3396
f 4341/5667/3142 4340/5671/3146 4346/5672/3147 4673/5933/3398
f 4673/5933/3398 4672/6006/3439 4351/5930/83
f 4351/5930/83 4672/6006/3439 4671/5931/3396
f 4368/5681/3156 4371/5682/3157 4370/5683/3158 4674/5942/3407
f 4363/5678/3153 4362/5679/3154 4364/5680/3155 4676/5932/3397
f 4674/5942/3407 4351/5930/83 4675/6007/3440
f 4351/5930/83 4676/5932/3397 4675/6007/3440
f 4385/5689/3164 4386/5690/3165 4391/5670/3145 4677/5938/3403
f 4380/5686/3161 4379/5687/3162 4381/5688/3163 4679/5941/3406
f 4351/5930/83 4679/5941/3406 4678/6008/3441 4677/5938/3403
f 4393/5691/3166 4392/5940/3405 4680/5939/3404 4404/5692/3167
f 4682/5937/3402 4681/6009/3442 4391/5670/3145
f 4391/5670/3145 4681/6009/3442 4680/5939/3404
f 4400/5695/3170 4682/5937/3402 4683/5936/3401 4409/5696/3171
f 4398/5934/3399 4397/5693/3168 4405/5694/3169 4685/5935/3400
f 4333/5663/3138 4685/5935/3400 4684/6010/3443 4683/5936/3401
f 4413/5946/3175 4414/6011/3174 4516/6012/3444 4515/5809/3276
f 4414/6011/3174 4415/5947/3177 4517/5818/3285 4516/6012/3444
f 4419/5976/3181 4420/6013/3180 4522/6014/3445 4521/5820/3287
f 4420/6013/3180 4421/5945/3183 4523/5812/3279 4522/6014/3445
f 4425/5948/3187 4426/6015/3186 4528/6016/3446 4527/5819/3286
f 4426/6015/3186 4427/5949/3189 4529/5828/3295 4528/6016/3446
f 4431/5950/3193 4432/6017/3192 4534/6018/3447 4533/5829/3296
f 4432/6017/3192 4433/6019/3195 4535/6020/3448 4534/6018/3447
f 4439/6021/3201 4440/6022/3200 4540/6023/3449 4539/6024/3450
f 4440/6022/3200 4441/5951/3203 4541/5831/3298 4540/6023/3449
f 4445/5952/3207 4446/6025/3206 4546/6026/3451 4545/5832/3299
f 4446/6025/3206 4447/5953/3209 4547/5835/3302 4546/6026/3451
f 4451/5954/3213 4452/6027/3212 4552/6028/3452 4551/5836/3303
f 4452/6027/3212 4453/5955/3215 4553/5842/3309 4552/6028/3452
f 4457/5956/3219 4458/6029/3218 4558/6030/3453 4557/5843/3310
f 4458/6029/3218 4459/5957/3221 4559/5847/3314 4558/6030/3453
f 4463/5958/3225 4464/6031/3224 4566/6032/3454 4565/5848/3315
f 4464/6031/3224 4465/5959/3227 4567/5851/3318 4566/6032/3454
f 4469/5960/3231 4470/6033/3230 4570/6034/3455 4569/5852/3319
f 4470/6033/3230 4471/5961/3233 4571/5856/3323 4570/6034/3455
f 4475/5962/3237 4476/6035/3236 4575/6036/3456 4574/5857/3324
f 4476/6035/3236 4477/5963/3239 4576/5861/3328 4575/6036/3456
f 4481/5964/3243 4482/6037/3242 4580/6038/3457 4579/5862/3329
f 4482/6037/3242 4483/5965/3245 4581/5866/3333 4580/6038/3457
f 4487/5966/3249 4488/6039/3248 4585/6040/3458 4584/5867/3334
f 4488/6039/3248 4489/5967/3251 4586/5871/3338 4585/6040/3458
f 4493/5968/3255 4494/6041/3254 4591/6042/3459 4590/5872/3339
f 4494/6041/3254 4495/5969/3257 4592/5874/3341 4591/6042/3459
f 4499/5970/3261 4500/6043/3260 4597/6044/3460 4596/5875/3342
f 4500/6043/3260 4501/5971/3263 4598/5878/3345 4597/6044/3460
f 4505/5972/3267 4506/6045/3266 4603/6046/3461 4602/5879/3346
f 4506/6045/3266 4507/5973/3269 4604/5884/3351 4603/6046/3461
f 4511/5974/3273 4512/6047/3272 4610/6048/3462 4609/5885/3352
f 4512/6047/3272 4513/5975/3275 4611/5823/3290 4610/6048/3462
f 4688/6049/3463 4687/6050/3464 4543/5860/3327
f 4543/5860/3327 4687/6050/3464 4686/5983/3416
f 4548/5834/3301 4550/5837/3304 4555/5838/3305 4689/5982/3415
f 4542/5830/3297 4544/5833/3300 4691/5984/3417 4686/5983/3416
f 4689/5982/3415 4549/5855/3322 4690/6051/3465
f 4549/5855/3322 4691/5984/3417 4690/6051/3465
f 4599/5877/3344 4601/5880/3347 4600/5978/3411 4692/5979/3412
f 4594/5870/3337 4593/5873/3340 4595/5876/3343 4694/5981/3414
f 4692/5979/3412 4537/5827/3294 4693/6052/3466
f 4537/5827/3294 4694/5981/3414 4693/6052/3466
f 3109/4239/1888 3110/4231/1882 3103/4228/1879 4695/6053/3467
f 3103/4228/1879 3104/4227/1878 3105/4236/1884 4695/6053/3467
f 3105/4233/1884 3106/4224/1875 3107/4223/1874 4695/6054/3467
f 3107/4223/1874 3108/4226/1877 3109/4242/1888 4695/6054/3467
f 3117/4238/1885 3118/4237/1887 3111/4246/1893 4696/6055/3468
f 3111/4246/1893 3112/4245/1892 3113/4254/1898 4696/6055/3468
f 3113/4251/1898 3114/4250/1897 3115/4257/1902 4696/6056/3468
f 3115/4257/1902 3116/4235/1886 3117/4234/1885 4696/6056/3468
f 3131/4271/1916 3132/4269/1914 3125/4266/1911 4697/6057/3469
f 3125/4266/1911 3126/4241/1890 3127/4240/1889 4697/6057/3469
f 3127/4244/1889 3128/4243/1891 3129/4263/1908 4697/6058/3469
f 3129/4263/1908 3130/4265/1910 3131/4274/1916 4697/6058/3469
f 3142/4287/1930 3143/4285/1928 3136/4282/1925 4698/6059/3470
f 3136/4282/1925 3137/4273/1918 3138/4272/1917 4698/6059/3470
f 3138/4276/1917 3139/4275/1919 3140/4279/1922 4698/6060/3470
f 3140/4279/1922 3141/4281/1924 3142/4290/1930 4698/6060/3470
f 3153/4305/1944 3154/4303/1942 3147/4300/1939 4699/6061/3471
f 3147/4300/1939 3148/4289/1932 3149/4288/1931 4699/6061/3471
f 3149/4292/1931 3150/4291/1933 3151/4295/1936 4699/6062/3471
f 3151/4299/1936 3152/4298/1938 3153/4308/1944 4699/6063/3471
f 3164/4321/1958 3165/4319/1956 3158/4316/1953 4700/6064/3472
f 3158/4316/1953 3159/4307/1946 3160/4306/1945 4700/6064/3472
f 3160/4310/1945 3161/4309/1947 3162/4313/1950 4700/6065/3472
f 3162/4313/1950 3163/4315/1952 3164/4324/1958 4700/6065/3472
f 3175/4337/1972 3176/4335/1970 3169/4332/1967 4701/6066/3473
f 3169/4332/1967 3170/4323/1960 3171/4322/1959 4701/6066/3473
f 3171/4326/1959 3172/4325/1961 3173/4329/1964 4701/6067/3473
f 3173/4329/1964 3174/4331/1966 3175/4340/1972 4701/6067/3473
f 3186/4353/1986 3187/4351/1984 3180/4348/1981 4702/6068/3474
f 3180/4348/1981 3181/4339/1974 3182/4338/1973 4702/6068/3474
f 3182/4342/1973 3183/4341/1975 3184/4345/1978 4702/6069/3474
f 3184/4345/1978 3185/4347/1980 3186/4356/1986 4702/6069/3474
f 3197/4369/2000 3198/4367/1998 3191/4364/1995 4703/6070/3475
f 3191/4364/1995 3192/4355/1988 3193/4354/1987 4703/6070/3475
f 3193/4358/1987 3194/4357/1989 3195/4361/1992 4703/6071/3475
f 3195/4361/1992 3196/4363/1994 3197/4372/2000 4703/6071/3475
f 3208/4385/2014 3209/4383/2012 3202/4380/2009 4704/6072/3476
f 3202/4380/2009 3203/4371/2002 3204/4370/2001 4704/6072/3476
f 3204/4374/2001 3205/4373/2003 3206/4377/2006 4704/6073/3476
f 3206/4377/2006 3207/4379/2008 3208/4388/2014 4704/6073/3476
f 3219/4401/2028 3220/4399/2026 3213/4396/2023 4705/6074/3477
f 3213/4396/2023 3214/4387/2016 3215/4386/2015 4705/6074/3477
f 3215/4390/2015 3216/4389/2017 3217/4393/2020 4705/6075/3477
f 3217/4393/2020 3218/4395/2022 3219/4404/2028 4705/6075/3477
f 3230/4417/2042 3231/4415/2040 3224/4412/2037 4706/6076/3478
f 3224/4412/2037 3225/4403/2030 3226/4402/2029 4706/6076/3478
f 3226/4406/2029 3227/4405/2031 3228/4409/2034 4706/6077/3478
f 3228/4409/2034 3229/4411/2036 3230/4420/2042 4706/6077/3478
f 3241/4433/2056 3242/4431/2054 3235/4428/2051 4707/6078/3479
f 3235/4428/2051 3236/4419/2044 3237/4418/2043 4707/6078/3479
f 3237/4422/2043 3238/4421/2045 3239/4425/2048 4707/6079/3479
f 3239/4425/2048 3240/4427/2050 3241/4436/2056 4707/6079/3479
f 3252/4449/2070 3253/4447/2068 3246/4444/2065 4708/6080/3480
f 3246/4444/2065 3247/4435/2058 3248/4434/2057 4708/6080/3480
f 3248/4438/2057 3249/4437/2059 3250/4441/2062 4708/6081/3480
f 3250/4441/2062 3251/4443/2064 3252/4452/2070 4708/6081/3480
f 3263/4256/1899 3264/4255/1901 3257/4461/2078 4709/6082/3481
f 3257/4461/2078 3258/4451/2072 3259/4450/2071 4709/6082/3481
f 3259/4454/2071 3260/4453/2073 3261/4457/2076 4709/6083/3481
f 3261/4460/2076 3262/4253/1900 3263/4252/1899 4709/6084/3481
f 3274/4483/2098 3275/4475/2092 3268/4472/2089 4710/6085/3482
f 3268/4472/2089 3269/4471/2088 3270/4480/2094 4710/6085/3482
f 3270/4477/2094 3271/4468/2085 3272/4467/2084 4710/6086/3482
f 3272/4467/2084 3273/4470/2087 3274/4486/2098 4710/6086/3482
f 3282/4482/2095 3283/4481/2097 3276/4490/2103 4711/6087/3483
f 3276/4490/2103 3277/4489/2102 3278/4498/2108 4711/6087/3483
f 3278/4495/2108 3279/4494/2107 3280/4501/2112 4711/6088/3483
f 3280/4501/2112 3281/4479/2096 3282/4478/2095 4711/6088/3483
f 3296/4515/2126 3297/4513/2124 3290/4510/2121 4712/6089/3484
f 3290/4510/2121 3291/4485/2100 3292/4484/2099 4712/6089/3484
f 3292/4488/2099 3293/4487/2101 3294/4507/2118 4712/6090/3484
f 3294/4507/2118 3295/4509/2120 3296/4518/2126 4712/6090/3484
f 3307/4531/2140 3308/4529/2138 3301/4526/2135 4713/6091/3485
f 3301/4526/2135 3302/4517/2128 3303/4516/2127 4713/6091/3485
f 3303/4520/2127 3304/4519/2129 3305/4523/2132 4713/6092/3485
f 3305/4523/2132 3306/4525/2134 3307/4534/2140 4713/6092/3485
f 3318/4500/2109 3319/4499/2111 3312/4541/2148 4714/6093/3486
f 3312/4541/2148 3313/4533/2142 3314/4532/2141 4714/6093/3486
f 3314/4536/2141 3315/4535/2143 3316/4539/2146 4714/6094/3486
f 3316/4539/2146 3317/4497/2110 3318/4496/2109 4714/6094/3486
f 3324/4549/2156 3325/4547/2154 3320/4545/2152 4715/6095/3487
f 3320/4545/2152 3321/4230/1881 3322/4229/1880 4715/6095/3487
f 3322/4229/1880 3323/4232/1883 3324/4549/2156 4715/6095/3487
f 3330/4546/2153 3331/4548/2155 3326/4552/2159 4716/6096/3488
f 3326/4552/2159 3327/4248/1895 3328/4247/1894 4716/6096/3488
f 3328/4247/1894 3329/4249/1896 3330/4546/2153 4716/6096/3488
f 3336/4555/2162 3337/4551/2158 3332/4550/2157 4717/6097/3489
f 3332/4550/2157 3333/4268/1913 3334/4267/1912 4717/6097/3489
f 3334/4267/1912 3335/4270/1915 3336/4555/2162 4717/6097/3489
f 3342/4558/2165 3343/4557/2164 3338/4556/2163 4718/6098/3490
f 3338/4556/2163 3339/4284/1927 3340/4283/1926 4718/6098/3490
f 3340/4283/1926 3341/4286/1929 3342/4558/2165 4718/6098/3490
f 3348/4561/2168 3349/4560/2167 3344/4559/2166 4719/6099/3491
f 3344/4559/2166 3345/4302/1941 3346/4301/1940 4719/6099/3491
f 3346/4301/1940 3347/4304/1943 3348/4561/2168 4719/6099/3491
f 3354/4564/2171 3355/4563/2170 3350/4562/2169 4720/6100/3492
f 3350/4562/2169 3351/4318/1955 3352/4317/1954 4720/6100/3492
f 3352/4317/1954 3353/4320/1957 3354/4564/2171 4720/6100/3492
f 3360/4567/2174 3361/4566/2173 3356/4565/2172 4721/6101/3493
f 3356/4565/2172 3357/4334/1969 3358/4333/1968 4721/6101/3493
f 3358/4333/1968 3359/4336/1971 3360/4567/2174 4721/6101/3493
f 3366/4570/2177 3367/4569/2176 3362/4568/2175 4722/6102/3494
f 3362/4568/2175 3363/4350/1983 3364/4349/1982 4722/6102/3494
f 3364/4349/1982 3365/4352/1985 3366/4570/2177 4722/6102/3494
f 3372/4573/2180 3373/4572/2179 3368/4571/2178 4723/6103/3495
f 3368/4571/2178 3369/4366/1997 3370/4365/1996 4723/6103/3495
f 3370/4365/1996 3371/4368/1999 3372/4573/2180 4723/6103/3495
f 3378/4576/2183 3379/4575/2182 3374/4574/2181 4724/6104/3496
f 3374/4574/2181 3375/4382/2011 3376/4381/2010 4724/6104/3496
f 3376/4381/2010 3377/4384/2013 3378/4576/2183 4724/6104/3496
f 4615/5987/3420 4616/5895/3362 3380/4577/2184 4725/6105/3497
f 3380/4577/2184 3381/4398/2025 3382/4397/2024 4725/6105/3497
f 3382/4397/2024 3383/4400/2027 3384/4578/2185 4725/6105/3497
f 3384/4578/2185 4614/5889/3356 4615/5987/3420 4725/6105/3497
f 4618/5988/3421 4619/5890/3357 3385/4579/2186 4726/6106/3498
f 3385/4579/2186 3386/4414/2039 3387/4413/2038 4726/6106/3498
f 3387/4413/2038 3388/4416/2041 3389/4580/2187 4726/6106/3498
f 3389/4580/2187 4617/5888/3355 4618/5988/3421 4726/6106/3498
f 4621/5989/3422 4622/5887/3354 3390/4581/2188 4727/6107/3499
f 3390/4581/2188 3391/4430/2053 3392/4429/2052 4727/6107/3499
f 3392/4429/2052 3393/4432/2055 3394/4582/2189 4727/6107/3499
f 3394/4582/2189 4620/5886/3353 4621/5989/3422 4727/6107/3499
f 3399/4585/2192 3400/4584/2191 3395/4583/2190 4728/6108/3500
f 3395/4583/2190 3396/4446/2067 3397/4445/2066 4728/6108/3500
f 3397/4445/2066 3398/4448/2069 3399/4585/2192 4728/6108/3500
f 3405/4462/2079 3406/4464/2081 3401/4553/2160 4729/6109/3501
f 3401/4553/2160 3402/4554/2161 3403/4586/2193 4729/6109/3501
f 3403/4586/2193 3404/4463/2080 3405/4462/2079 4729/6109/3501
f 4624/5990/3423 4625/5894/3361 3415/4591/2198 4730/6110/3502
f 3415/4591/2198 3416/4492/2105 3417/4491/2104 4730/6110/3502
f 3417/4491/2104 3418/4493/2106 3419/4588/2195 4730/6110/3502
f 3419/4588/2195 4623/5896/3363 4624/5990/3423 4730/6110/3502
f 4627/5991/3424 4628/5902/3369 3420/4590/2197 4731/6111/3503
f 3420/4590/2197 3421/4512/2123 3422/4511/2122 4731/6111/3503
f 3422/4511/2122 3423/4514/2125 3424/4593/2200 4731/6111/3503
f 3424/4593/2200 4626/5899/3366 4627/5991/3424 4731/6111/3503
f 4630/5992/3425 4631/5900/3367 3425/4594/2201 4732/6112/3504
f 3425/4594/2201 3426/4528/2137 3427/4527/2136 4732/6112/3504
f 3427/4527/2136 3428/4530/2139 3429/4595/2202 4732/6112/3504
f 3429/4595/2202 4629/5891/3358 4630/5992/3425 4732/6112/3504
f 4633/5993/3426 4634/5892/3359 3430/4596/2203 4733/6113/3505
f 3430/4596/2203 3431/4543/2150 3432/4542/2149 4733/6113/3505
f 3432/4542/2149 3433/4544/2151 3434/4592/2199 4733/6113/3505
f 3434/4592/2199 4632/5893/3360 4633/5993/3426 4733/6113/3505
f 3444/4615/2220 3445/4607/2214 3438/4604/2211 4734/6114/3506
f 3438/4604/2211 3439/4603/2210 3440/4612/2216 4734/6114/3506
f 3440/4609/2216 3441/4600/2207 3442/4599/2206 4734/6115/3506
f 3442/4599/2206 3443/4602/2209 3444/4618/2220 4734/6115/3506
f 3452/4614/2217 3453/4613/2219 3446/4622/2225 4735/6116/3507
f 3446/4622/2225 3447/4621/2224 3448/4630/2230 4735/6116/3507
f 3448/4627/2230 3449/4626/2229 3450/4636/2234 4735/6117/3507
f 3450/4633/2234 3451/4611/2218 3452/4610/2217 4735/6118/3507
f 3466/4649/2248 3467/4647/2246 3460/4644/2243 4736/6119/3508
f 3460/4644/2243 3461/4617/2222 3462/4616/2221 4736/6119/3508
f 3462/4620/2221 3463/4619/2223 3464/4641/2240 4736/6120/3508
f 3464/4641/2240 3465/4643/2242 3466/4652/2248 4736/6120/3508
f 3477/4665/2262 3478/4663/2260 3471/4660/2257 4737/6121/3509
f 3471/4660/2257 3472/4651/2250 3473/4650/2249 4737/6121/3509
f 3473/4654/2249 3474/4653/2251 3475/4657/2254 4737/6122/3509
f 3475/4657/2254 3476/4659/2256 3477/4668/2262 4737/6122/3509
f 3488/4681/2276 3489/4679/2274 3482/4676/2271 4738/6123/3510
f 3482/4676/2271 3483/4667/2264 3484/4666/2263 4738/6123/3510
f 3484/4670/2263 3485/4669/2265 3486/4673/2268 4738/6124/3510
f 3486/4673/2268 3487/4675/2270 3488/4684/2276 4738/6124/3510
f 3499/4697/2290 3500/4695/2288 3493/4692/2285 4739/6125/3511
f 3493/4692/2285 3494/4683/2278 3495/4682/2277 4739/6125/3511
f 3495/4686/2277 3496/4685/2279 3497/4689/2282 4739/6126/3511
f 3497/4689/2282 3498/4691/2284 3499/4700/2290 4739/6126/3511
f 3510/4713/2304 3511/4711/2302 3504/4708/2299 4740/6127/3512
f 3504/4708/2299 3505/4699/2292 3506/4698/2291 4740/6127/3512
f 3506/4702/2291 3507/4701/2293 3508/4705/2296 4740/6128/3512
f 3508/4705/2296 3509/4707/2298 3510/4716/2304 4740/6128/3512
f 3521/4729/2318 3522/4727/2316 3515/4724/2313 4741/6129/3513
f 3515/4724/2313 3516/4715/2306 3517/4714/2305 4741/6129/3513
f 3517/4718/2305 3518/4717/2307 3519/4721/2310 4741/6130/3513
f 3519/4721/2310 3520/4723/2312 3521/4732/2318 4741/6130/3513
f 3532/4747/2332 3533/4745/2330 3526/4742/2327 4742/6131/3514
f 3526/4742/2327 3527/4731/2320 3528/4730/2319 4742/6131/3514
f 3528/4734/2319 3529/4733/2321 3530/4737/2324 4742/6132/3514
f 3530/4741/2324 3531/4740/2326 3532/4750/2332 4742/6133/3514
f 3543/4763/2346 3544/4761/2344 3537/4758/2341 4743/6134/3515
f 3537/4758/2341 3538/4749/2334 3539/4748/2333 4743/6134/3515
f 3539/4752/2333 3540/4751/2335 3541/4755/2338 4743/6135/3515
f 3541/4755/2338 3542/4757/2340 3543/4766/2346 4743/6135/3515
f 3554/4779/2360 3555/4777/2358 3548/4774/2355 4744/6136/3516
f 3548/4774/2355 3549/4765/2348 3550/4764/2347 4744/6136/3516
f 3550/4768/2347 3551/4767/2349 3552/4771/2352 4744/6137/3516
f 3552/4771/2352 3553/4773/2354 3554/4782/2360 4744/6137/3516
f 3565/4795/2374 3566/4793/2372 3559/4790/2369 4745/6138/3517
f 3559/4790/2369 3560/4781/2362 3561/4780/2361 4745/6138/3517
f 3561/4784/2361 3562/4783/2363 3563/4787/2366 4745/6139/3517
f 3563/4787/2366 3564/4789/2368 3565/4798/2374 4745/6139/3517
f 3576/4811/2388 3577/4809/2386 3570/4806/2383 4746/6140/3518
f 3570/4806/2383 3571/4797/2376 3572/4796/2375 4746/6140/3518
f 3572/4800/2375 3573/4799/2377 3574/4803/2380 4746/6141/3518
f 3574/4803/2380 3575/4805/2382 3576/4814/2388 4746/6141/3518
f 3587/4632/2231 3588/4631/2233 3581/4821/2396 4747/6142/3519
f 3581/4821/2396 3582/4813/2390 3583/4812/2389 4747/6142/3519
f 3583/4816/2389 3584/4815/2391 3585/4819/2394 4747/6143/3519
f 3585/4819/2394 3586/4629/2232 3587/4628/2231 4747/6143/3519
f 3593/4829/2404 3594/4827/2402 3589/4825/2400 4748/6144/3520
f 3589/4825/2400 3590/4606/2213 3591/4605/2212 4748/6144/3520
f 3591/4605/2212 3592/4608/2215 3593/4829/2404 4748/6144/3520
f 3599/4826/2401 3600/4828/2403 3595/4832/2407 4749/6145/3521
f 3595/4832/2407 3596/4624/2227 3597/4623/2226 4749/6145/3521
f 3597/4623/2226 3598/4625/2228 3599/4826/2401 4749/6145/3521
f 3605/4645/2244 3606/4648/2247 3601/4835/2410 4750/6146/3522
f 3601/4835/2410 3602/4831/2406 3603/4830/2405 4750/6146/3522
f 3603/4830/2405 3604/4646/2245 3605/4645/2244 4750/6146/3522
f 4636/5994/3427 4637/5910/3377 3607/4836/2411 4751/6147/3523
f 3607/4836/2411 3608/4662/2259 3609/4661/2258 4751/6147/3523
f 3609/4661/2258 3610/4664/2261 3611/4837/2412 4751/6147/3523
f 3611/4837/2412 4635/5909/3376 4636/5994/3427 4751/6147/3523
f 4639/5995/3428 4640/5908/3375 3612/4838/2413 4752/6148/3524
f 3612/4838/2413 3613/4678/2273 3614/4677/2272 4752/6148/3524
f 3614/4677/2272 3615/4680/2275 3616/4839/2414 4752/6148/3524
f 3616/4839/2414 4638/5906/3373 4639/5995/3428 4752/6148/3524
f 4642/5996/3429 4643/5907/3374 3618/4840/2415 4753/6149/3525
f 3618/4840/2415 3619/4694/2287 3620/4693/2286 4753/6149/3525
f 3620/4693/2286 3621/4696/2289 3622/4841/2416 4753/6149/3525
f 3622/4841/2416 4641/5904/3371 4642/5996/3429 4753/6149/3525
f 3628/4844/2419 3629/4843/2418 3624/4842/2417 4754/6150/3526
f 3624/4842/2417 3625/4710/2301 3626/4709/2300 4754/6150/3526
f 3626/4709/2300 3627/4712/2303 3628/4844/2419 4754/6150/3526
f 3634/4847/2422 3635/4846/2421 3630/4845/2420 4755/6151/3527
f 3630/4845/2420 3631/4726/2315 3632/4725/2314 4755/6151/3527
f 3632/4725/2314 3633/4728/2317 3634/4847/2422 4755/6151/3527
f 3640/4743/2328 3641/4746/2331 3636/4850/2425 4756/6152/3528
f 3636/4850/2425 3637/4849/2424 3638/4848/2423 4756/6152/3528
f 3638/4848/2423 3639/4744/2329 3640/4743/2328 4756/6152/3528
f 3646/4853/2428 3647/4852/2427 3642/4851/2426 4757/6153/3529
f 3642/4851/2426 3643/4760/2343 3644/4759/2342 4757/6153/3529
f 3644/4759/2342 3645/4762/2345 3646/4853/2428 4757/6153/3529
f 4645/5997/3430 4646/5903/3370 3648/4854/2429 4758/6154/3530
f 3648/4854/2429 3649/4776/2357 3650/4775/2356 4758/6154/3530
f 3650/4775/2356 3651/4778/2359 3652/4855/2430 4758/6154/3530
f 3652/4855/2430 4644/5905/3372 4645/5997/3430 4758/6154/3530
f 3657/4858/2433 3623/4857/2432 3653/4856/2431 4759/6155/3531
f 3653/4856/2431 3654/4792/2371 3655/4791/2370 4759/6155/3531
f 3655/4791/2370 3656/4794/2373 3657/4858/2433 4759/6155/3531
f 3662/4861/2436 3617/4860/2435 3658/4859/2434 4760/6156/3532
f 3658/4859/2434 3659/4808/2385 3660/4807/2384 4760/6156/3532
f 3660/4807/2384 3661/4810/2387 3662/4861/2436 4760/6156/3532
f 3667/4833/2408 3668/4834/2409 3663/4862/2437 4761/6157/3533
f 3663/4862/2437 3664/4823/2398 3665/4822/2397 4761/6157/3533
f 3665/4822/2397 3666/4824/2399 3667/4833/2408 4761/6157/3533
f 3678/4881/2454 3679/4873/2448 3672/4870/2445 4762/6158/3534
f 3672/4870/2445 3673/4869/2444 3674/4878/2450 4762/6158/3534
f 3674/4875/2450 3675/4866/2441 3676/4865/2440 4762/6159/3534
f 3676/4865/2440 3677/4868/2443 3678/4884/2454 4762/6159/3534
f 3686/4880/2451 3687/4879/2453 3680/4888/2459 4763/6160/3535
f 3680/4888/2459 3681/4887/2458 3682/4896/2464 4763/6160/3535
f 3682/4893/2464 3683/4892/2463 3684/4899/2468 4763/6161/3535
f 3684/4899/2468 3685/4877/2452 3686/4876/2451 4763/6161/3535
f 3700/4913/2482 3701/4911/2480 3694/4908/2477 4764/6162/3536
f 3694/4908/2477 3695/4883/2456 3696/4882/2455 4764/6162/3536
f 3696/4886/2455 3697/4885/2457 3698/4905/2474 4764/6163/3536
f 3698/4905/2474 3699/4907/2476 3700/4916/2482 4764/6163/3536
f 3711/4929/2496 3712/4927/2494 3705/4924/2491 4765/6164/3537
f 3705/4924/2491 3706/4915/2484 3707/4914/2483 4765/6164/3537
f 3707/4918/2483 3708/4917/2485 3709/4921/2488 4765/6165/3537
f 3709/4921/2488 3710/4923/2490 3711/4932/2496 4765/6165/3537
f 3722/4945/2510 3723/4943/2508 3716/4940/2505 4766/6166/3538
f 3716/4940/2505 3717/4931/2498 3718/4930/2497 4766/6166/3538
f 3718/4934/2497 3719/4933/2499 3720/4937/2502 4766/6167/3538
f 3720/4937/2502 3721/4939/2504 3722/4948/2510 4766/6167/3538
f 3733/4961/2524 3734/4959/2522 3727/4956/2519 4767/6168/3539
f 3727/4956/2519 3728/4947/2512 3729/4946/2511 4767/6168/3539
f 3729/4950/2511 3730/4949/2513 3731/4953/2516 4767/6169/3539
f 3731/4953/2516 3732/4955/2518 3733/4964/2524 4767/6169/3539
f 3744/4977/2538 3745/4975/2536 3738/4972/2533 4768/6170/3540
f 3738/4972/2533 3739/4963/2526 3740/4962/2525 4768/6170/3540
f 3740/4966/2525 3741/4965/2527 3742/4969/2530 4768/6171/3540
f 3742/4969/2530 3743/4971/2532 3744/4980/2538 4768/6171/3540
f 3755/4993/2552 3756/4991/2550 3749/4988/2547 4769/6172/3541
f 3749/4988/2547 3750/4979/2540 3751/4978/2539 4769/6172/3541
f 3751/4982/2539 3752/4981/2541 3753/4985/2544 4769/6173/3541
f 3753/4985/2544 3754/4987/2546 3755/4996/2552 4769/6173/3541
f 3766/5009/2566 3767/5007/2564 3760/5004/2561 4770/6174/3542
f 3760/5004/2561 3761/4995/2554 3762/4994/2553 4770/6174/3542
f 3762/4998/2553 3763/4997/2555 3764/5001/2558 4770/6175/3542
f 3764/5001/2558 3765/5003/2560 3766/5012/2566 4770/6175/3542
f 3777/5025/2580 3778/5023/2578 3771/5020/2575 4771/6176/3543
f 3771/5020/2575 3772/5011/2568 3773/5010/2567 4771/6176/3543
f 3773/5014/2567 3774/5013/2569 3775/5017/2572 4771/6177/3543
f 3775/5017/2572 3776/5019/2574 3777/5028/2580 4771/6177/3543
f 3788/5041/2594 3789/5039/2592 3782/5036/2589 4772/6178/3544
f 3782/5036/2589 3783/5027/2582 3784/5026/2581 4772/6178/3544
f 3784/5030/2581 3785/5029/2583 3786/5033/2586 4772/6179/3544
f 3786/5033/2586 3787/5035/2588 3788/5044/2594 4772/6179/3544
f 3799/5059/2608 3800/5057/2606 3793/5054/2603 4773/6180/3545
f 3793/5054/2603 3794/5043/2596 3795/5042/2595 4773/6180/3545
f 3795/5046/2595 3796/5045/2597 3797/5049/2600 4773/6181/3545
f 3797/5053/2600 3798/5052/2602 3799/5062/2608 4773/6182/3545
f 3810/5075/2622 3811/5073/2620 3804/5070/2617 4774/6183/3546
f 3804/5070/2617 3805/5061/2610 3806/5060/2609 4774/6183/3546
f 3806/5064/2609 3807/5063/2611 3808/5067/2614 4774/6184/3546
f 3808/5067/2614 3809/5069/2616 3810/5078/2622 4774/6184/3546
f 3821/5091/2636 3822/5089/2634 3815/5086/2631 4775/6185/3547
f 3815/5086/2631 3816/5077/2624 3817/5076/2623 4775/6185/3547
f 3817/5080/2623 3818/5079/2625 3819/5083/2628 4775/6186/3547
f 3819/5083/2628 3820/5085/2630 3821/5094/2636 4775/6186/3547
f 3832/5107/2650 3833/5105/2648 3826/5102/2645 4776/6187/3548
f 3826/5102/2645 3827/5093/2638 3828/5092/2637 4776/6187/3548
f 3828/5096/2637 3829/5095/2639 3830/5099/2642 4776/6188/3548
f 3830/5099/2642 3831/5101/2644 3832/5110/2650 4776/6188/3548
f 3843/5123/2664 3844/5121/2662 3837/5118/2659 4777/6189/3549
f 3837/5118/2659 3838/5109/2652 3839/5108/2651 4777/6189/3549
f 3839/5112/2651 3840/5111/2653 3841/5115/2656 4777/6190/3549
f 3841/5115/2656 3842/5117/2658 3843/5126/2664 4777/6190/3549
f 3854/5139/2678 3855/5137/2676 3848/5134/2673 4778/6191/3550
f 3848/5134/2673 3849/5125/2666 3850/5124/2665 4778/6191/3550
f 3850/5128/2665 3851/5127/2667 3852/5131/2670 4778/6192/3550
f 3852/5131/2670 3853/5133/2672 3854/5142/2678 4778/6192/3550
f 3865/5155/2692 3866/5153/2690 3859/5150/2687 4779/6193/3551
f 3859/5150/2687 3860/5141/2680 3861/5140/2679 4779/6193/3551
f 3861/5144/2679 3862/5143/2681 3863/5147/2684 4779/6194/3551
f 3863/5147/2684 3864/5149/2686 3865/5158/2692 4779/6194/3551
f 3876/4898/2465 3877/4897/2467 3870/5167/2700 4780/6195/3552
f 3870/5167/2700 3871/5157/2694 3872/5156/2693 4780/6195/3552
f 3872/5160/2693 3873/5159/2695 3874/5163/2698 4780/6196/3552
f 3874/5166/2698 3875/4895/2466 3876/4894/2465 4780/6197/3552
f 3882/4871/2446 3883/4874/2449 3878/5172/2705 4781/6198/3553
f 3878/5172/2705 3879/5171/2704 3880/5175/2708 4781/6198/3553
f 3880/5175/2708 3881/4872/2447 3882/4871/2446 4781/6198/3553
f 3888/5176/2709 3889/5177/2710 3884/5178/2711 4782/6199/3554
f 3884/5178/2711 3885/4890/2461 3886/4889/2460 4782/6199/3554
f 3886/4889/2460 3887/4891/2462 3888/5176/2709 4782/6199/3554
f 3894/5181/2714 3895/5174/2707 3890/5173/2706 4783/6200/3555
f 3890/5173/2706 3891/4910/2479 3892/4909/2478 4783/6200/3555
f 3892/4909/2478 3893/4912/2481 3894/5181/2714 4783/6200/3555
f 4648/5998/3431 4649/5917/3384 3896/5182/2715 4784/6201/3556
f 3896/5182/2715 3897/4926/2493 3898/4925/2492 4784/6201/3556
f 3898/4925/2492 3899/4928/2495 3900/5183/2716 4784/6201/3556
f 3900/5183/2716 4647/5918/3385 4648/5998/3431 4784/6201/3556
f 3908/5186/2719 3902/5185/2718 3909/5921/3388 4785/6202/3557
f 3909/5921/3388 3903/5919/3386 3904/5184/2717 4785/6202/3557
f 3904/5184/2717 3905/4942/2507 3906/4941/2506 4785/6202/3557
f 3906/4941/2506 3907/4944/2509 3908/5186/2719 4785/6202/3557
f 3914/5189/2722 3915/5188/2721 3910/5187/2720 4786/6203/3558
f 3910/5187/2720 3911/4958/2521 3912/4957/2520 4786/6203/3558
f 3912/4957/2520 3913/4960/2523 3914/5189/2722 4786/6203/3558
f 3920/4973/2534 3921/4976/2537 3916/5192/2725 4787/6204/3559
f 3916/5192/2725 3917/5191/2724 3918/5190/2723 4787/6204/3559
f 3918/5190/2723 3919/4974/2535 3920/4973/2534 4787/6204/3559
f 4651/5999/3432 4652/5922/3389 3922/5193/2726 4788/6205/3560
f 3922/5193/2726 3923/4990/2549 3924/4989/2548 4788/6205/3560
f 3924/4989/2548 3925/4992/2551 3926/5194/2727 4788/6205/3560
f 3926/5194/2727 4650/5914/3381 4651/5999/3432 4788/6205/3560
f 4654/6000/3433 4655/5915/3382 3928/5195/2728 4789/6206/3561
f 3928/5195/2728 3929/5006/2563 3930/5005/2562 4789/6206/3561
f 3930/5005/2562 3931/5008/2565 3932/5196/2729 4789/6206/3561
f 3932/5196/2729 4653/5912/3379 4654/6000/3433 4789/6206/3561
f 4657/6001/3434 4658/5913/3380 3934/5197/2730 4790/6207/3562
f 3934/5197/2730 3935/5022/2577 3936/5021/2576 4790/6207/3562
f 3936/5021/2576 3937/5024/2579 3938/5198/2731 4790/6207/3562
f 3938/5198/2731 4656/5911/3378 4657/6001/3434 4790/6207/3562
f 3944/5201/2734 3945/5200/2733 3940/5199/2732 4791/6208/3563
f 3940/5199/2732 3941/5038/2591 3942/5037/2590 4791/6208/3563
f 3942/5037/2590 3943/5040/2593 3944/5201/2734 4791/6208/3563
f 3950/5055/2604 3951/5058/2607 3946/5204/2737 4792/6209/3564
f 3946/5204/2737 3947/5203/2736 3948/5202/2735 4792/6209/3564
f 3948/5202/2735 3949/5056/2605 3950/5055/2604 4792/6209/3564
f 3956/5207/2740 3939/5206/2739 3952/5205/2738 4793/6210/3565
f 3952/5205/2738 3953/5072/2619 3954/5071/2618 4793/6210/3565
f 3954/5071/2618 3955/5074/2621 3956/5207/2740 4793/6210/3565
f 3961/5210/2743 3962/5209/2742 3957/5208/2741 4794/6211/3566
f 3957/5208/2741 3958/5088/2633 3959/5087/2632 4794/6211/3566
f 3959/5087/2632 3960/5090/2635 3961/5210/2743 4794/6211/3566
f 3967/5213/2746 3933/5212/2745 3963/5211/2744 4795/6212/3567
f 3963/5211/2744 3964/5104/2647 3965/5103/2646 4795/6212/3567
f 3965/5103/2646 3966/5106/2649 3967/5213/2746 4795/6212/3567
f 3972/5216/2749 3927/5215/2748 3968/5214/2747 4796/6213/3568
f 3968/5214/2747 3969/5120/2661 3970/5119/2660 4796/6213/3568
f 3970/5119/2660 3971/5122/2663 3972/5216/2749 4796/6213/3568
f 4660/6002/3435 4661/5916/3383 3973/5217/2750 4797/6214/3569
f 3973/5217/2750 3974/5136/2675 3975/5135/2674 4797/6214/3569
f 3975/5135/2674 3976/5138/2677 3977/5218/2751 4797/6214/3569
f 3977/5218/2751 4659/5920/3387 4660/6002/3435 4797/6214/3569
f 3982/5221/2754 3983/5220/2753 3978/5219/2752 4798/6215/3570
f 3978/5219/2752 3979/5152/2689 3980/5151/2688 4798/6215/3570
f 3980/5151/2688 3981/5154/2691 3982/5221/2754 4798/6215/3570
f 3988/5179/2712 3901/5180/2713 3984/5222/2755 4799/6216/3571
f 3984/5222/2755 3985/5169/2702 3986/5168/2701 4799/6216/3571
f 3986/5168/2701 3987/5170/2703 3988/5179/2712 4799/6216/3571
f 3998/5243/2772 3999/5235/2766 3992/5232/2763 4800/6217/3572
f 3992/5232/2763 3993/5231/2762 3994/5240/2768 4800/6217/3572
f 3994/5237/2768 3995/5226/2759 3996/5225/2758 4800/6218/3572
f 3996/5230/2758 3997/5229/2761 3998/5246/2772 4800/6219/3572
f 4006/5242/2769 4007/5241/2771 4000/5250/2777 4801/6220/3573
f 4000/5250/2777 4001/5249/2776 4002/5258/2782 4801/6220/3573
f 4002/5255/2782 4003/5254/2781 4004/5261/2786 4801/6221/3573
f 4004/5261/2786 4005/5239/2770 4006/5238/2769 4801/6221/3573
f 4020/5275/2800 4021/5273/2798 4014/5270/2795 4802/6222/3574
f 4014/5270/2795 4015/5245/2774 4016/5244/2773 4802/6222/3574
f 4016/5248/2773 4017/5247/2775 4018/5267/2792 4802/6223/3574
f 4018/5267/2792 4019/5269/2794 4020/5278/2800 4802/6223/3574
f 4031/5291/2814 4032/5289/2812 4025/5286/2809 4803/6224/3575
f 4025/5286/2809 4026/5277/2802 4027/5276/2801 4803/6224/3575
f 4027/5280/2801 4028/5279/2803 4029/5283/2806 4803/6225/3575
f 4029/5283/2806 4030/5285/2808 4031/5294/2814 4803/6225/3575
f 4042/5307/2828 4043/5305/2826 4036/5302/2823 4804/6226/3576
f 4036/5302/2823 4037/5293/2816 4038/5292/2815 4804/6226/3576
f 4038/5296/2815 4039/5295/2817 4040/5299/2820 4804/6227/3576
f 4040/5299/2820 4041/5301/2822 4042/5310/2828 4804/6227/3576
f 4053/5323/2842 4054/5321/2840 4047/5318/2837 4805/6228/3577
f 4047/5318/2837 4048/5309/2830 4049/5308/2829 4805/6228/3577
f 4049/5312/2829 4050/5311/2831 4051/5315/2834 4805/6229/3577
f 4051/5315/2834 4052/5317/2836 4053/5326/2842 4805/6229/3577
f 4064/5339/2856 4065/5337/2854 4058/5334/2851 4806/6230/3578
f 4058/5334/2851 4059/5325/2844 4060/5324/2843 4806/6230/3578
f 4060/5328/2843 4061/5327/2845 4062/5331/2848 4806/6231/3578
f 4062/5331/2848 4063/5333/2850 4064/5342/2856 4806/6231/3578
f 4075/5357/2870 4076/5355/2868 4069/5352/2865 4807/6232/3579
f 4069/5352/2865 4070/5341/2858 4071/5340/2857 4807/6232/3579
f 4071/5344/2857 4072/5343/2859 4073/5347/2862 4807/6233/3579
f 4073/5351/2862 4074/5350/2864 4075/5360/2870 4807/6234/3579
f 4086/5373/2884 4087/5371/2882 4080/5368/2879 4808/6235/3580
f 4080/5368/2879 4081/5359/2872 4082/5358/2871 4808/6235/3580
f 4082/5362/2871 4083/5361/2873 4084/5365/2876 4808/6236/3580
f 4084/5365/2876 4085/5367/2878 4086/5376/2884 4808/6236/3580
f 4097/5389/2898 4098/5387/2896 4091/5384/2893 4809/6237/3581
f 4091/5384/2893 4092/5375/2886 4093/5374/2885 4809/6237/3581
f 4093/5378/2885 4094/5377/2887 4095/5381/2890 4809/6238/3581
f 4095/5381/2890 4096/5383/2892 4097/5392/2898 4809/6238/3581
f 4108/5260/2783 4109/5259/2785 4102/5399/2906 4810/6239/3582
f 4102/5399/2906 4103/5391/2900 4104/5390/2899 4810/6239/3582
f 4104/5394/2899 4105/5393/2901 4106/5397/2904 4810/6240/3582
f 4106/5397/2904 4107/5257/2784 4108/5256/2783 4810/6240/3582
f 4114/5233/2764 4115/5236/2767 4110/5404/2911 4811/6241/3583
f 4110/5404/2911 4111/5403/2910 4112/5407/2914 4811/6241/3583
f 4112/5407/2914 4113/5234/2765 4114/5233/2764 4811/6241/3583
f 4120/5408/2915 4121/5409/2916 4116/5410/2917 4812/6242/3584
f 4116/5410/2917 4117/5252/2779 4118/5251/2778 4812/6242/3584
f 4118/5251/2778 4119/5253/2780 4120/5408/2915 4812/6242/3584
f 4126/5413/2920 4127/5406/2913 4122/5405/2912 4813/6243/3585
f 4122/5405/2912 4123/5272/2797 4124/5271/2796 4813/6243/3585
f 4124/5271/2796 4125/5274/2799 4126/5413/2920 4813/6243/3585
f 4663/6003/3436 4664/5925/3391 4128/5414/2921 4814/6244/3586
f 4128/5414/2921 4129/5288/2811 4130/5287/2810 4814/6244/3586
f 4130/5287/2810 4131/5290/2813 4132/5415/2922 4814/6244/3586
f 4132/5415/2922 4662/5927/3393 4663/6003/3436 4814/6244/3586
f 4666/6004/3437 4667/5928/3394 4134/5416/2923 4815/6245/3587
f 4134/5416/2923 4135/5304/2825 4136/5303/2824 4815/6245/3587
f 4136/5303/2824 4137/5306/2827 4138/5417/2924 4815/6245/3587
f 4138/5417/2924 4665/5929/3395 4666/6004/3437 4815/6245/3587
f 4144/5319/2838 4145/5322/2841 4140/5420/2927 4816/6246/3588
f 4140/5420/2927 4141/5419/2926 4142/5418/2925 4816/6246/3588
f 4142/5418/2925 4143/5320/2839 4144/5319/2838 4816/6246/3588
f 4150/5423/2930 4151/5422/2929 4146/5421/2928 4817/6247/3589
f 4146/5421/2928 4147/5336/2853 4148/5335/2852 4817/6247/3589
f 4148/5335/2852 4149/5338/2855 4150/5423/2930 4817/6247/3589
f 4156/5353/2866 4157/5356/2869 4152/5426/2933 4818/6248/3590
f 4152/5426/2933 4153/5425/2932 4154/5424/2931 4818/6248/3590
f 4154/5424/2931 4155/5354/2867 4156/5353/2866 4818/6248/3590
f 4162/5429/2936 4163/5428/2935 4158/5427/2934 4819/6249/3591
f 4158/5427/2934 4159/5370/2881 4160/5369/2880 4819/6249/3591
f 4160/5369/2880 4161/5372/2883 4162/5429/2936 4819/6249/3591
f 4669/6005/3438 4670/5924/3390 4164/5430/2937 4820/6250/3592
f 4164/5430/2937 4165/5386/2895 4166/5385/2894 4820/6250/3592
f 4166/5385/2894 4167/5388/2897 4168/5431/2938 4820/6250/3592
f 4168/5431/2938 4668/5926/3392 4669/6005/3438 4820/6250/3592
f 4173/5411/2918 4133/5412/2919 4169/5432/2939 4821/6251/3593
f 4169/5432/2939 4170/5401/2908 4171/5400/2907 4821/6251/3593
f 4171/5400/2907 4172/5402/2909 4173/5411/2918 4821/6251/3593
f 4183/5451/2956 4184/5443/2950 4177/5440/2947 4822/6252/3594
f 4177/5440/2947 4178/5439/2946 4179/5448/2952 4822/6252/3594
f 4179/5445/2952 4180/5436/2943 4181/5435/2942 4822/6253/3594
f 4181/5435/2942 4182/5438/2945 4183/5454/2956 4822/6253/3594
f 4191/5450/2953 4192/5449/2955 4185/5458/2961 4823/6254/3595
f 4185/5458/2961 4186/5457/2960 4187/5466/2966 4823/6254/3595
f 4187/5463/2966 4188/5462/2965 4189/5472/2970 4823/6255/3595
f 4189/5469/2970 4190/5447/2954 4191/5446/2953 4823/6256/3595
f 4205/5485/2984 4206/5483/2982 4199/5480/2979 4824/6257/3596
f 4199/5480/2979 4200/5453/2958 4201/5452/2957 4824/6257/3596
f 4201/5456/2957 4202/5455/2959 4203/5477/2976 4824/6258/3596
f 4203/5477/2976 4204/5479/2978 4205/5488/2984 4824/6258/3596
f 4216/5501/2998 4217/5499/2996 4210/5496/2993 4825/6259/3597
f 4210/5496/2993 4211/5487/2986 4212/5486/2985 4825/6259/3597
f 4212/5490/2985 4213/5489/2987 4214/5493/2990 4825/6260/3597
f 4214/5493/2990 4215/5495/2992 4216/5504/2998 4825/6260/3597
f 4227/5517/3012 4228/5515/3010 4221/5512/3007 4826/6261/3598
f 4221/5512/3007 4222/5503/3000 4223/5502/2999 4826/6261/3598
f 4223/5506/2999 4224/5505/3001 4225/5509/3004 4826/6262/3598
f 4225/5509/3004 4226/5511/3006 4227/5520/3012 4826/6262/3598
f 4238/5535/3026 4239/5533/3024 4232/5530/3021 4827/6263/3599
f 4232/5530/3021 4233/5519/3014 4234/5518/3013 4827/6263/3599
f 4234/5522/3013 4235/5521/3015 4236/5525/3018 4827/6264/3599
f 4236/5529/3018 4237/5528/3020 4238/5538/3026 4827/6265/3599
f 4249/5551/3040 4250/5549/3038 4243/5546/3035 4828/6266/3600
f 4243/5546/3035 4244/5537/3028 4245/5536/3027 4828/6266/3600
f 4245/5540/3027 4246/5539/3029 4247/5543/3032 4828/6267/3600
f 4247/5543/3032 4248/5545/3034 4249/5554/3040 4828/6267/3600
f 4260/5567/3054 4261/5565/3052 4254/5562/3049 4829/6268/3601
f 4254/5562/3049 4255/5553/3042 4256/5552/3041 4829/6268/3601
f 4256/5556/3041 4257/5555/3043 4258/5559/3046 4829/6269/3601
f 4258/5559/3046 4259/5561/3048 4260/5570/3054 4829/6269/3601
f 4271/5583/3068 4272/5581/3066 4265/5578/3063 4830/6270/3602
f 4265/5578/3063 4266/5569/3056 4267/5568/3055 4830/6270/3602
f 4267/5572/3055 4268/5571/3057 4269/5575/3060 4830/6271/3602
f 4269/5575/3060 4270/5577/3062 4271/5586/3068 4830/6271/3602
f 4282/5599/3082 4283/5597/3080 4276/5594/3077 4831/6272/3603
f 4276/5594/3077 4277/5585/3070 4278/5584/3069 4831/6272/3603
f 4278/5588/3069 4279/5587/3071 4280/5591/3074 4831/6273/3603
f 4280/5591/3074 4281/5593/3076 4282/5602/3082 4831/6273/3603
f 4293/5468/2967 4294/5467/2969 4287/5609/3090 4832/6274/3604
f 4287/5609/3090 4288/5601/3084 4289/5600/3083 4832/6274/3604
f 4289/5604/3083 4290/5603/3085 4291/5607/3088 4832/6275/3604
f 4291/5607/3088 4292/5465/2968 4293/5464/2967 4832/6275/3604
f 4304/5631/3110 4305/5623/3104 4298/5620/3101 4833/6276/3605
f 4298/5620/3101 4299/5619/3100 4300/5628/3106 4833/6276/3605
f 4300/5625/3106 4301/5616/3097 4302/5615/3096 4833/6277/3605
f 4302/5615/3096 4303/5618/3099 4304/5634/3110 4833/6277/3605
f 4312/5630/3107 4313/5629/3109 4306/5638/3115 4834/6278/3606
f 4306/5638/3115 4307/5637/3114 4308/5646/3120 4834/6278/3606
f 4308/5643/3120 4309/5642/3119 4310/5649/3124 4834/6279/3606
f 4310/5649/3124 4311/5627/3108 4312/5626/3107 4834/6279/3606
f 4326/5648/3121 4327/5647/3123 4320/5657/3132 4835/6280/3607
f 4320/5657/3132 4321/5633/3112 4322/5632/3111 4835/6280/3607
f 4322/5636/3111 4323/5635/3113 4324/5655/3130 4835/6281/3607
f 4324/5655/3130 4325/5645/3122 4326/5644/3121 4835/6281/3607
f 4332/5665/3140 4333/5663/3138 4328/5661/3136 4836/6282/3608
f 4328/5661/3136 4329/5442/2949 4330/5441/2948 4836/6282/3608
f 4330/5441/2948 4331/5444/2951 4332/5665/3140 4836/6282/3608
f 4338/5662/3137 4339/5664/3139 4334/5668/3143 4837/6283/3609
f 4334/5668/3143 4335/5460/2963 4336/5459/2962 4837/6283/3609
f 4336/5459/2962 4337/5461/2964 4338/5662/3137 4837/6283/3609
f 4344/5481/2980 4345/5484/2983 4340/5671/3146 4838/6284/3610
f 4340/5671/3146 4341/5667/3142 4342/5666/3141 4838/6284/3610
f 4342/5666/3141 4343/5482/2981 4344/5481/2980 4838/6284/3610
f 4672/6006/3439 4673/5933/3398 4346/5672/3147 4839/6285/3611
f 4346/5672/3147 4347/5498/2995 4348/5497/2994 4839/6285/3611
f 4348/5497/2994 4349/5500/2997 4350/5673/3148 4839/6285/3611
f 4350/5673/3148 4671/5931/3396 4672/6006/3439 4839/6285/3611
f 4356/5513/3008 4357/5516/3011 4352/5676/3151 4840/6286/3612
f 4352/5676/3151 4353/5675/3150 4354/5674/3149 4840/6286/3612
f 4354/5674/3149 4355/5514/3009 4356/5513/3008 4840/6286/3612
f 4362/5679/3154 4363/5678/3153 4358/5677/3152 4841/6287/3613
f 4358/5677/3152 4359/5532/3023 4360/5531/3022 4841/6287/3613
f 4360/5531/3022 4361/5534/3025 4362/5679/3154 4841/6287/3613
f 4675/6007/3440 4676/5932/3397 4364/5680/3155 4842/6288/3614
f 4364/5680/3155 4365/5548/3037 4366/5547/3036 4842/6288/3614
f 4366/5547/3036 4367/5550/3039 4368/5681/3156 4842/6288/3614
f 4368/5681/3156 4674/5942/3407 4675/6007/3440 4842/6288/3614
f 4373/5563/3050 4374/5566/3053 4369/5684/3159 4843/6289/3615
f 4369/5684/3159 4370/5683/3158 4371/5682/3157 4843/6289/3615
f 4371/5682/3157 4372/5564/3051 4373/5563/3050 4843/6289/3615
f 4379/5687/3162 4380/5686/3161 4375/5685/3160 4844/6290/3616
f 4375/5685/3160 4376/5580/3065 4377/5579/3064 4844/6290/3616
f 4377/5579/3064 4378/5582/3067 4379/5687/3162 4844/6290/3616
f 4678/6008/3441 4679/5941/3406 4381/5688/3163 4845/6291/3617
f 4381/5688/3163 4382/5596/3079 4383/5595/3078 4845/6291/3617
f 4383/5595/3078 4384/5598/3081 4385/5689/3164 4845/6291/3617
f 4385/5689/3164 4677/5938/3403 4678/6008/3441 4845/6291/3617
f 4390/5669/3144 4391/5670/3145 4386/5690/3165 4846/6292/3618
f 4386/5690/3165 4387/5611/3092 4388/5610/3091 4846/6292/3618
f 4388/5610/3091 4389/5612/3093 4390/5669/3144 4846/6292/3618
f 4399/5985/3418 4392/5940/3405 4393/5691/3166 4847/6293/3619
f 4393/5691/3166 4394/5622/3103 4395/5621/3102 4847/6293/3619
f 4395/5621/3102 4396/5624/3105 4397/5693/3168 4847/6293/3619
f 4397/5693/3168 4398/5934/3399 4399/5985/3418 4847/6293/3619
f 4681/6009/3442 4682/5937/3402 4400/5695/3170 4848/6294/3620
f 4400/5695/3170 4401/5640/3117 4402/5639/3116 4848/6294/3620
f 4402/5639/3116 4403/5641/3118 4404/5692/3167 4848/6294/3620
f 4404/5692/3167 4680/5939/3404 4681/6009/3442 4848/6294/3620
f 4684/6010/3443 4685/5935/3400 4405/5694/3169 4849/6295/3621
f 4405/5694/3169 4406/5659/3134 4407/5658/3133 4849/6295/3621
f 4407/5658/3133 4408/5660/3135 4409/5696/3171 4849/6295/3621
f 4409/5696/3171 4683/5936/3401 4684/6010/3443 4849/6295/3621
f 4518/5815/3282 4519/5813/3280 4514/5810/3277 4850/6296/3622
f 4514/5810/3277 4515/5809/3276 4516/6012/3444 4850/6296/3622
f 4516/6012/3444 4517/5818/3285 4518/5815/3282 4850/6296/3622
f 4524/5811/3278 4525/5814/3281 4520/5821/3288 4851/6297/3623
f 4520/5821/3288 4521/5820/3287 4522/6014/3445 4851/6297/3623
f 4522/6014/3445 4523/5812/3279 4524/5811/3278 4851/6297/3623
f 4530/5825/3292 4531/5817/3284 4526/5816/3283 4852/6298/3624
f 4526/5816/3283 4527/5819/3286 4528/6016/3446 4852/6298/3624
f 4528/6016/3446 4529/5828/3295 4530/5825/3292 4852/6298/3624
f 4536/6299/3625 4537/5827/3294 4532/5826/3293 4853/6300/3626
f 4532/5826/3293 4533/5829/3296 4534/6018/3447 4853/6300/3626
f 4534/6018/3447 4535/6020/3448 4536/6299/3625 4853/6300/3626
f 4687/6050/3464 4688/6049/3463 4538/6301/3627 4854/6302/3628
f 4538/6301/3627 4539/6024/3450 4540/6023/3449 4854/6302/3628
f 4540/6023/3449 4541/5831/3298 4542/5830/3297 4854/6302/3628
f 4542/5830/3297 4686/5983/3416 4687/6050/3464 4854/6302/3628
f 4690/6051/3465 4691/5984/3417 4544/5833/3300 4855/6303/3629
f 4544/5833/3300 4545/5832/3299 4546/6026/3451 4855/6303/3629
f 4546/6026/3451 4547/5835/3302 4548/5834/3301 4855/6303/3629
f 4548/5834/3301 4689/5982/3415 4690/6051/3465 4855/6303/3629
f 4554/5839/3306 4555/5838/3305 4856/6304/3630
f 4555/5838/3305 4550/5837/3304 4856/6304/3630
f 4550/5837/3304 4551/5836/3303 4552/6028/3452 4856/6304/3630
f 4552/6028/3452 4553/5842/3309 4554/5839/3306 4856/6304/3630
f 4560/5844/3311 4561/5841/3308 4556/5840/3307 4857/6305/3631
f 4556/5840/3307 4557/5843/3310 4558/6030/3453 4857/6305/3631
f 4558/6030/3453 4559/5847/3314 4560/5844/3311 4857/6305/3631
f 4566/6032/3454 4567/5851/3318 4562/5849/3316 4858/6306/3632
f 4562/5849/3316 4563/5846/3313 4564/5845/3312 4858/6306/3632
f 4564/5845/3312 4565/5848/3315 4566/6032/3454 4858/6306/3632
f 4572/5853/3320 4555/5838/3305 4568/5850/3317 4859/6307/3633
f 4568/5850/3317 4569/5852/3319 4570/6034/3455 4859/6307/3633
f 4570/6034/3455 4571/5856/3323 4572/5853/3320 4859/6307/3633
f 4577/5858/3325 4549/5855/3322 4573/5854/3321 4860/6308/3634
f 4573/5854/3321 4574/5857/3324 4575/6036/3456 4860/6308/3634
f 4575/6036/3456 4576/5861/3328 4577/5858/3325 4860/6308/3634
f 4582/5863/3330 4543/5860/3327 4578/5859/3326 4861/6309/3635
f 4578/5859/3326 4579/5862/3329 4580/6038/3457 4861/6309/3635
f 4580/6038/3457 4581/5866/3333 4582/5863/3330 4861/6309/3635
f 4587/5868/3335 4588/5865/3332 4583/5864/3331 4862/6310/3636
f 4583/5864/3331 4584/5867/3334 4585/6040/3458 4862/6310/3636
f 4585/6040/3458 4586/5871/3338 4587/5868/3335 4862/6310/3636
f 4593/5873/3340 4594/5870/3337 4589/5869/3336 4863/6311/3637
f 4589/5869/3336 4590/5872/3339 4591/6042/3459 4863/6311/3637
f 4591/6042/3459 4592/5874/3341 4593/5873/3340 4863/6311/3637
f 4693/6052/3466 4694/5981/3414 4595/5876/3343 4864/6312/3638
f 4595/5876/3343 4596/5875/3342 4597/6044/3460 4864/6312/3638
f 4597/6044/3460 4598/5878/3345 4599/5877/3344 4864/6312/3638
f 4599/5877/3344 4692/5979/3412 4693/6052/3466 4864/6312/3638
f 4607/5977/3410 4600/5978/3411 4601/5880/3347 4865/6313/3639
f 4601/5880/3347 4602/5879/3346 4603/6046/3461 4865/6313/3639
f 4603/6046/3461 4604/5884/3351 4605/5882/3349 4865/6313/3639
f 4605/5882/3349 4606/5881/3348 4607/5977/3410 4865/6313/3639
f 4612/5822/3289 4613/5824/3291 4608/5883/3350 4866/6314/3640
f 4608/5883/3350 4609/5885/3352 4610/6048/3462 4866/6314/3640
f 4610/6048/3462 4611/5823/3290 4612/5822/3289 4866/6314/3640
f 4867/5986/3419 3408/5898/3365 3409/5897/3364 3410/4587/2194
f 3414/4589/2196 4867/5986/3419 3412/4473/2090 3413/4476/2093
f 3407/5901/3368 3408/5898/3365 4867/5986/3419 3414/4589/2196
f 4339/5664/3139 4682/5937/3402 4391/5670/3145
f 4616/5895/3362 4625/5894/3361 3379/4575/2182
f 4151/5422/2929 4153/5425/2932 4139/5923/69
f 4594/5870/3337 4871/6315/3641 4688/6049/3463 4543/5860/3327
f 4870/6316/3642 4869/6317/3643 4873/6318/3644 4872/5980/3413
f 4869/6317/3643 4868/6319/3645 4871/6315/3641 4873/6318/3644
f 4868/6319/3645 4874/6320/3646 4539/6024/3450 4538/6301/3627
f 4433/6019/3195 4877/6321/3647 4876/6322/3648 4535/6020/3448
f 4874/6320/3646 4435/6323/3649 4439/6021/3201 4539/6024/3450
f 4537/5827/3294 4536/6299/3625 4870/6316/3642 4872/5980/3413
f 4536/6299/3625 4535/6020/3448 4876/6322/3648 4870/6316/3642
f 4871/6315/3641 4868/6319/3645 4538/6301/3627 4688/6049/3463
f 4594/5870/3337 4872/5980/3413 4873/6318/3644
f 4594/5870/3337 4873/6318/3644 4871/6315/3641
f 4868/6319/3645 4869/6317/3643 4875/6324/3650 4874/6320/3646
f 4869/6317/3643 4870/6316/3642 4876/6322/3648 4875/6324/3650
f 4874/6320/3646 4875/6324/3650 4878/6325/3651 4435/6323/3649
f 4875/6324/3650 4876/6322/3648 4877/6321/3652 4878/6325/3652
